,Player,Pos,Age,Tm,G,MP,PER,TS,Ar3P,FTr,ORB,DRB,TRB,AST,STL,BLK,TOV,USG,OWS,DWS,WS,WS_48,OBPM,DBPM,BPM,VORP,Season,PlayerID
0,Precious Achiuwa,PF,21,MIA,27,391,14.5,0.585,0.0,0.565,10.9,19.1,15.2,7.0,1.5,3.9,16.8,19.7,0.2,0.6,0.7,0.091,-3.3,-0.3,-3.6,-0.2,2021,achiupr01
1,Jaylen Adams,PG,24,MIL,6,17,-6.9,0.125,0.25,0.0,0.0,18.2,9.3,13.3,0.0,0.0,0.0,19.7,-0.1,0.0,-0.1,-0.262,-15.6,-5.2,-20.9,-0.1,2021,adamsja01
2,Steven Adams,C,27,NOP,25,727,15.7,0.5870000000000001,0.006999999999999999,0.4,16.9,17.8,17.4,10.7,1.5,1.9,20.3,13.0,1.1,0.5,1.6,0.105,-0.1,-1.1,-1.2,0.1,2021,adamsst01
3,Bam Adebayo,C,23,MIA,25,839,22.6,0.64,0.016,0.47600000000000003,6.8,23.8,15.7,27.5,1.5,3.0,16.3,24.5,2.2,1.3,3.4,0.195,2.8,2.0,4.8,1.4,2021,adebaba01
4,LaMarcus Aldridge,C,35,SAS,18,480,15.2,0.542,0.298,0.09300000000000001,3.2,14.0,8.4,11.4,0.7,2.8,6.4,22.3,0.2,0.5,0.7,0.075,0.3,-1.0,-0.7,0.2,2021,aldrila01
5,Ty-Shon Alexander,SG,22,PHO,3,8,-11.9,0.0,0.33299999999999996,0.0,0.0,13.4,6.9,14.8,0.0,0.0,0.0,16.8,-0.1,0.0,-0.1,-0.32,-16.4,-4.8,-21.2,0.0,2021,alexaty01
6,Nickeil Alexander-Walker,SG,22,NOP,22,438,11.8,0.49700000000000005,0.46,0.171,1.3,13.9,7.6,14.9,2.8,1.9,13.0,22.5,-0.2,0.4,0.2,0.018000000000000002,-2.8,0.0,-2.7,-0.1,2021,alexani01
7,Grayson Allen,SG,25,MEM,17,396,13.5,0.617,0.7170000000000001,0.292,1.9,12.2,6.9,11.0,2.2,0.7,12.3,16.6,0.5,0.4,0.9,0.111,-0.1,0.4,0.3,0.2,2021,allengr01
8,Jarrett Allen,C,22,TOT,28,734,22.5,0.695,0.021,0.695,12.6,25.5,19.1,9.1,0.9,5.5,14.8,17.1,2.3,0.9,3.1,0.203,2.3,0.4,2.7,0.9,2021,allenja01
9,Al-Farouq Aminu,PF,30,ORL,1,5,-9.7,0.0,0.0,0.0,0.0,21.7,10.4,24.8,0.0,0.0,53.2,16.0,0.0,0.0,0.0,-0.396,-15.3,-1.7,-17.0,0.0,2021,aminual01
10,Kyle Anderson,PF,27,MEM,22,623,16.7,0.569,0.408,0.223,3.6,21.3,12.2,19.0,1.6,2.5,11.4,19.7,0.8,0.8,1.6,0.12300000000000001,1.4,0.8,2.2,0.7,2021,anderky01
11,Giannis Antetokounmpo,PF,26,MIL,26,869,28.1,0.618,0.21600000000000003,0.534,5.9,29.8,18.1,27.1,1.6,3.5,13.8,32.8,2.6,1.4,4.1,0.225,5.1,1.8,6.9,2.0,2021,antetgi01
12,Kostas Antetokounmpo,PF,23,LAL,1,8,-9.1,0.0,0.0,0.0,0.0,54.0,27.9,0.0,0.0,21.4,50.0,21.7,-0.1,0.0,-0.1,-0.40700000000000003,-19.3,2.0,-17.3,0.0,2021,antetko01
13,Thanasis Antetokounmpo,SF,28,MIL,17,149,10.3,0.688,0.26899999999999996,0.26899999999999996,9.5,12.5,11.0,12.2,1.6,1.8,34.0,12.4,0.1,0.2,0.2,0.08,-3.3,0.1,-3.2,0.0,2021,antetth01
14,Carmelo Anthony,PF,36,POR,25,636,14.2,0.524,0.397,0.255,2.1,13.0,7.3,7.3,1.5,2.9,6.9,23.3,0.4,0.4,0.7,0.055,-0.9,-1.7,-2.6,-0.1,2021,anthoca01
15,Cole Anthony,PG,20,ORL,25,667,10.4,0.469,0.309,0.204,3.0,14.8,8.6,21.5,1.2,1.5,14.8,22.0,-0.6,0.6,0.0,-0.003,-3.0,-1.1,-4.1,-0.4,2021,anthoco01
16,OG Anunoby,SF,23,TOR,17,592,14.6,0.63,0.5479999999999999,0.266,4.9,13.9,9.2,6.6,2.8,1.5,13.2,16.4,0.7,0.7,1.4,0.114,0.2,0.8,1.0,0.5,2021,anunoog01
17,Ryan Arcidiacono,PG,26,CHI,10,100,10.8,0.537,0.682,0.22699999999999998,1.1,20.7,11.1,18.8,1.4,0.0,7.6,11.1,0.1,0.1,0.2,0.115,-2.7,0.8,-1.9,0.0,2021,arcidry01
18,D.J. Augustin,PG,33,MIL,26,465,10.9,0.521,0.637,0.281,2.3,4.7,3.5,19.1,1.3,0.2,12.2,15.6,0.6,0.3,0.8,0.087,-0.5,-1.6,-2.1,0.0,2021,augusdj01
19,Deni Avdija,SF,20,WAS,21,482,9.0,0.535,0.5660000000000001,0.147,2.5,20.1,11.0,9.3,1.5,0.7,11.0,13.2,0.1,0.4,0.5,0.046,-2.9,-0.7,-3.6,-0.2,2021,avdijde01
20,Deandre Ayton,C,22,PHO,26,832,17.6,0.609,0.055999999999999994,0.223,13.3,28.8,21.2,8.4,0.5,2.7,15.9,18.9,1.2,1.3,2.6,0.149,-0.6,-0.3,-0.8,0.2,2021,aytonde01
21,Udoka Azubuike,C,21,UTA,12,49,10.6,0.622,0.0,0.857,9.2,18.6,14.1,0.0,1.0,6.5,23.7,11.1,0.0,0.1,0.1,0.11199999999999999,-5.5,1.2,-4.3,0.0,2021,azubuud01
22,Dwayne Bacon,SG,25,ORL,28,702,10.0,0.501,0.295,0.203,1.6,11.9,6.5,6.6,1.5,0.3,6.3,19.1,0.0,0.5,0.5,0.031,-3.3,-1.2,-4.5,-0.4,2021,bacondw01
23,Marvin Bagley III,PF,21,SAC,25,623,14.0,0.53,0.26,0.268,9.0,23.4,16.2,5.3,0.9,1.6,11.0,23.1,0.0,0.2,0.3,0.02,-1.8,-2.8,-4.6,-0.4,2021,baglema01
24,LaMelo Ball,PG,19,CHO,28,776,18.2,0.542,0.414,0.198,5.8,18.2,11.9,33.8,2.7,1.3,16.5,24.8,0.8,1.0,1.8,0.113,1.8,1.0,2.8,0.9,2021,ballla01
25,Lonzo Ball,PG,23,NOP,23,709,14.1,0.5479999999999999,0.619,0.083,2.3,13.8,8.0,21.8,1.9,1.8,14.0,20.2,0.6,0.5,1.0,0.071,0.2,-0.3,-0.1,0.3,2021,balllo01
26,Mo Bamba,C,22,ORL,12,103,23.4,0.565,0.3,0.1,14.5,30.6,22.2,7.0,0.9,7.1,7.1,23.2,0.2,0.2,0.3,0.162,2.2,0.0,2.2,0.1,2021,bambamo01
27,Desmond Bane,SG,22,MEM,20,456,12.6,0.631,0.5479999999999999,0.11,2.1,10.9,6.4,9.8,1.4,0.6,12.4,17.3,0.5,0.3,0.8,0.087,-0.6,-0.9,-1.5,0.1,2021,banede01
28,Harrison Barnes,PF,28,SAC,27,948,15.7,0.615,0.392,0.389,3.3,16.2,9.7,13.2,1.1,0.4,9.9,17.3,2.0,0.0,2.0,0.102,1.6,-1.5,0.1,0.5,2021,barneha02
29,RJ Barrett,SG,20,NYK,29,985,13.1,0.503,0.23199999999999998,0.27,4.2,14.6,9.5,14.8,1.1,0.5,10.2,23.8,0.1,1.2,1.2,0.059000000000000004,-1.5,-0.7,-2.2,-0.1,2021,barrerj01
30,Will Barton,SF,30,DEN,25,744,11.6,0.54,0.396,0.17600000000000002,1.8,12.3,7.1,14.7,1.3,1.4,12.4,17.9,0.4,0.6,1.0,0.063,-0.9,-1.3,-2.2,0.0,2021,bartowi01
31,Keita Bates-Diop,SF,25,SAS,8,27,0.3,0.215,0.444,0.667,3.7,7.9,5.8,8.6,1.8,0.0,0.0,18.5,-0.1,0.0,-0.1,-0.152,-8.2,-4.4,-12.5,-0.1,2021,bateske01
32,Nicolas Batum,SF,32,LAC,27,806,14.8,0.67,0.6829999999999999,0.16399999999999998,3.5,14.8,9.3,10.3,2.3,1.1,8.8,11.8,1.8,1.0,2.7,0.163,1.5,0.5,2.0,0.8,2021,batumni01
33,Aron Baynes,C,34,TOR,24,452,8.4,0.461,0.37799999999999995,0.055999999999999994,8.7,23.8,16.0,7.5,0.7,1.8,12.0,15.7,-0.2,0.4,0.3,0.027999999999999997,-4.5,-1.5,-6.0,-0.5,2021,baynear01
34,Kent Bazemore,SF,31,GSW,26,410,13.9,0.6459999999999999,0.478,0.248,2.9,16.2,9.7,13.6,2.3,3.4,17.7,15.7,0.4,0.7,1.1,0.124,-1.4,2.1,0.8,0.3,2021,bazemke01
35,Darius Bazley,PF,20,OKC,26,804,9.3,0.489,0.451,0.184,2.0,22.9,12.6,7.9,0.7,2.1,12.9,19.5,-1.0,1.0,-0.1,-0.004,-3.4,-1.0,-4.3,-0.5,2021,bazleda01
36,Bradley Beal,SG,27,WAS,23,810,25.1,0.593,0.311,0.34600000000000003,4.0,11.8,7.7,24.1,1.8,1.3,10.1,36.4,1.9,0.5,2.4,0.14400000000000002,6.5,-1.3,5.2,1.5,2021,bealbr01
37,Malik Beasley,SG,24,MIN,27,873,17.6,0.586,0.507,0.153,3.0,14.3,8.4,13.1,1.1,0.5,7.8,25.2,1.3,0.4,1.8,0.09699999999999999,3.0,-2.0,1.1,0.7,2021,beaslma01
38,Jordan Bell,C,26,WAS,3,50,8.1,0.33299999999999996,0.133,0.0,10.1,23.9,16.7,13.3,0.9,5.2,16.7,14.9,-0.1,0.1,0.0,-0.036000000000000004,-5.1,-1.2,-6.3,-0.1,2021,belljo01
39,DeAndre' Bembry,SF,26,TOR,18,243,13.7,0.664,0.275,0.17600000000000002,3.5,10.4,6.8,17.3,2.2,2.1,16.7,11.6,0.4,0.2,0.6,0.128,-0.6,1.2,0.6,0.2,2021,bembrde01
40,Dāvis Bertāns,PF,28,WAS,22,563,9.7,0.547,0.885,0.23,1.8,11.4,6.4,5.4,1.3,0.9,5.8,16.4,0.3,0.3,0.6,0.052000000000000005,-0.9,-1.9,-2.8,-0.1,2021,bertada01
41,Patrick Beverley,PG,32,LAC,19,460,13.3,0.591,0.645,0.223,5.0,14.4,9.8,11.7,1.9,2.5,9.5,14.1,0.8,0.6,1.4,0.146,-0.3,0.5,0.2,0.3,2021,beverpa01
42,Saddiq Bey,SF,21,DET,25,497,12.8,0.591,0.6629999999999999,0.23399999999999999,2.2,18.4,9.9,6.9,1.3,0.2,8.5,18.3,0.5,0.4,0.9,0.086,0.5,-0.9,-0.4,0.2,2021,beysa01
43,Tyler Bey,SF,22,DAL,4,13,14.0,0.444,0.0,0.8,16.8,8.5,12.7,0.0,0.0,7.3,0.0,22.8,0.0,0.0,0.0,0.057,-1.1,-3.4,-4.5,0.0,2021,beyty01
44,Khem Birch,C,28,ORL,28,615,16.3,0.583,0.086,0.43200000000000005,12.3,16.4,14.3,8.0,1.6,2.8,10.3,12.8,1.2,0.7,1.9,0.145,-0.7,-0.4,-1.1,0.1,2021,birchkh01
45,Goga Bitadze,C,21,IND,13,124,18.3,0.635,0.316,0.316,8.1,17.6,12.9,3.5,1.2,9.8,8.5,16.6,0.2,0.2,0.4,0.174,-2.1,2.2,0.1,0.1,2021,bitadgo01
46,Bismack Biyombo,C,28,CHO,26,585,12.6,0.569,0.008,0.395,10.2,17.4,13.8,8.0,0.5,5.5,14.1,11.8,0.6,0.6,1.2,0.099,-2.4,-0.5,-2.9,-0.1,2021,biyombi01
47,Nemanja Bjelica,PF,32,SAC,13,211,12.7,0.5670000000000001,0.38799999999999996,0.418,6.2,19.4,12.7,18.0,0.0,0.8,16.8,19.3,0.2,0.0,0.2,0.049,-1.4,-1.9,-3.4,-0.1,2021,bjeline01
48,Eric Bledsoe,SG,31,NOP,25,733,12.5,0.5529999999999999,0.519,0.2,1.8,11.8,6.8,17.6,1.1,0.9,13.0,19.7,0.6,0.2,0.8,0.051,-0.4,-1.9,-2.3,-0.1,2021,bledser01
49,Keljin Blevins,SF,25,POR,8,38,-6.0,0.111,0.33299999999999996,0.0,0.0,0.0,0.0,12.8,2.5,0.0,25.0,13.5,-0.2,0.0,-0.2,-0.237,-12.3,-3.3,-15.6,-0.1,2021,blevike01
50,Bogdan Bogdanović,SG,28,ATL,9,213,9.9,0.5429999999999999,0.7440000000000001,0.115,1.0,16.0,8.6,13.2,0.9,0.4,11.8,18.5,0.1,0.1,0.2,0.045,-0.8,-1.3,-2.1,0.0,2021,bogdabo01
51,Bojan Bogdanović,SF,31,UTA,28,868,12.9,0.5760000000000001,0.551,0.255,1.8,11.7,7.0,10.1,0.6,0.1,9.8,20.8,1.2,0.9,2.1,0.113,-0.2,-1.1,-1.3,0.2,2021,bogdabo02
52,Bol Bol,PF,21,DEN,12,65,4.7,0.504,0.375,0.125,0.0,15.7,7.8,4.0,0.8,5.9,22.9,14.6,-0.1,0.1,-0.1,-0.038,-6.1,-1.0,-7.2,-0.1,2021,bolbo01
53,Marques Bolden,C,22,CLE,6,29,13.4,0.537,0.0,2.667,11.1,11.9,11.5,0.0,3.4,6.3,23.5,12.6,0.0,0.0,0.0,0.061,-3.4,0.6,-2.8,0.0,2021,boldema01
54,Jordan Bone,PG,23,ORL,14,196,9.0,0.519,0.593,0.0,2.0,11.1,6.4,13.3,0.5,0.0,5.3,12.4,0.2,0.1,0.2,0.057999999999999996,-2.6,-1.6,-4.2,-0.1,2021,bonejo01
55,Isaac Bonga,SF,21,WAS,17,230,5.0,0.523,0.611,0.083,3.5,14.2,8.6,5.0,0.8,1.5,15.8,8.0,0.0,0.1,0.1,0.022000000000000002,-4.6,-1.6,-6.2,-0.2,2021,bongais01
56,Devin Booker,SG,24,PHO,22,774,17.3,0.597,0.32299999999999995,0.298,0.6,11.0,5.9,20.6,1.2,0.8,14.9,30.7,0.6,0.9,1.4,0.08800000000000001,0.4,-1.0,-0.5,0.3,2021,bookede01
57,Chris Boucher,C,28,TOR,27,624,23.5,0.645,0.389,0.369,9.4,23.5,16.2,7.1,1.0,8.8,6.0,20.6,2.0,0.9,2.9,0.226,3.4,0.1,3.5,0.9,2021,bouchch01
58,Brian Bowen,SF,22,IND,1,5,17.9,0.615,0.0,0.5,0.0,21.8,11.0,0.0,0.0,0.0,0.0,21.2,0.0,0.0,0.0,0.16,0.5,-2.4,-1.8,0.0,2021,bowenbr02
59,Avery Bradley,SG,30,MIA,10,211,10.4,0.607,0.5760000000000001,0.136,1.1,8.1,4.8,10.3,1.6,0.5,11.4,16.7,0.1,0.2,0.3,0.07,-2.7,-0.6,-3.2,-0.1,2021,bradlav01
60,Tony Bradley,C,23,PHI,10,117,20.3,0.537,0.027999999999999997,0.139,20.3,26.4,23.4,7.3,1.2,4.5,2.6,14.2,0.3,0.2,0.5,0.207,1.9,-0.6,1.3,0.1,2021,bradlto01
61,Jarrell Brantley,PF,24,UTA,7,20,13.4,0.643,0.7140000000000001,0.0,5.6,15.2,10.6,0.0,2.4,4.0,12.5,17.2,0.0,0.0,0.1,0.14,-0.8,1.7,1.0,0.0,2021,brantja01
62,Ignas Brazdeikis,SF,22,NYK,4,7,11.4,0.532,0.0,2.0,15.3,14.7,15.0,17.7,0.0,0.0,34.7,18.2,0.0,0.0,0.0,0.032,-2.9,-1.9,-4.8,0.0,2021,brazdig01
63,Mikal Bridges,SF,24,PHO,26,861,16.4,0.633,0.48700000000000004,0.249,4.8,12.6,8.8,9.2,0.9,2.5,6.4,16.3,2.0,1.0,3.0,0.16899999999999998,2.1,0.5,2.7,1.0,2021,bridgmi01
64,Miles Bridges,PF,22,CHO,28,747,12.0,0.581,0.442,0.147,5.2,18.1,11.6,10.2,1.3,3.0,17.0,16.4,0.3,0.8,1.1,0.07,-1.8,-0.3,-2.1,0.0,2021,bridgmi02
65,Malcolm Brogdon,PG,28,IND,28,1004,18.1,0.541,0.36700000000000005,0.162,2.2,12.0,7.2,28.1,1.7,0.6,9.1,26.1,1.4,0.9,2.3,0.11199999999999999,2.9,-1.1,1.8,1.0,2021,brogdma01
66,Dillon Brooks,SF,25,MEM,22,641,10.4,0.47700000000000004,0.39399999999999996,0.125,4.2,8.4,6.2,13.7,2.3,1.3,11.7,27.2,-0.8,0.6,-0.2,-0.015,-3.3,-1.9,-5.2,-0.5,2021,brookdi01
67,Bruce Brown,PG,24,BRK,25,472,13.2,0.604,0.179,0.23600000000000002,8.3,17.6,13.2,6.8,1.6,1.6,13.9,14.4,0.6,0.4,1.0,0.099,-1.9,-0.7,-2.7,-0.1,2021,brownbr01
68,Jaylen Brown,SG,24,BOS,24,796,23.3,0.601,0.293,0.25,4.2,15.0,9.4,18.7,1.9,1.7,11.0,31.4,1.7,0.9,2.6,0.157,5.3,-0.3,5.0,1.4,2021,brownja02
69,Moses Brown,C,21,OKC,7,31,33.5,0.65,0.0,1.4,13.6,36.5,25.2,16.2,1.5,11.2,5.8,23.9,0.1,0.1,0.2,0.34299999999999997,5.3,3.8,9.1,0.1,2021,brownmo01
70,Sterling Brown,SG,25,HOU,25,530,13.4,0.599,0.606,0.065,4.0,15.7,9.8,11.9,2.1,1.0,9.6,14.2,0.7,0.8,1.5,0.132,-0.8,1.0,0.2,0.3,2021,brownst02
71,Troy Brown Jr.,SF,21,WAS,13,205,5.4,0.461,0.581,0.19399999999999998,3.9,19.6,11.5,8.5,0.5,0.8,15.1,16.0,-0.2,0.1,-0.1,-0.033,-4.1,-2.3,-6.3,-0.2,2021,browntr01
72,Jalen Brunson,PG,24,DAL,24,578,16.4,0.626,0.34,0.27,0.9,13.6,7.2,22.6,0.8,0.0,11.5,19.2,1.3,0.2,1.5,0.121,1.2,-1.8,-0.6,0.2,2021,brunsja01
73,Thomas Bryant,C,23,WAS,10,271,18.9,0.7040000000000001,0.231,0.264,6.7,17.2,11.8,8.8,0.7,2.6,9.8,17.2,0.7,0.2,0.9,0.158,2.1,-1.7,0.4,0.2,2021,bryanth01
74,Reggie Bullock,SF,29,NYK,24,636,9.0,0.5379999999999999,0.606,0.07400000000000001,1.2,12.5,6.9,7.1,1.3,0.8,8.1,14.7,0.2,0.8,1.0,0.073,-2.3,0.6,-1.7,0.0,2021,bullore01
75,Trey Burke,PG,28,DAL,27,466,13.7,0.5710000000000001,0.511,0.152,0.9,6.2,3.5,13.7,2.2,0.4,7.3,19.3,0.6,0.2,0.8,0.08,-0.4,0.0,-0.4,0.2,2021,burketr01
76,Alec Burks,SG,29,NYK,17,435,14.4,0.555,0.536,0.281,2.2,16.8,9.7,13.1,1.7,1.1,9.0,19.2,0.5,0.6,1.1,0.124,0.7,0.4,1.1,0.3,2021,burksal01
77,Jimmy Butler,SF,31,MIA,15,487,25.1,0.5670000000000001,0.10800000000000001,0.657,6.6,18.4,12.8,36.4,2.8,1.3,9.9,26.7,1.6,0.8,2.3,0.22899999999999998,3.7,2.6,6.3,1.0,2021,butleji01
78,Bruno Caboclo,PF,25,HOU,6,36,9.2,0.475,0.294,0.11800000000000001,8.8,32.5,20.6,4.7,0.0,4.8,18.3,25.9,-0.1,0.1,0.0,-0.054000000000000006,-8.5,-2.1,-10.6,-0.1,2021,cabocbr01
79,Devontae Cacok,PF,24,LAL,1,2,38.6,1.0,0.0,0.0,0.0,0.0,0.0,0.0,0.0,0.0,0.0,21.7,0.0,0.0,0.0,0.342,14.1,3.9,18.0,0.0,2021,cacokde01
80,Kentavious Caldwell-Pope,SG,27,LAL,24,596,10.3,0.607,0.5539999999999999,0.172,1.4,8.3,5.0,7.4,1.5,1.1,12.0,14.0,0.5,0.9,1.4,0.11,-1.3,0.1,-1.2,0.1,2021,caldwke01
81,Facundo Campazzo,PG,29,DEN,23,285,10.6,0.536,0.701,0.28600000000000003,1.6,4.8,3.2,17.5,3.3,1.0,14.8,15.5,0.2,0.3,0.5,0.087,-2.7,0.3,-2.3,0.0,2021,campafa01
82,Vlatko Čančar,PF,23,DEN,12,39,1.5,0.233,0.583,0.16699999999999998,8.7,20.3,14.5,0.0,3.8,4.9,18.9,17.7,-0.2,0.1,-0.1,-0.14300000000000002,-9.5,-1.8,-11.3,-0.1,2021,cancavl01
83,Clint Capela,C,26,ATL,24,699,22.8,0.573,0.0,0.265,17.0,34.5,25.8,5.7,1.3,6.5,10.5,19.7,1.2,1.3,2.5,0.174,1.9,0.5,2.4,0.8,2021,capelca01
84,Vernon Carey Jr.,C,19,CHO,3,6,29.9,0.387,0.33299999999999996,0.667,35.0,18.1,26.7,24.5,0.0,16.8,0.0,27.5,0.0,0.0,0.0,0.198,7.5,-0.1,7.4,0.0,2021,careyve01
85,Jevon Carter,PG,25,PHO,23,256,8.4,0.447,0.6709999999999999,0.027000000000000003,1.3,12.2,6.9,13.6,1.9,2.1,6.3,13.8,0.0,0.4,0.3,0.061,-3.5,2.1,-1.3,0.0,2021,carteje01
86,Wendell Carter Jr.,C,21,CHI,15,398,16.4,0.601,0.11599999999999999,0.512,9.7,23.9,16.9,12.5,1.2,2.0,16.4,20.1,0.6,0.4,1.0,0.122,-1.4,-0.6,-2.0,0.0,2021,cartewe01
87,Michael Carter-Williams,SG,29,ORL,9,216,8.7,0.429,0.21600000000000003,0.27,8.3,13.6,10.8,15.6,0.9,1.7,14.5,19.1,-0.2,0.2,-0.1,-0.011000000000000001,-4.7,-1.0,-5.7,-0.2,2021,cartemi01
88,Alex Caruso,PG,26,LAL,21,394,11.3,0.594,0.505,0.105,3.2,11.0,7.2,15.8,2.6,0.7,20.1,13.7,0.2,0.7,1.0,0.11599999999999999,-1.6,2.1,0.4,0.2,2021,carusal01
89,Willie Cauley-Stein,C,27,DAL,26,454,14.8,0.6459999999999999,0.051,0.444,7.9,21.2,14.5,6.2,1.0,4.0,10.6,12.8,0.9,0.4,1.3,0.13699999999999998,-1.8,0.5,-1.4,0.1,2021,caulewi01
90,Chris Chiozza,PG,25,BRK,11,100,11.4,0.424,0.425,0.275,3.6,7.4,5.6,32.0,1.9,2.5,15.1,22.8,0.0,0.1,0.0,0.013000000000000001,-2.8,-1.3,-4.1,0.0,2021,chiozch01
91,Marquese Chriss,PF,23,GSW,2,27,11.9,0.41200000000000003,0.35700000000000004,0.28600000000000003,11.9,37.8,25.1,11.0,0.0,6.5,11.3,27.8,-0.1,0.1,0.0,-0.024,-2.2,-1.0,-3.2,0.0,2021,chrisma01
92,Gary Clark,SF,26,ORL,25,525,4.8,0.41200000000000003,0.851,0.07400000000000001,5.3,12.4,8.7,5.5,0.7,0.9,13.4,9.1,-0.3,0.3,0.0,0.003,-4.6,-1.3,-6.0,-0.5,2021,clarkga01
93,Brandon Clarke,PF,24,MEM,18,503,16.5,0.5329999999999999,0.163,0.17800000000000002,6.4,16.3,11.2,9.4,2.0,2.3,4.7,19.9,0.6,0.6,1.2,0.111,-0.2,-0.2,-0.4,0.2,2021,clarkbr01
94,Jordan Clarkson,SG,28,UTA,28,727,19.5,0.598,0.578,0.11900000000000001,3.9,12.5,8.4,13.4,1.7,0.8,10.9,28.3,1.3,1.0,2.3,0.151,3.6,-0.4,3.2,1.0,2021,clarkjo01
95,Amir Coffey,SG,23,LAC,18,128,9.6,0.58,0.529,0.20600000000000002,1.8,7.7,4.9,8.3,1.5,0.0,9.7,14.2,0.1,0.1,0.2,0.071,-2.1,-1.2,-3.3,0.0,2021,coffeam01
96,John Collins,PF,23,ATL,27,856,19.1,0.63,0.268,0.21100000000000002,7.5,18.2,12.9,8.3,0.7,2.7,8.7,21.1,2.0,0.8,2.8,0.156,2.2,-0.5,1.8,0.8,2021,collijo01
97,Mike Conley,PG,33,UTA,23,674,19.9,0.593,0.536,0.223,3.8,9.2,6.6,30.3,2.3,0.2,12.6,23.3,2.0,0.9,2.9,0.205,3.7,0.4,4.1,1.0,2021,conlemi01
98,Pat Connaughton,SG,28,MIL,24,443,12.7,0.5579999999999999,0.6729999999999999,0.071,4.9,16.3,10.7,9.2,1.8,1.8,4.9,11.6,0.7,0.5,1.2,0.131,0.6,0.3,1.0,0.3,2021,connapa01
99,Quinn Cook,PG,27,LAL,15,51,12.4,0.56,0.524,0.23800000000000002,0.0,10.6,5.5,14.2,0.9,0.0,11.5,22.3,0.0,0.1,0.1,0.09,-1.9,-1.4,-3.3,0.0,2021,cookqu01
100,DeMarcus Cousins,C,30,HOU,24,470,14.6,0.499,0.54,0.28300000000000003,6.7,34.6,20.6,18.0,1.9,2.9,14.6,23.6,-0.2,1.0,0.8,0.08199999999999999,-2.0,1.8,-0.2,0.2,2021,couside01
101,Robert Covington,PF,30,POR,24,741,9.2,0.49700000000000005,0.7170000000000001,0.10400000000000001,2.5,18.8,10.3,7.2,2.6,1.8,12.6,11.9,0.0,0.7,0.7,0.043,-3.1,0.6,-2.5,-0.1,2021,covinro01
102,Torrey Craig,SF,30,MIL,14,167,12.1,0.583,0.5,0.055999999999999994,7.8,16.1,12.0,8.6,2.0,2.7,11.9,10.5,0.2,0.2,0.5,0.132,-1.0,1.2,0.1,0.1,2021,craigto01
103,Jae Crowder,PF,30,PHO,23,639,11.1,0.5379999999999999,0.7759999999999999,0.16399999999999998,1.4,18.5,10.2,10.5,1.6,0.5,8.1,16.4,0.3,0.9,1.2,0.092,-0.5,0.7,0.2,0.4,2021,crowdja01
104,Jarrett Culver,SG,21,MIN,16,339,10.7,0.518,0.27899999999999997,0.297,7.5,18.2,12.6,6.4,1.5,1.5,14.3,18.2,-0.1,0.3,0.2,0.023,-4.2,-1.6,-5.8,-0.3,2021,culveja01
105,Seth Curry,SG,30,PHI,21,600,13.6,0.6409999999999999,0.47600000000000003,0.17800000000000002,0.8,6.4,3.7,12.7,1.3,0.9,11.2,16.3,1.1,0.4,1.5,0.12,0.6,-1.2,-0.6,0.2,2021,curryse01
106,Stephen Curry,PG,32,GSW,28,944,26.1,0.669,0.568,0.265,1.4,14.7,8.2,30.9,1.6,0.2,12.5,32.3,3.1,1.1,4.2,0.215,7.7,0.0,7.7,2.3,2021,curryst01
107,Anthony Davis,PF,27,LAL,23,755,24.7,0.588,0.151,0.33899999999999997,7.2,20.9,14.2,15.5,2.0,4.6,9.3,27.8,1.6,1.7,3.3,0.212,4.3,2.1,6.4,1.6,2021,davisan02
108,Ed Davis,C,31,MIN,19,264,12.2,0.462,0.0,0.18600000000000003,14.7,25.1,19.6,9.3,1.8,3.1,11.4,8.4,0.3,0.3,0.7,0.11800000000000001,-3.8,0.4,-3.4,-0.1,2021,davised01
109,Terence Davis,SG,23,TOR,21,297,11.5,0.568,0.5760000000000001,0.08,2.2,11.6,6.7,10.4,1.9,1.0,12.8,21.3,0.0,0.2,0.3,0.044000000000000004,-1.9,-1.2,-3.1,-0.1,2021,daviste02
110,DeMar DeRozan,PF,31,SAS,25,835,21.8,0.603,0.14300000000000002,0.503,2.3,13.5,7.8,30.8,1.1,0.8,9.1,23.2,2.7,0.8,3.5,0.19899999999999998,3.9,-0.1,3.8,1.2,2021,derozde01
111,Hamidou Diallo,SG,22,OKC,26,622,16.4,0.547,0.139,0.41700000000000004,5.1,18.9,12.0,16.2,2.1,1.3,11.3,23.4,0.4,0.9,1.3,0.098,-1.6,0.7,-0.9,0.2,2021,diallha01
112,Gorgui Dieng,C,31,MEM,18,331,18.8,0.6859999999999999,0.42200000000000004,0.322,8.7,21.8,15.1,10.7,2.3,3.6,16.3,15.8,0.7,0.5,1.2,0.17600000000000002,1.2,1.0,2.2,0.3,2021,dienggo01
113,Spencer Dinwiddie,SG,27,BRK,3,64,10.1,0.536,0.43799999999999994,0.375,0.0,21.4,11.3,17.4,1.5,1.3,21.2,15.9,0.0,0.1,0.1,0.042,-3.4,2.0,-1.4,0.0,2021,dinwisp01
114,Donte DiVincenzo,SG,24,MIL,27,700,12.9,0.545,0.551,0.081,4.3,13.8,9.2,12.5,2.3,0.8,11.7,16.4,0.6,0.8,1.4,0.096,-0.2,0.0,-0.2,0.3,2021,divindo01
115,Luka Dončić,PG,21,DAL,27,954,26.8,0.586,0.34,0.392,2.7,24.2,13.4,47.5,1.4,1.8,14.5,36.0,2.6,0.8,3.4,0.17,6.8,1.0,7.8,2.4,2021,doncilu01
116,Luguentz Dort,SG,21,OKC,25,735,9.4,0.5329999999999999,0.539,0.233,2.4,9.8,6.2,7.0,1.5,0.7,11.8,19.0,-0.3,0.7,0.4,0.025,-3.3,-1.1,-4.5,-0.5,2021,dortlu01
117,Damyean Dotson,SG,26,CLE,24,490,9.9,0.504,0.532,0.15,0.9,9.4,5.0,16.0,1.1,0.6,9.8,17.9,0.0,0.2,0.2,0.02,-2.0,-1.2,-3.2,-0.2,2021,dotsoda01
118,Devon Dotson,PG,21,CHI,1,10,6.7,0.5,0.0,0.0,0.0,10.9,5.6,0.0,0.0,0.0,0.0,17.0,0.0,0.0,0.0,-0.002,-6.2,-2.3,-8.5,0.0,2021,dotsode01
119,Sekou Doumbouya,PF,20,DET,24,314,6.1,0.441,0.382,0.225,5.1,16.0,10.4,6.6,1.6,0.6,12.5,17.6,-0.4,0.3,-0.2,-0.023,-5.6,-2.0,-7.5,-0.4,2021,doumbse01
120,PJ Dozier,SG,24,DEN,17,330,13.6,0.5760000000000001,0.39399999999999996,0.266,5.5,18.5,12.0,9.4,1.3,2.9,11.0,15.5,0.4,0.4,0.8,0.111,-0.3,-0.4,-0.8,0.1,2021,doziepj01
121,Goran Dragić,PG,34,MIA,17,451,13.4,0.5660000000000001,0.4,0.24100000000000002,1.8,10.6,6.5,33.7,1.0,0.5,19.1,26.3,0.0,0.3,0.4,0.042,-1.0,-2.3,-3.3,-0.1,2021,dragigo01
122,Andre Drummond,C,27,CLE,25,722,20.9,0.5,0.021,0.33899999999999997,15.0,37.5,25.9,15.8,2.7,3.6,15.6,30.8,-0.6,1.3,0.7,0.047,-0.5,0.2,-0.3,0.3,2021,drumman01
123,Jared Dudley,PF,35,LAL,6,22,11.5,1.5,1.0,0.0,5.2,24.5,15.2,5.5,0.0,0.0,0.0,2.0,0.0,0.0,0.1,0.177,2.2,-0.5,1.7,0.0,2021,dudleja01
124,Kevin Durant,PF,32,BRK,19,679,25.0,0.652,0.315,0.40399999999999997,1.2,20.5,11.4,23.6,1.0,3.3,13.7,31.1,2.0,0.6,2.6,0.185,5.4,0.0,5.4,1.2,2021,duranke01
125,Anthony Edwards,SG,19,MIN,27,744,10.5,0.48,0.40399999999999997,0.162,2.5,11.6,6.8,12.5,1.3,0.9,9.4,25.2,-0.7,0.4,-0.3,-0.021,-2.7,-2.6,-5.3,-0.6,2021,edwaran01
126,Carsen Edwards,SG,22,BOS,13,134,12.3,0.551,0.545,0.16399999999999998,1.6,9.3,5.4,5.6,1.5,0.7,3.3,19.5,0.2,0.1,0.3,0.096,-2.8,-1.6,-4.3,-0.1,2021,edwarca01
127,CJ Elleby,SF,20,POR,11,92,13.2,0.61,0.607,0.321,4.4,9.7,7.0,4.7,1.6,3.1,8.6,16.3,0.2,0.1,0.2,0.105,-2.0,-0.2,-2.3,0.0,2021,ellebcj01
128,Wayne Ellington,SG,33,DET,20,459,13.2,0.642,0.765,0.099,1.6,8.4,4.9,7.7,0.9,0.8,7.6,17.2,0.7,0.2,0.9,0.094,2.1,-1.8,0.2,0.3,2021,ellinwa01
129,Joel Embiid,C,26,PHI,22,711,31.1,0.665,0.171,0.654,6.8,29.0,18.3,15.2,1.9,3.4,13.0,33.5,2.9,1.3,4.1,0.27899999999999997,6.6,1.4,8.0,1.8,2021,embiijo01
130,James Ennis,SF,30,ORL,20,438,12.8,0.622,0.369,0.301,5.2,12.9,8.9,8.9,2.1,1.3,14.6,13.3,0.5,0.4,1.0,0.107,-2.3,0.7,-1.6,0.0,2021,ennisja01
131,Drew Eubanks,C,23,SAS,11,139,12.4,0.5,0.0,0.43200000000000005,5.1,23.0,13.8,3.8,0.3,9.2,10.2,15.1,0.0,0.2,0.2,0.078,-3.9,1.1,-2.8,0.0,2021,eubandr01
132,Dante Exum,SG,25,CLE,6,116,6.1,0.428,0.423,0.077,1.8,14.8,8.1,15.5,1.7,1.6,20.7,12.5,-0.1,0.1,-0.1,-0.024,-4.8,1.7,-3.1,0.0,2021,exumda01
133,Tacko Fall,C,25,BOS,6,49,22.5,0.612,0.0,0.667,17.6,30.2,23.7,0.0,0.0,15.1,6.1,14.4,0.1,0.1,0.2,0.22,-0.1,1.6,1.4,0.0,2021,fallta01
134,Derrick Favors,C,29,UTA,26,430,20.3,0.672,0.01,0.431,14.1,21.4,17.9,8.3,1.4,5.2,11.0,13.6,1.4,0.9,2.3,0.253,0.3,2.0,2.3,0.5,2021,favorde01
135,Cristiano Felício,C,28,CHI,6,38,18.1,0.731,0.0,2.0,17.8,17.2,17.5,16.5,2.5,0.0,28.5,11.7,0.1,0.0,0.2,0.19399999999999998,1.8,1.8,3.6,0.1,2021,feliccr01
136,Terrance Ferguson,SG,22,PHI,7,24,-5.9,0.0,1.0,0.0,0.0,4.4,2.3,9.6,0.0,0.0,25.0,7.0,-0.1,0.0,-0.1,-0.135,-10.3,-3.0,-13.3,-0.1,2021,fergute01
137,Bruno Fernando,C,22,ATL,14,129,7.9,0.489,0.095,0.7140000000000001,10.1,32.1,21.2,9.4,0.8,1.3,30.3,13.0,-0.1,0.2,0.0,0.013000000000000001,-4.4,-0.1,-4.5,-0.1,2021,fernabr01
138,Yogi Ferrell,PG,27,CLE,2,40,12.7,0.434,0.429,0.095,8.0,11.5,9.7,20.5,3.7,2.3,12.1,26.7,-0.1,0.0,0.0,-0.027999999999999997,-1.9,0.4,-1.5,0.0,2021,ferreyo01
139,Dorian Finney-Smith,PF,27,DAL,19,583,11.0,0.595,0.693,0.086,5.2,11.9,8.6,5.4,1.6,1.3,7.6,11.8,0.7,0.3,1.0,0.085,-0.3,-0.6,-0.9,0.2,2021,finnedo01
140,Malachi Flynn,PG,22,TOR,13,106,4.5,0.35600000000000004,0.59,0.10300000000000001,1.0,8.6,4.7,20.6,1.8,0.0,8.9,18.0,-0.2,0.1,-0.1,-0.052000000000000005,-6.7,-1.5,-8.1,-0.2,2021,flynnma01
141,Bryn Forbes,SG,27,MIL,27,489,11.8,0.627,0.595,0.087,1.1,5.3,3.2,3.5,0.6,0.0,8.6,19.0,0.6,0.2,0.8,0.075,-0.1,-2.8,-2.8,-0.1,2021,forbebr01
142,Trent Forrest,PG,22,UTA,3,10,14.9,0.532,1.0,2.0,0.0,0.0,0.0,11.7,9.8,0.0,0.0,8.1,0.0,0.0,0.1,0.242,-5.9,9.0,3.0,0.0,2021,forretr01
143,Evan Fournier,SF,28,ORL,14,398,17.7,0.59,0.494,0.42100000000000004,1.0,8.5,4.6,21.1,1.7,1.4,12.1,25.7,0.6,0.3,0.9,0.114,1.5,-1.0,0.5,0.2,2021,fournev01
144,De'Aaron Fox,PG,23,SAC,26,860,20.0,0.564,0.304,0.37200000000000005,2.3,8.7,5.5,33.0,1.8,1.3,13.1,30.6,1.4,0.1,1.5,0.08199999999999999,2.8,-1.6,1.2,0.7,2021,foxde01
145,Tim Frazier,PG,30,MEM,3,33,0.3,0.25,0.25,0.0,0.0,13.6,6.6,25.8,1.5,0.0,27.3,14.2,-0.1,0.0,-0.1,-0.114,-10.9,-2.6,-13.6,-0.1,2021,fraziti01
146,Markelle Fultz,PG,22,ORL,8,215,12.2,0.45799999999999996,0.154,0.183,2.3,10.1,6.0,32.5,1.8,0.8,13.8,25.8,-0.2,0.2,0.0,-0.005,-2.9,-1.7,-4.6,-0.1,2021,fultzma01
147,Wenyen Gabriel,PF,23,NOP,3,10,-1.4,0.0,0.33299999999999996,0.0,11.0,33.3,22.1,11.6,0.0,0.0,0.0,12.8,0.0,0.0,0.0,-0.18100000000000002,-7.1,-5.6,-12.7,0.0,2021,gabriwe01
148,Daniel Gafford,PF,22,CHI,23,330,17.7,0.6890000000000001,0.0,0.507,11.3,14.2,12.8,6.7,1.6,7.8,16.8,13.8,0.7,0.5,1.2,0.171,-1.4,1.6,0.2,0.2,2021,gaffoda01
149,Danilo Gallinari,PF,32,ATL,15,290,13.9,0.621,0.583,0.47200000000000003,1.1,15.0,8.1,8.9,0.5,0.6,11.5,21.6,0.5,0.2,0.7,0.11,0.4,-1.8,-1.3,0.0,2021,gallida01
150,Langston Galloway,SG,29,PHO,22,245,13.2,0.65,0.575,0.21899999999999997,1.8,8.8,5.4,8.7,0.8,0.0,8.0,15.9,0.5,0.2,0.7,0.135,0.8,-0.7,0.0,0.1,2021,gallola01
151,Darius Garland,PG,21,CLE,21,679,13.0,0.5329999999999999,0.28800000000000003,0.10400000000000001,1.6,6.3,3.8,27.0,1.4,0.4,14.3,23.1,0.2,0.2,0.4,0.027999999999999997,-0.2,-1.7,-2.0,0.0,2021,garlada01
152,Marc Gasol,C,36,LAL,28,550,10.0,0.534,0.57,0.26899999999999996,4.6,18.7,11.9,11.8,1.1,5.3,18.8,10.1,0.3,1.1,1.4,0.121,-2.6,2.5,0.0,0.3,2021,gasolma01
153,Rudy Gay,PF,34,SAS,26,572,13.9,0.524,0.434,0.16699999999999998,4.2,20.6,12.2,10.1,1.5,1.9,9.8,23.0,-0.1,0.8,0.7,0.057999999999999996,-0.6,-0.7,-1.3,0.1,2021,gayru01
154,Paul George,SF,30,LAC,20,680,23.2,0.662,0.474,0.254,2.2,18.0,10.3,25.6,1.7,1.2,16.4,28.6,1.8,0.8,2.6,0.18600000000000003,5.7,-0.4,5.4,1.3,2021,georgpa01
155,Taj Gibson,PF,35,NYK,7,93,10.1,0.56,0.235,0.353,9.2,12.2,10.7,6.0,0.0,2.1,4.8,9.8,0.1,0.1,0.2,0.121,-2.8,-0.4,-3.2,0.0,2021,gibsota01
156,Harry Giles,C,22,POR,22,260,11.3,0.486,0.129,0.29,9.8,35.7,22.1,10.3,0.9,3.2,18.6,14.1,0.0,0.3,0.3,0.061,-4.3,-0.5,-4.7,-0.2,2021,gilesha01
157,Shai Gilgeous-Alexander,SG,22,OKC,21,709,21.6,0.611,0.309,0.397,2.1,14.8,8.5,32.9,1.2,1.7,13.8,27.4,1.5,0.8,2.3,0.156,3.5,0.1,3.6,1.0,2021,gilgesh01
158,Anthony Gill,PF,28,WAS,10,65,7.9,0.425,0.7,0.4,4.6,26.8,15.3,5.7,2.1,2.7,20.3,9.4,-0.1,0.1,0.0,0.021,-4.2,-0.1,-4.3,0.0,2021,gillan01
159,Rudy Gobert,C,28,UTA,28,846,22.6,0.639,0.004,0.677,12.9,32.6,23.3,6.3,0.6,7.3,13.4,17.9,2.0,2.0,4.0,0.226,1.3,1.9,3.2,1.1,2021,goberru01
160,Brandon Goodwin,PG,25,ATL,22,280,8.1,0.431,0.51,0.235,1.2,9.1,5.2,22.0,1.7,0.0,9.6,18.9,-0.1,0.2,0.0,0.006,-3.2,-0.1,-3.4,-0.1,2021,goodwbr01
161,Aaron Gordon,PF,25,ORL,19,552,14.9,0.528,0.39399999999999996,0.376,6.0,20.4,12.9,22.6,1.2,2.6,17.6,23.2,-0.1,0.6,0.5,0.046,0.5,0.1,0.6,0.4,2021,gordoaa01
162,Eric Gordon,SG,32,HOU,21,613,17.2,0.614,0.574,0.319,1.2,7.3,4.2,14.6,0.9,1.5,10.8,25.1,1.0,0.6,1.5,0.12,2.2,-0.8,1.4,0.5,2021,gordoer01
163,Devonte' Graham,PG,25,CHO,25,821,12.2,0.503,0.652,0.22899999999999998,1.8,8.1,4.9,24.2,1.5,0.0,9.3,19.5,0.8,0.5,1.2,0.071,-0.5,-1.4,-1.9,0.0,2021,grahade01
164,Jerami Grant,SF,26,DET,27,979,18.3,0.57,0.373,0.342,2.5,14.6,8.3,14.6,1.1,3.1,7.6,26.0,1.7,0.8,2.5,0.12300000000000001,2.9,-0.6,2.3,1.0,2021,grantje01
165,Danny Green,SF,33,PHI,28,788,9.7,0.5379999999999999,0.75,0.065,3.9,10.3,7.2,8.4,1.9,2.1,14.3,13.9,0.1,0.9,1.0,0.059000000000000004,-1.2,0.0,-1.2,0.1,2021,greenda02
166,Draymond Green,PF,30,GSW,24,695,10.2,0.431,0.331,0.262,2.2,17.8,10.1,36.1,2.1,1.9,30.3,12.7,-0.1,1.1,0.9,0.065,-3.3,2.3,-1.1,0.2,2021,greendr01
167,JaMychal Green,PF,30,DEN,22,452,15.2,0.5920000000000001,0.542,0.185,8.8,24.8,16.8,6.5,1.5,0.6,11.7,19.8,0.6,0.5,1.2,0.122,0.8,-2.1,-1.3,0.1,2021,greenja01
168,Javonte Green,SG,27,BOS,16,238,13.1,0.5770000000000001,0.35200000000000004,0.46299999999999997,7.2,11.9,9.5,4.6,2.9,0.8,11.0,13.1,0.3,0.3,0.6,0.113,-1.1,0.9,-0.2,0.1,2021,greenja02
169,Jeff Green,PF,34,BRK,29,755,11.7,0.6509999999999999,0.552,0.21899999999999997,2.0,12.7,7.7,6.9,1.3,0.8,10.2,13.4,1.1,0.4,1.5,0.096,-0.6,-0.9,-1.4,0.1,2021,greenje02
170,Josh Green,SG,20,DAL,17,212,6.4,0.514,0.33299999999999996,0.306,6.2,14.1,10.1,6.2,0.9,0.4,21.2,10.7,-0.1,0.1,0.0,0.005,-4.6,-0.6,-5.2,-0.2,2021,greenjo02
171,Blake Griffin,PF,31,DET,20,626,10.0,0.491,0.5589999999999999,0.27899999999999997,1.2,18.1,9.3,18.7,1.1,0.3,11.4,19.4,-0.1,0.4,0.3,0.026000000000000002,-1.5,-1.1,-2.6,-0.1,2021,griffbl01
172,Kyle Guy,PG,23,SAC,10,79,11.8,0.408,0.5,0.25,4.1,12.6,8.3,21.5,2.4,0.0,2.7,19.7,0.0,0.0,0.0,0.028999999999999998,-2.1,-0.8,-3.0,0.0,2021,guyky01
173,Rui Hachimura,PF,22,WAS,18,526,12.7,0.5479999999999999,0.249,0.384,4.2,15.9,9.8,9.6,1.0,0.3,8.1,18.5,0.5,0.3,0.8,0.069,-1.1,-2.1,-3.2,-0.2,2021,hachiru01
174,Ashton Hagans,PG,21,MIN,2,4,-12.5,0.0,0.0,0.0,0.0,0.0,0.0,0.0,0.0,0.0,100.0,10.5,0.0,0.0,0.0,-0.35100000000000003,-13.8,-7.9,-21.7,0.0,2021,haganas01
175,Tyrese Haliburton,PG,20,SAC,25,734,17.5,0.629,0.5479999999999999,0.071,3.7,9.6,6.6,24.9,2.0,1.7,14.3,16.7,1.6,0.1,1.7,0.114,2.9,-0.7,2.3,0.8,2021,halibty01
176,Josh Hall,SF,20,OKC,7,51,-2.3,0.285,0.444,0.389,2.1,16.1,9.2,18.4,0.0,0.0,15.9,21.2,-0.2,0.0,-0.2,-0.19399999999999998,-10.6,-3.7,-14.4,-0.2,2021,halljo01
177,R.J. Hampton,PG,19,DEN,19,148,8.3,0.48,0.33299999999999996,0.154,6.1,21.4,13.7,8.8,1.7,1.3,19.4,15.2,-0.1,0.2,0.0,0.016,-4.4,-0.2,-4.7,-0.1,2021,hamptrj01
178,Tim Hardaway Jr.,SG,28,DAL,27,825,14.2,0.579,0.586,0.18100000000000002,0.8,10.7,5.7,8.0,1.1,0.5,6.0,22.0,0.9,0.2,1.2,0.067,1.1,-2.0,-0.9,0.2,2021,hardati02
179,James Harden,SG,31,TOT,23,867,23.5,0.6409999999999999,0.5,0.447,2.4,18.3,10.7,44.4,1.3,1.7,19.1,26.2,2.9,0.9,3.8,0.21100000000000002,5.7,-0.2,5.5,1.6,2021,hardeja01
180,Maurice Harkless,SF,27,MIA,10,109,4.6,0.551,0.8,0.2,1.1,7.8,4.6,8.5,0.9,2.8,15.5,5.3,0.0,0.1,0.1,0.051,-3.1,0.6,-2.5,0.0,2021,harklma01
181,Jared Harper,PG,23,NYK,2,5,-11.9,0.532,0.0,2.0,0.0,0.0,0.0,0.0,0.0,0.0,51.5,34.3,-0.1,0.0,0.0,-0.46799999999999997,-15.0,-8.5,-23.5,0.0,2021,harpeja01
182,Montrezl Harrell,C,27,LAL,28,695,20.8,0.67,0.017,0.41200000000000003,10.4,17.7,14.2,6.4,1.3,2.5,11.0,19.3,1.9,1.3,3.2,0.221,1.6,0.4,2.0,0.7,2021,harremo01
183,Gary Harris,SG,26,DEN,18,553,10.1,0.5539999999999999,0.47700000000000004,0.19899999999999998,2.5,6.7,4.6,7.4,1.5,0.7,6.8,13.8,0.5,0.3,0.9,0.075,-1.8,-1.2,-3.0,-0.1,2021,harriga01
184,Jalen Harris,SG,22,TOR,2,4,-10.5,0.0,0.0,0.0,26.7,0.0,13.8,0.0,0.0,0.0,100.0,10.7,0.0,0.0,0.0,-0.203,-16.5,-4.8,-21.2,0.0,2021,harrija01
185,Joe Harris,SF,29,BRK,29,897,14.6,0.6829999999999999,0.628,0.07,2.4,9.7,6.3,8.5,0.8,0.6,6.9,16.0,2.0,0.3,2.3,0.124,2.1,-1.6,0.5,0.6,2021,harrijo01
186,Tobias Harris,PF,28,PHI,25,859,19.4,0.617,0.27699999999999997,0.214,4.2,19.1,11.9,14.0,1.1,2.1,11.2,23.2,1.8,1.0,2.8,0.154,2.8,-0.2,2.6,1.0,2021,harrito02
187,Shaquille Harrison,SG,27,UTA,15,53,6.6,0.39299999999999996,0.053,0.316,6.4,11.4,9.0,17.9,1.8,0.0,18.8,21.6,-0.1,0.1,0.0,-0.032,-6.8,-1.4,-8.3,-0.1,2021,harrish01
188,Josh Hart,SF,25,NOP,26,723,12.4,0.573,0.588,0.259,4.1,25.6,14.8,10.4,1.5,0.6,9.6,12.4,0.9,0.6,1.5,0.1,-0.9,0.3,-0.6,0.3,2021,hartjo01
189,Isaiah Hartenstein,C,22,DEN,16,137,17.5,0.53,0.0,0.5529999999999999,20.6,19.8,20.2,9.2,2.2,8.4,19.3,23.0,0.1,0.3,0.3,0.115,-4.6,-0.5,-5.1,-0.1,2021,harteis01
190,Jaxson Hayes,C,20,NOP,19,232,14.8,0.655,0.0,0.462,10.9,21.5,16.2,5.4,1.3,3.2,17.2,13.9,0.4,0.2,0.6,0.11699999999999999,-2.3,0.1,-2.3,0.0,2021,hayesja02
191,Killian Hayes,PG,19,DET,7,148,-1.4,0.33399999999999996,0.426,0.043,0.7,5.5,3.0,24.2,0.7,0.0,26.2,18.9,-0.6,0.0,-0.5,-0.17600000000000002,-9.3,-4.2,-13.6,-0.4,2021,hayeski01
192,Gordon Hayward,SF,30,CHO,26,922,18.7,0.598,0.313,0.273,2.7,13.9,8.2,17.5,1.5,1.2,10.2,24.9,1.7,0.8,2.5,0.132,2.6,-0.8,1.8,0.9,2021,haywago01
193,Juan Hernangómez,PF,25,MIN,13,242,10.6,0.511,0.5870000000000001,0.187,5.5,24.1,14.3,4.0,1.0,0.7,6.9,15.2,0.1,0.2,0.2,0.048,-2.2,-2.3,-4.5,-0.2,2021,hernaju01
194,Willy Hernangómez,C,26,NOP,11,174,19.3,0.569,0.085,0.40399999999999997,13.3,24.2,18.7,11.2,1.4,3.0,5.1,14.3,0.5,0.2,0.6,0.16899999999999998,1.6,-1.0,0.6,0.1,2021,hernawi01
195,Tyler Herro,SG,21,MIA,19,648,12.4,0.545,0.414,0.168,1.7,16.8,9.6,19.2,0.7,1.1,14.3,24.1,-0.3,0.6,0.3,0.025,-1.0,-1.5,-2.5,-0.1,2021,herroty01
196,Buddy Hield,SG,28,SAC,27,940,10.7,0.54,0.736,0.12300000000000001,1.2,14.1,7.6,11.9,1.2,0.8,11.6,20.7,0.1,0.1,0.2,0.009000000000000001,-0.7,-2.0,-2.8,-0.2,2021,hieldbu01
197,George Hill,PG,34,OKC,14,369,16.0,0.63,0.475,0.20800000000000002,2.3,5.9,4.1,17.7,1.5,0.5,8.4,16.7,0.8,0.3,1.1,0.141,0.9,-0.5,0.4,0.2,2021,hillge01
198,Solomon Hill,PF,29,ATL,27,514,6.4,0.494,0.754,0.085,2.3,10.9,6.7,6.1,1.6,1.0,10.9,11.4,-0.1,0.4,0.3,0.027000000000000003,-3.0,0.1,-2.9,-0.1,2021,hillso01
199,Nate Hinton,SG,21,DAL,6,19,-6.5,0.28800000000000003,0.385,0.154,0.0,0.0,0.0,0.0,2.6,5.0,12.6,36.6,-0.2,0.0,-0.2,-0.441,-12.2,-5.6,-17.8,-0.1,2021,hintona01
200,Aaron Holiday,PG,24,IND,28,549,6.6,0.452,0.429,0.11900000000000001,1.2,6.0,3.6,12.7,1.2,0.6,9.1,19.2,-0.6,0.3,-0.2,-0.02,-4.3,-1.9,-6.2,-0.6,2021,holidaa01
201,Jrue Holiday,PG,30,MIL,23,747,20.0,0.593,0.371,0.14400000000000002,4.2,11.2,7.8,22.4,2.8,1.7,10.2,19.8,1.9,1.0,2.8,0.182,2.7,1.1,3.8,1.1,2021,holidjr01
202,Justin Holiday,SG,31,IND,28,898,12.4,0.629,0.6779999999999999,0.16699999999999998,2.4,11.5,7.0,6.7,1.8,1.0,6.9,13.3,1.3,0.9,2.1,0.114,0.4,0.2,0.6,0.6,2021,holidju01
203,Richaun Holmes,C,27,SAC,25,739,18.2,0.677,0.024,0.276,9.1,19.6,14.3,8.8,1.1,4.7,13.9,15.8,1.7,0.4,2.1,0.136,-0.6,-0.1,-0.7,0.2,2021,holmeri01
204,Rodney Hood,SF,28,POR,22,417,5.2,0.428,0.36,0.04,1.0,9.1,4.9,9.1,1.7,0.4,11.8,14.8,-0.5,0.1,-0.4,-0.040999999999999995,-6.1,-1.5,-7.6,-0.6,2021,hoodro01
205,Al Horford,C,34,OKC,18,507,18.3,0.5489999999999999,0.428,0.068,3.3,22.3,12.9,21.3,1.7,2.8,8.3,22.6,0.5,0.8,1.2,0.11699999999999999,2.3,1.6,3.8,0.7,2021,horfoal01
206,Talen Horton-Tucker,SG,20,LAL,24,408,12.1,0.527,0.284,0.18899999999999997,2.5,13.5,8.2,15.3,2.5,2.5,16.2,20.3,-0.1,0.8,0.7,0.081,-3.1,1.8,-1.3,0.1,2021,hortota01
207,Danuel House,SF,27,HOU,16,453,8.7,0.48200000000000004,0.6,0.222,1.9,12.2,7.0,10.9,1.4,1.7,9.2,15.4,-0.1,0.5,0.4,0.045,-3.2,-0.1,-3.3,-0.1,2021,houseda01
208,Dwight Howard,C,35,PHI,28,471,14.5,0.58,0.07400000000000001,0.759,18.2,31.8,25.2,5.5,1.2,4.7,25.8,17.4,0.1,0.9,1.0,0.098,-4.0,-0.5,-4.5,-0.3,2021,howardw01
209,Markus Howard,SG,21,DEN,13,38,-5.9,0.3,0.72,0.0,0.0,11.9,6.0,14.6,0.0,0.0,10.7,32.0,-0.2,0.0,-0.2,-0.295,-13.6,-7.8,-21.3,-0.2,2021,howarma02
210,Kevin Huerter,SG,22,ATL,27,855,12.1,0.54,0.536,0.08199999999999999,2.5,9.9,6.3,18.3,1.8,0.5,10.3,16.8,0.8,0.6,1.4,0.077,-0.3,0.1,-0.1,0.4,2021,huertke01
211,Elijah Hughes,SF,22,UTA,6,27,9.8,0.47700000000000004,0.667,0.267,0.0,15.0,7.9,16.7,1.8,3.0,19.3,33.1,-0.1,0.0,0.0,-0.062,-3.2,-1.3,-4.5,0.0,2021,hugheel01
212,De'Andre Hunter,SF,23,ATL,18,579,17.5,0.64,0.39,0.348,3.0,14.9,9.0,11.0,1.4,1.3,9.4,19.6,1.3,0.5,1.8,0.151,2.2,0.3,2.5,0.7,2021,huntede01
213,Chandler Hutchison,SF,24,CHI,7,64,0.5,0.344,0.16699999999999998,0.111,1.8,32.4,17.4,7.8,0.7,0.0,20.9,15.8,-0.2,0.1,-0.1,-0.105,-9.4,-1.5,-10.9,-0.1,2021,hutchch01
214,Serge Ibaka,C,31,LAC,28,681,18.5,0.597,0.28300000000000003,0.171,9.2,21.8,15.7,10.8,0.5,4.7,12.0,20.5,1.2,0.8,2.1,0.147,1.0,-0.8,0.3,0.4,2021,ibakase01
215,Andre Iguodala,SF,37,MIA,25,532,8.8,0.48200000000000004,0.7859999999999999,0.107,2.7,16.0,9.7,15.7,2.5,2.3,19.4,11.2,-0.2,0.8,0.6,0.052000000000000005,-2.6,2.3,-0.3,0.2,2021,iguodan01
216,Joe Ingles,SF,33,UTA,24,641,16.4,0.685,0.679,0.174,1.9,11.5,7.0,25.0,0.7,0.6,16.0,16.3,1.9,0.7,2.6,0.192,3.2,0.6,3.8,0.9,2021,inglejo01
217,Brandon Ingram,SF,23,NOP,26,910,20.7,0.59,0.363,0.307,1.9,15.2,8.6,21.4,0.9,2.9,10.3,27.7,2.2,0.4,2.6,0.13699999999999998,4.6,-1.2,3.4,1.2,2021,ingrabr01
218,Kyrie Irving,PG,28,BRK,20,707,25.3,0.647,0.34600000000000003,0.213,3.0,11.0,7.3,26.7,1.4,1.7,9.9,29.5,2.6,0.4,3.0,0.205,6.1,-0.8,5.3,1.3,2021,irvinky01
219,Wesley Iwundu,SF,26,DAL,17,232,3.6,0.36700000000000005,0.5,0.217,2.4,13.3,7.8,4.4,1.5,0.8,7.4,10.3,-0.3,0.1,-0.1,-0.027999999999999997,-6.2,-0.2,-6.4,-0.3,2021,iwundwe01
220,Frank Jackson,PG,22,DET,7,39,1.5,0.344,0.625,0.0,0.0,15.0,7.2,30.0,1.3,0.0,20.0,22.1,-0.1,0.0,-0.1,-0.14300000000000002,-7.0,-2.2,-9.2,-0.1,2021,jacksfr01
221,Josh Jackson,SG,23,DET,25,600,12.5,0.536,0.434,0.321,3.1,15.4,9.0,13.7,1.9,3.5,16.3,26.0,-0.5,0.7,0.1,0.009000000000000001,-1.9,-0.3,-2.2,0.0,2021,jacksjo02
222,Justin Jackson,SF,25,OKC,16,298,12.7,0.569,0.491,0.14800000000000002,2.5,11.7,7.2,14.9,1.1,0.0,10.2,18.6,0.2,0.3,0.5,0.078,-1.0,-0.4,-1.3,0.0,2021,jacksju01
223,Reggie Jackson,SG,30,LAC,26,531,13.3,0.535,0.465,0.182,1.7,12.4,7.2,21.6,1.6,0.5,10.2,18.7,0.7,0.5,1.2,0.106,-0.9,-0.8,-1.7,0.0,2021,jacksre01
224,Justin James,SF,24,SAC,8,50,6.6,0.36,0.267,0.467,4.3,11.1,7.7,7.9,1.0,1.7,0.0,15.4,-0.1,0.0,-0.1,-0.063,-4.3,-3.6,-7.9,-0.1,2021,jamesju01
225,LeBron James,PG,36,LAL,28,968,24.1,0.597,0.361,0.32299999999999995,2.0,23.1,12.9,38.5,1.5,1.2,14.7,31.4,2.2,1.8,4.0,0.19899999999999998,5.9,1.3,7.3,2.3,2021,jamesle01
226,DaQuan Jeffries,SG,23,SAC,3,41,3.5,0.25,0.5,0.0,5.3,10.8,8.0,6.1,3.5,4.1,14.3,14.6,-0.1,0.0,-0.1,-0.124,-7.7,-1.1,-8.9,-0.1,2021,jeffrda01
227,Isaiah Joe,SG,21,PHI,15,200,10.8,0.573,0.785,0.077,2.3,8.0,5.2,9.5,0.9,1.8,6.9,15.3,0.3,0.2,0.4,0.099,-1.1,-0.6,-1.7,0.0,2021,joeis01
228,Cameron Johnson,PF,24,PHO,26,668,13.2,0.585,0.69,0.127,2.9,12.4,7.7,8.4,1.3,1.1,7.6,17.5,0.7,0.8,1.5,0.109,1.2,-0.3,0.8,0.5,2021,johnsca02
229,James Johnson,PF,33,DAL,23,424,12.3,0.55,0.40700000000000003,0.195,2.8,15.6,9.2,12.4,2.3,4.3,15.8,16.4,0.0,0.5,0.5,0.052000000000000005,-2.0,1.9,-0.1,0.2,2021,johnsja01
230,Keldon Johnson,SF,21,SAS,27,812,15.3,0.556,0.26,0.321,5.8,18.5,12.0,10.9,1.2,1.5,10.2,20.7,0.7,1.0,1.7,0.10099999999999999,-0.3,-0.7,-1.0,0.2,2021,johnske04
231,Stanley Johnson,PF,24,TOR,25,368,9.7,0.5579999999999999,0.597,0.226,4.1,15.2,9.5,12.7,2.7,2.2,20.9,10.0,0.2,0.5,0.6,0.083,-2.5,2.0,-0.5,0.1,2021,johnsst04
232,Tyler Johnson,SG,28,BRK,12,127,9.8,0.568,0.649,0.0,1.9,6.6,4.4,11.2,1.5,0.0,9.8,13.9,0.1,0.0,0.1,0.055999999999999994,-1.4,-1.1,-2.6,0.0,2021,johnsty01
233,Nikola Jokić,C,25,DEN,26,932,30.8,0.6459999999999999,0.20600000000000002,0.299,9.6,26.7,18.1,40.9,2.1,1.8,14.4,29.1,4.4,1.3,5.7,0.293,8.8,2.3,11.1,3.1,2021,jokicni01
234,Damian Jones,C,25,PHO,11,78,3.9,0.466,0.1,0.9,10.1,12.4,11.3,0.0,0.6,5.6,26.4,10.9,-0.1,0.1,0.0,0.024,-8.7,0.2,-8.5,-0.1,2021,jonesda03
235,Derrick Jones Jr.,SF,23,POR,22,588,10.4,0.542,0.444,0.341,6.8,11.4,9.0,3.0,1.5,3.0,9.4,11.6,0.5,0.3,0.8,0.066,-2.7,-0.7,-3.4,-0.2,2021,jonesde02
236,Mason Jones,SG,22,HOU,17,192,13.0,0.605,0.565,0.42,1.6,17.2,9.4,19.4,1.2,0.0,18.9,22.4,0.1,0.2,0.3,0.071,-1.1,-0.5,-1.6,0.0,2021,jonesma05
237,Tre Jones,PG,21,SAS,9,27,19.7,0.634,0.083,0.41700000000000004,14.9,0.0,7.7,5.8,0.0,0.0,12.3,25.7,0.1,0.0,0.1,0.151,2.7,-4.3,-1.5,0.0,2021,jonestr01
238,Tyus Jones,PG,24,MEM,22,525,15.0,0.485,0.355,0.071,2.6,10.5,6.5,31.4,2.7,0.5,10.9,17.1,0.5,0.6,1.1,0.098,-0.5,0.5,0.0,0.3,2021,jonesty01
239,DeAndre Jordan,C,32,BRK,27,578,16.6,0.7559999999999999,0.0,0.376,9.5,26.2,18.3,11.5,0.7,5.1,26.6,12.9,1.0,0.7,1.7,0.138,-0.5,1.6,1.1,0.5,2021,jordade01
240,Cory Joseph,PG,29,SAC,27,534,10.8,0.551,0.355,0.174,2.2,9.3,5.7,16.4,2.0,0.9,14.8,15.6,0.3,0.1,0.4,0.033,-3.1,-0.5,-3.5,-0.2,2021,josepco01
241,Mfiondu Kabengele,PF,23,LAC,16,64,-1.0,0.345,0.55,0.2,1.8,15.5,8.8,5.9,1.5,2.8,18.7,18.5,-0.2,0.1,-0.2,-0.11699999999999999,-11.8,-2.0,-13.7,-0.2,2021,kabenmf01
242,Frank Kaminsky,C,27,PHO,20,316,16.2,0.531,0.33899999999999997,0.2,6.8,23.8,15.5,18.6,0.6,2.8,7.4,19.1,0.5,0.5,0.9,0.14300000000000002,0.8,1.5,2.3,0.3,2021,kaminfr01
243,Enes Kanter,C,28,POR,26,639,23.2,0.632,0.0,0.266,16.9,31.3,23.8,7.0,1.1,3.1,11.5,18.1,2.1,0.6,2.7,0.20199999999999999,1.6,-1.9,-0.3,0.3,2021,kanteen01
244,Luke Kennard,SG,24,LAC,29,639,10.9,0.599,0.5529999999999999,0.08,1.5,12.9,7.3,11.0,0.8,0.8,12.2,15.3,0.6,0.5,1.1,0.083,-0.8,-1.5,-2.2,0.0,2021,kennalu01
245,Maxi Kleber,PF,29,DAL,17,435,11.5,0.639,0.7440000000000001,0.209,4.0,19.0,11.5,7.6,0.7,2.8,9.6,10.5,0.7,0.3,1.0,0.106,-0.3,-0.6,-0.8,0.1,2021,klebima01
246,Nathan Knight,PF,23,ATL,9,54,16.8,0.5489999999999999,0.409,0.364,16.0,11.8,13.9,2.9,1.8,4.8,13.6,23.2,0.1,0.1,0.1,0.10099999999999999,-0.3,-0.6,-1.0,0.0,2021,knighna01
247,Kevin Knox,SF,21,NYK,22,372,8.3,0.524,0.58,0.107,2.6,10.8,6.8,6.6,1.1,1.6,12.0,15.8,-0.1,0.4,0.4,0.046,-2.0,-0.3,-2.3,0.0,2021,knoxke01
248,John Konchar,SG,24,MEM,14,235,14.7,0.588,0.36,0.28,7.3,20.6,13.8,9.8,2.9,1.9,9.7,11.2,0.4,0.4,0.7,0.153,-1.3,1.8,0.5,0.2,2021,konchjo01
249,Furkan Korkmaz,SG,23,PHI,17,335,8.3,0.5,0.573,0.129,1.3,12.4,7.0,5.4,1.7,0.5,10.9,18.6,-0.2,0.3,0.1,0.017,-3.1,-1.1,-4.2,-0.2,2021,korkmfu01
250,Luke Kornet,PF,25,CHI,5,37,1.8,0.324,0.769,0.154,0.0,23.6,12.0,3.4,1.3,0.0,6.7,17.1,-0.1,0.0,-0.1,-0.10300000000000001,-6.1,-2.5,-8.6,-0.1,2021,kornelu01
251,Rodions Kurucs,SF-PF,22,TOT,14,73,3.2,0.38299999999999995,0.7,0.1,2.9,14.5,8.8,7.0,3.2,2.4,25.1,16.3,-0.2,0.1,-0.1,-0.079,-8.5,1.9,-6.6,-0.1,2021,kurucro01
252,Kyle Kuzma,SF,25,LAL,28,697,13.3,0.545,0.485,0.096,8.3,18.6,13.6,6.6,0.6,2.2,11.1,19.7,0.3,1.1,1.5,0.10099999999999999,0.2,-0.9,-0.7,0.2,2021,kuzmaky01
253,Jeremy Lamb,SG,28,IND,15,373,18.0,0.691,0.491,0.293,4.2,13.7,9.0,9.4,1.8,1.9,9.7,16.9,1.0,0.4,1.4,0.179,2.7,0.8,3.5,0.5,2021,lambje01
254,Zach LaVine,SG,25,CHI,26,927,22.3,0.645,0.426,0.27,2.6,14.5,8.6,24.5,1.4,1.2,14.9,30.5,2.2,0.8,2.9,0.152,4.7,-1.0,3.7,1.3,2021,lavinza01
255,Jake Layman,SF,26,MIN,19,292,13.0,0.583,0.402,0.25,1.7,8.8,5.1,5.0,2.8,2.5,8.9,16.2,0.2,0.3,0.5,0.078,-2.3,0.3,-2.0,0.0,2021,laymaja01
256,Jalen Lecque,PG,20,IND,3,9,24.3,0.47,0.25,0.75,12.4,36.3,24.5,29.2,0.0,0.0,0.0,25.7,0.0,0.0,0.0,0.22899999999999998,2.9,-0.3,2.6,0.0,2021,lecquja01
257,Damion Lee,SG,28,GSW,28,535,11.9,0.623,0.799,0.16399999999999998,2.4,15.8,9.3,10.2,1.5,0.5,7.1,12.2,0.8,0.6,1.4,0.128,-0.8,0.1,-0.7,0.2,2021,leeda03
258,Saben Lee,PG,21,DET,8,70,7.0,0.489,0.071,0.7140000000000001,1.5,3.3,2.4,16.0,2.8,1.3,21.4,14.4,0.0,0.1,0.0,0.011000000000000001,-6.4,0.9,-5.5,-0.1,2021,leesa01
259,Alex Len,C,27,TOT,19,275,15.3,0.6779999999999999,0.284,0.478,4.8,19.6,11.9,10.7,1.4,7.0,21.3,15.6,0.2,0.3,0.6,0.10300000000000001,-1.7,2.0,0.4,0.2,2021,lenal01
260,Kawhi Leonard,SF,29,LAC,23,792,27.6,0.617,0.259,0.32,2.8,16.1,9.6,24.6,2.5,1.6,7.8,30.2,3.0,1.1,4.1,0.248,5.5,0.7,6.3,1.7,2021,leonaka01
261,Meyers Leonard,C,28,MIA,3,29,6.6,0.635,1.0,0.28600000000000003,0.0,25.7,13.6,10.1,0.0,0.0,20.2,15.2,0.0,0.0,0.0,0.04,-3.5,-0.9,-4.4,0.0,2021,leoname01
262,Caris LeVert,SG,26,BRK,12,334,19.1,0.516,0.315,0.17,3.6,13.2,8.7,33.7,1.8,1.5,10.8,31.1,0.3,0.3,0.6,0.08199999999999999,1.3,-0.7,0.6,0.2,2021,leverca01
263,Kira Lewis Jr.,PG,19,NOP,15,184,12.5,0.507,0.307,0.24,0.6,6.6,3.6,17.2,2.4,0.6,7.8,20.8,0.1,0.1,0.2,0.055,-2.6,-0.8,-3.4,-0.1,2021,lewiski01
264,Damian Lillard,PG,30,POR,25,895,26.3,0.624,0.525,0.397,1.1,12.2,6.4,34.2,1.4,0.6,11.7,31.7,3.7,0.3,4.0,0.215,7.2,-1.5,5.8,1.8,2021,lillada01
265,Nassir Little,PF,20,POR,11,120,15.1,0.659,0.41200000000000003,0.265,8.5,12.1,10.2,2.4,0.8,3.1,13.6,15.7,0.2,0.0,0.3,0.113,0.8,-2.3,-1.5,0.0,2021,littlna01
266,Kevon Looney,C,24,GSW,21,308,13.9,0.6559999999999999,0.094,0.245,11.1,18.2,14.7,16.0,1.1,1.7,19.3,10.0,0.7,0.4,1.1,0.16399999999999998,-1.0,0.8,-0.2,0.1,2021,looneke01
267,Brook Lopez,C,32,MIL,27,731,13.7,0.585,0.5429999999999999,0.172,6.1,13.5,9.9,2.9,0.8,4.5,7.4,15.4,1.0,0.8,1.8,0.11599999999999999,0.2,-0.8,-0.6,0.3,2021,lopezbr01
268,Robin Lopez,C,32,WAS,25,478,15.1,0.629,0.092,0.45799999999999996,11.4,11.6,11.5,7.6,0.5,2.5,13.7,15.8,0.9,0.2,1.1,0.11,-0.6,-1.9,-2.5,-0.1,2021,lopezro01
269,Kevin Love,PF,32,CLE,2,46,11.2,0.47,0.5,0.278,4.7,25.0,14.5,16.0,1.1,0.0,12.9,21.7,0.0,0.0,0.0,0.006999999999999999,-1.2,-0.8,-2.1,0.0,2021,loveke01
270,Kyle Lowry,PG,34,TOR,24,837,15.9,0.597,0.544,0.27,2.4,15.0,8.5,27.8,1.5,0.5,16.4,21.7,1.4,0.7,2.0,0.11699999999999999,1.1,-1.0,0.2,0.5,2021,lowryky01
271,Timothé Luwawu-Cabarrot,SF,25,BRK,29,567,9.7,0.528,0.6459999999999999,0.11599999999999999,3.6,9.8,6.9,8.3,1.6,0.7,9.1,16.6,0.2,0.3,0.5,0.042,-1.8,-1.6,-3.3,-0.2,2021,luwawti01
272,Trey Lyles,PF,25,SAS,14,165,11.7,0.575,0.41700000000000004,0.41700000000000004,4.3,23.2,13.5,5.6,0.0,0.0,0.0,11.1,0.3,0.1,0.4,0.11599999999999999,-0.5,-1.1,-1.6,0.0,2021,lylestr01
273,Thon Maker,C,23,CLE,8,76,18.9,0.657,0.111,0.611,11.3,15.1,13.1,7.8,1.3,4.8,11.6,14.6,0.2,0.1,0.3,0.17300000000000001,0.3,1.2,1.5,0.1,2021,makerth01
274,Théo Maledon,PG,19,OKC,21,476,7.9,0.512,0.562,0.13,1.1,10.8,6.0,18.0,2.0,0.2,19.8,17.5,-0.5,0.5,0.0,0.003,-4.8,-0.7,-5.5,-0.4,2021,maledth01
275,Karim Mané,PG,20,ORL,6,56,-0.7,0.325,0.222,0.444,0.0,19.4,9.3,2.3,0.0,1.6,21.8,10.5,-0.1,0.0,-0.1,-0.09,-9.4,-2.0,-11.4,-0.1,2021,maneka01
276,Terance Mann,SG,24,LAC,26,377,11.2,0.534,0.25,0.341,7.1,18.4,12.9,9.7,1.7,1.2,14.4,13.9,0.3,0.4,0.7,0.09300000000000001,-2.7,-0.2,-2.8,-0.1,2021,mannte01
277,Nico Mannion,PG,19,GSW,6,36,7.8,0.305,0.6920000000000001,0.308,0.0,22.7,11.6,42.9,2.6,0.0,11.9,19.7,-0.1,0.1,0.0,-0.011000000000000001,-5.4,0.7,-4.7,0.0,2021,mannini01
278,Boban Marjanović,C,32,DAL,15,108,21.2,0.544,0.055999999999999994,0.24100000000000002,20.2,30.7,25.4,1.6,0.0,0.0,4.8,25.5,0.2,0.1,0.3,0.135,1.0,-5.2,-4.3,-0.1,2021,marjabo01
279,Lauri Markkanen,PF,23,CHI,14,426,17.2,0.654,0.546,0.243,2.1,19.7,11.1,4.3,1.0,1.0,10.5,22.8,0.7,0.4,1.0,0.11599999999999999,1.8,-1.4,0.3,0.3,2021,markkla01
280,Naji Marshall,SF,23,NOP,3,8,-0.4,0.174,0.5,1.0,0.0,27.7,13.8,14.4,0.0,0.0,0.0,15.4,0.0,0.0,0.0,-0.154,-7.0,-3.0,-10.0,0.0,2021,marshna01
281,Caleb Martin,SF,25,CHO,23,363,11.9,0.496,0.42,0.21,5.5,13.4,9.4,11.3,2.7,1.9,11.0,17.1,0.0,0.4,0.4,0.057999999999999996,-1.6,0.0,-1.6,0.0,2021,martica02
282,Cody Martin,SF,25,CHO,17,159,13.5,0.601,0.342,0.263,6.6,16.4,11.4,13.9,2.1,0.0,17.5,13.7,0.2,0.2,0.3,0.105,-1.0,0.2,-0.7,0.1,2021,martico01
283,Kelan Martin,SF,25,IND,11,43,1.4,0.389,0.444,0.0,2.6,25.3,14.1,0.0,2.2,0.0,18.2,22.2,-0.2,0.1,-0.1,-0.153,-8.6,-1.9,-10.5,-0.1,2021,martike03
284,Kenyon Martin Jr.,SF,20,HOU,7,69,9.1,0.39399999999999996,0.14800000000000002,0.185,12.2,17.0,14.6,8.6,1.4,6.2,14.6,21.1,-0.2,0.1,0.0,-0.026000000000000002,-5.9,-0.6,-6.5,-0.1,2021,martike04
285,Frank Mason III,G,26,ORL,4,79,7.7,0.462,0.20800000000000002,0.292,3.8,12.4,7.9,21.9,0.0,0.0,15.6,17.3,0.0,0.0,0.0,-0.004,-6.1,-3.1,-9.2,-0.1,2021,masonfr01
286,Garrison Mathews,SG,24,WAS,19,305,14.2,0.624,0.787,0.42700000000000005,2.6,7.5,5.0,4.0,2.7,1.1,2.8,14.7,0.7,0.2,0.9,0.141,0.0,0.3,0.3,0.2,2021,mathega01
287,Dakota Mathias,SG,25,PHI,8,123,9.9,0.474,0.542,0.125,0.9,5.2,3.1,14.9,0.4,2.2,1.9,17.8,0.1,0.1,0.1,0.051,-1.9,-1.7,-3.6,0.0,2021,mathida01
288,Wesley Matthews,SG,34,LAL,21,426,8.3,0.5760000000000001,0.807,0.17,2.2,5.1,3.7,6.9,1.1,1.6,6.9,10.3,0.4,0.6,1.0,0.113,-1.8,0.3,-1.5,0.0,2021,matthwe02
289,Tyrese Maxey,SG,20,PHI,27,460,13.3,0.508,0.247,0.105,1.5,10.4,6.1,16.1,1.5,0.6,6.9,22.6,0.2,0.4,0.6,0.065,-1.8,-0.8,-2.7,-0.1,2021,maxeyty01
290,Skylar Mays,SG,23,ATL,9,55,17.5,0.5760000000000001,0.462,0.231,3.9,7.7,5.8,14.8,0.9,0.0,3.4,22.9,0.1,0.0,0.2,0.146,3.4,-1.6,1.8,0.1,2021,mayssk01
291,CJ McCollum,SG,29,POR,13,440,26.4,0.62,0.55,0.17300000000000001,1.6,11.2,6.2,26.0,1.9,0.9,4.4,28.5,1.9,0.2,2.1,0.23199999999999998,7.7,-0.7,6.9,1.0,2021,mccolcj01
292,T.J. McConnell,PG,28,IND,25,594,15.5,0.521,0.12,0.09,3.4,12.5,8.0,36.8,3.7,1.3,24.6,13.4,0.6,0.9,1.4,0.11699999999999999,-0.3,2.2,1.9,0.6,2021,mccontj01
293,Jaden McDaniels,PF,20,MIN,21,376,8.5,0.502,0.528,0.142,4.1,17.0,10.2,8.1,0.9,4.4,13.1,14.5,-0.1,0.3,0.2,0.021,-4.3,-0.1,-4.3,-0.2,2021,mcdanja02
294,Jalen McDaniels,SF,23,CHO,10,108,7.2,0.542,0.273,0.33299999999999996,3.9,17.1,10.4,7.9,0.9,0.0,19.2,18.4,-0.1,0.1,0.0,-0.004,-5.0,-2.2,-7.2,-0.1,2021,mcdanja01
295,Doug McDermott,PF,29,IND,27,706,14.4,0.614,0.43799999999999994,0.162,4.3,13.1,8.7,7.8,0.5,0.2,8.8,19.6,1.0,0.4,1.4,0.098,0.8,-2.1,-1.3,0.1,2021,mcderdo01
296,Sean McDermott,SF,24,MEM,4,57,4.0,0.455,0.667,0.222,5.6,7.9,6.7,6.3,0.0,1.6,23.3,9.6,0.0,0.0,0.0,-0.012,-5.1,-2.5,-7.6,-0.1,2021,mcderse01
297,JaVale McGee,C,33,CLE,20,313,16.6,0.502,0.11900000000000001,0.326,11.6,28.6,19.8,10.4,1.4,7.0,13.9,24.6,-0.2,0.5,0.3,0.049,-2.7,0.5,-2.2,0.0,2021,mcgeeja01
298,Rodney McGruder,SG,29,DET,8,64,11.1,0.591,0.368,0.158,5.0,11.0,7.9,14.5,0.0,1.4,16.4,16.4,0.1,0.0,0.1,0.054000000000000006,-0.9,-1.7,-2.5,0.0,2021,mcgruro01
299,Alfonzo McKinnie,SF,28,LAL,14,44,22.7,0.7040000000000001,0.313,0.25,15.7,14.7,15.2,3.6,1.1,0.0,5.3,18.5,0.2,0.1,0.2,0.253,4.6,-1.2,3.4,0.1,2021,mckinal01
300,Jordan McLaughlin,PG,24,MIN,15,272,13.1,0.47600000000000003,0.247,0.11699999999999999,3.0,9.9,6.3,34.7,2.3,0.9,17.4,15.2,0.2,0.2,0.3,0.061,-1.6,-0.7,-2.3,0.0,2021,mclaujo01
301,Ben McLemore,SG,27,HOU,19,283,8.2,0.523,0.738,0.175,2.2,12.0,7.1,9.8,1.5,0.3,15.3,19.7,-0.2,0.3,0.1,0.012,-2.9,-1.2,-4.1,-0.1,2021,mclembe01
302,Nicolò Melli,PF,30,NOP,12,135,4.7,0.39399999999999996,0.778,0.185,1.6,20.5,11.0,10.0,2.2,0.8,17.0,11.1,-0.1,0.1,0.0,-0.01,-5.6,0.9,-4.7,-0.1,2021,mellini01
303,De'Anthony Melton,PG,22,MEM,12,258,15.7,0.58,0.43,0.08,1.7,14.0,7.6,21.2,2.1,4.2,14.1,19.8,0.2,0.3,0.5,0.1,0.0,1.3,1.2,0.2,2021,meltode01
304,Sam Merrill,SG,24,MIL,9,55,12.6,0.643,0.8,0.2,5.9,13.1,9.6,20.9,0.9,0.0,21.6,10.6,0.1,0.0,0.2,0.142,1.1,-0.8,0.3,0.0,2021,merrisa01
305,Chimezie Metu,C,23,SAC,11,71,20.3,0.545,0.1,0.3,16.8,18.7,17.7,10.6,2.0,7.1,15.0,24.0,0.1,0.1,0.1,0.08900000000000001,-0.7,-0.5,-1.3,0.0,2021,metuch01
306,Khris Middleton,SF,29,MIL,27,886,20.8,0.632,0.376,0.22399999999999998,2.5,15.8,9.3,25.9,1.4,0.4,13.0,24.0,2.7,0.8,3.5,0.191,4.0,-0.5,3.5,1.2,2021,middlkh01
307,Darius Miller,SF,30,OKC,10,98,12.5,0.637,0.87,0.13,1.1,13.7,7.4,11.3,1.9,2.7,11.0,12.0,0.1,0.1,0.3,0.124,-1.0,2.0,1.0,0.1,2021,milleda01
308,Patty Mills,PG,32,SAS,27,687,14.8,0.598,0.618,0.124,1.0,6.8,3.8,15.6,1.2,0.1,8.0,20.2,1.0,0.5,1.5,0.106,1.6,-1.5,0.1,0.4,2021,millspa02
309,Paul Millsap,PF,35,DEN,26,621,17.1,0.63,0.413,0.312,7.5,16.9,12.2,9.6,1.7,2.2,10.8,16.9,1.3,0.7,2.0,0.155,1.6,-0.7,0.9,0.5,2021,millspa01
310,Shake Milton,SG,24,PHI,22,536,15.4,0.562,0.301,0.335,2.5,6.0,4.3,18.6,1.4,0.7,11.0,24.3,0.8,0.4,1.2,0.10300000000000001,-0.7,-1.3,-2.0,0.0,2021,miltosh01
311,Donovan Mitchell,SG,24,UTA,26,874,18.7,0.562,0.452,0.261,3.1,10.1,6.8,25.0,1.1,0.8,12.1,31.3,1.6,1.0,2.6,0.142,2.6,-1.3,1.3,0.7,2021,mitchdo01
312,Adam Mokoka,SG,22,CHI,7,42,5.4,0.39299999999999996,0.5710000000000001,0.0,2.7,7.8,5.3,12.6,2.2,2.1,12.5,16.2,-0.1,0.0,0.0,-0.032,-5.8,-0.8,-6.6,0.0,2021,mokokad01
313,Malik Monk,SG,22,CHO,15,316,13.0,0.613,0.55,0.16699999999999998,1.7,10.3,5.9,12.6,0.6,0.6,11.7,19.6,0.4,0.1,0.5,0.08,0.6,-2.0,-1.4,0.0,2021,monkma01
314,E'Twaun Moore,SG,31,PHO,13,216,8.9,0.483,0.239,0.113,2.6,7.5,5.1,13.9,2.5,0.4,13.9,17.9,-0.2,0.3,0.1,0.027999999999999997,-5.0,1.0,-4.0,-0.1,2021,mooreet01
315,Ja Morant,PG,21,MEM,14,418,18.0,0.534,0.221,0.35600000000000004,2.3,5.9,4.1,40.6,1.5,0.9,14.9,28.7,0.5,0.3,0.8,0.08800000000000001,1.7,-2.8,-1.1,0.1,2021,moranja01
316,Juwan Morgan,PF,23,UTA,11,62,8.0,0.524,0.6920000000000001,0.231,5.4,16.3,11.2,6.4,2.4,0.0,12.3,11.3,0.0,0.1,0.1,0.091,-3.7,1.8,-2.0,0.0,2021,morgaju01
317,Marcus Morris,PF,31,LAC,20,492,16.4,0.634,0.526,0.18899999999999997,3.8,13.4,8.7,5.3,1.2,1.1,8.6,20.9,1.0,0.4,1.4,0.138,1.7,-1.7,0.1,0.3,2021,morrima03
318,Markieff Morris,PF,31,LAL,22,335,8.5,0.5,0.648,0.205,4.8,20.6,13.0,7.8,0.4,1.5,10.3,13.8,0.1,0.5,0.6,0.087,-2.5,-0.4,-3.0,-0.1,2021,morrima02
319,Monte Morris,PG,25,DEN,26,682,15.1,0.588,0.385,0.213,1.0,8.0,4.5,18.0,1.2,1.0,6.2,16.4,1.4,0.4,1.8,0.13,1.3,-1.4,-0.1,0.3,2021,morrimo01
320,Mychal Mulder,PG,26,GSW,27,289,11.7,0.696,0.883,0.14300000000000002,0.4,8.8,4.7,5.2,1.0,1.8,5.8,12.7,0.4,0.3,0.7,0.11699999999999999,-0.7,-0.2,-0.9,0.1,2021,muldemy01
321,Dejounte Murray,PG,24,SAS,27,821,16.4,0.512,0.23800000000000002,0.155,2.1,22.9,12.2,25.0,2.4,0.2,10.1,23.2,0.3,1.2,1.5,0.08800000000000001,-0.7,1.0,0.3,0.5,2021,murrade01
322,Jamal Murray,PG,23,DEN,24,835,14.8,0.544,0.39399999999999996,0.217,2.2,11.0,6.6,18.7,1.5,0.7,10.7,23.8,0.8,0.6,1.5,0.084,0.7,-1.9,-1.2,0.2,2021,murraja01
323,Mike Muscala,C,29,OKC,24,452,13.7,0.58,0.6920000000000001,0.14800000000000002,3.0,17.1,10.1,7.8,0.7,1.3,7.6,20.1,0.4,0.5,0.9,0.091,0.3,-1.4,-1.1,0.1,2021,muscami01
324,Sviatoslav Mykhailiuk,SF,23,DET,26,398,12.5,0.5489999999999999,0.774,0.16399999999999998,1.9,11.5,6.5,12.9,1.9,1.2,9.3,18.7,0.3,0.3,0.6,0.07,0.2,-0.5,-0.3,0.2,2021,mykhasv01
325,Abdel Nader,SF,27,PHO,11,163,14.3,0.605,0.39,0.305,0.0,18.5,9.5,10.1,1.2,0.5,10.7,20.6,0.2,0.2,0.4,0.109,-0.4,0.9,0.5,0.1,2021,naderab01
326,Larry Nance Jr.,PF,28,CLE,19,635,13.2,0.5710000000000001,0.434,0.145,4.6,18.4,11.3,13.7,2.9,1.4,15.4,12.3,0.4,0.7,1.2,0.08800000000000001,-1.0,2.0,1.0,0.5,2021,nancela02
327,Aaron Nesmith,SF,21,BOS,11,146,2.0,0.449,0.805,0.073,2.2,13.2,7.6,4.5,0.0,1.3,15.9,14.8,-0.2,0.1,-0.1,-0.043,-6.3,-2.3,-8.6,-0.2,2021,nesmiaa01
328,Raul Neto,PG,28,WAS,20,375,12.7,0.54,0.41200000000000003,0.125,2.7,10.1,6.3,13.2,2.5,0.5,8.3,17.2,0.2,0.3,0.5,0.065,-1.6,-0.4,-2.0,0.0,2021,netora01
329,Georges Niang,PF,27,UTA,28,358,8.7,0.522,0.677,0.024,2.8,15.0,9.2,8.7,1.5,0.7,12.9,17.7,0.0,0.5,0.5,0.062,-3.1,0.3,-2.8,-0.1,2021,niangge01
330,Zeke Nnaji,PF,20,DEN,13,72,18.8,0.7290000000000001,0.6,0.16,6.3,7.9,7.1,0.0,0.7,1.3,0.0,16.1,0.2,0.0,0.3,0.185,4.8,-2.0,2.8,0.1,2021,nnajize01
331,Nerlens Noel,C,26,NYK,24,445,14.5,0.589,0.027999999999999997,0.282,8.7,20.3,14.6,3.5,2.5,10.7,22.4,10.2,0.1,1.1,1.2,0.133,-3.2,4.1,0.9,0.3,2021,noelne01
332,Jaylen Nowell,SG,21,MIN,13,220,15.4,0.573,0.431,0.22,3.2,8.7,5.8,8.2,1.1,1.5,7.0,24.6,0.2,0.1,0.3,0.071,0.0,-2.0,-2.0,0.0,2021,nowelja01
333,Frank Ntilikina,PG,22,NYK,4,42,12.4,0.5870000000000001,0.643,0.214,2.6,7.3,5.0,10.7,3.6,0.0,11.5,18.2,0.0,0.1,0.1,0.113,-1.7,3.0,1.2,0.0,2021,ntilila01
334,Kendrick Nunn,PG,25,MIA,19,526,12.3,0.5710000000000001,0.47200000000000003,0.113,2.0,10.9,6.7,13.7,2.0,0.8,15.2,22.2,-0.2,0.6,0.4,0.033,-1.7,-0.1,-1.9,0.0,2021,nunnke01
335,Jusuf Nurkić,C,26,POR,12,280,16.1,0.514,0.11699999999999999,0.262,8.4,27.5,17.5,17.6,1.9,3.7,16.7,21.1,0.1,0.3,0.4,0.065,-2.6,0.0,-2.6,0.0,2021,nurkiju01
336,David Nwaba,SF,28,HOU,23,535,13.5,0.555,0.317,0.311,5.1,10.3,7.7,7.0,2.2,2.6,6.6,15.6,0.5,0.8,1.3,0.11699999999999999,-1.9,1.1,-0.8,0.2,2021,nwabada01
337,Jordan Nwora,SF,22,MIL,10,82,13.0,0.616,0.43200000000000005,0.27,1.3,17.6,9.7,0.0,2.3,2.2,19.5,26.2,-0.1,0.1,0.0,0.025,-3.6,-1.9,-5.4,-0.1,2021,nworajo01
338,Royce O'Neale,SF,27,UTA,28,910,10.4,0.629,0.708,0.161,3.7,17.9,11.2,9.3,1.2,1.7,15.2,9.6,1.1,1.4,2.5,0.132,-1.1,1.6,0.5,0.6,2021,onealro01
339,Semi Ojeleye,PF,26,BOS,25,476,9.3,0.573,0.696,0.223,3.6,14.3,8.8,6.2,0.6,0.0,8.2,12.1,0.5,0.3,0.8,0.08199999999999999,-1.0,-1.2,-2.2,0.0,2021,ojelese01
340,Jahlil Okafor,C,25,DET,12,120,15.6,0.595,0.071,0.048,11.7,13.7,12.6,4.3,0.8,1.5,8.5,16.9,0.2,0.1,0.2,0.09699999999999999,-0.6,-2.5,-3.1,0.0,2021,okafoja01
341,Chuma Okeke,PF,22,ORL,12,266,9.3,0.46,0.491,0.109,6.0,11.0,8.4,14.0,1.6,1.4,13.5,10.7,0.1,0.2,0.3,0.049,-2.5,-0.1,-2.6,0.0,2021,okekech01
342,Josh Okogie,SG,22,MIN,21,437,7.2,0.43799999999999994,0.41,0.324,4.7,9.2,6.8,7.3,1.8,2.6,11.8,13.1,-0.3,0.3,0.0,0.005,-5.1,-0.4,-5.5,-0.4,2021,okogijo01
343,Onyeka Okongwu,C,20,ATL,9,93,12.2,0.556,0.0,0.632,7.0,21.7,14.4,6.1,2.1,5.6,17.1,13.4,0.0,0.1,0.2,0.09,-4.3,2.0,-2.3,0.0,2021,okongon01
344,Isaac Okoro,SG,20,CLE,24,792,5.6,0.47,0.376,0.271,2.8,5.2,4.0,7.8,1.7,1.1,14.8,12.1,-0.5,0.3,-0.1,-0.008,-5.2,-0.6,-5.8,-0.7,2021,okorois01
345,KZ Okpala,PF,21,MIA,14,168,3.2,0.49,0.613,0.19399999999999998,2.8,10.2,6.7,5.0,0.9,1.2,19.2,11.0,-0.2,0.1,0.0,-0.013000000000000001,-6.2,-1.3,-7.6,-0.2,2021,okpalkz01
346,Victor Oladipo,SG,28,TOT,20,640,14.6,0.501,0.418,0.209,0.7,16.8,8.8,23.3,2.0,1.1,10.4,28.6,-0.4,0.9,0.5,0.037000000000000005,-0.2,-0.5,-0.7,0.2,2021,oladivi01
347,Kelly Olynyk,C,29,MIA,26,680,12.1,0.563,0.7390000000000001,0.081,4.4,19.9,12.6,11.8,1.4,2.7,12.9,17.3,0.1,0.9,1.0,0.07400000000000001,-0.7,0.4,-0.3,0.3,2021,olynyke01
348,Miye Oni,SG,23,UTA,22,170,5.4,0.45799999999999996,0.862,0.207,7.3,17.3,12.5,4.4,0.9,1.9,18.1,9.8,0.0,0.2,0.2,0.061,-4.4,0.3,-4.1,-0.1,2021,onimi01
349,Cedi Osman,SF,25,CLE,29,766,11.2,0.499,0.5589999999999999,0.133,2.8,11.5,7.0,14.8,1.6,0.4,8.3,20.4,0.2,0.4,0.6,0.035,-0.9,-1.0,-1.9,0.0,2021,osmande01
350,Daniel Oturu,C,21,LAC,10,42,21.7,0.63,0.067,0.133,13.8,23.6,18.8,14.4,0.0,6.4,11.2,18.8,0.1,0.1,0.2,0.215,0.2,0.3,0.5,0.0,2021,oturuda01
351,Kelly Oubre Jr.,SF,25,GSW,28,809,12.0,0.502,0.419,0.22899999999999998,5.0,15.8,10.5,7.0,1.7,2.5,9.1,22.4,-0.4,1.1,0.7,0.04,-2.8,-0.5,-3.3,-0.3,2021,oubreke01
352,Eric Paschall,PF,24,GSW,25,427,15.3,0.565,0.179,0.29100000000000004,5.8,13.9,9.9,11.1,0.5,0.6,7.5,23.7,0.5,0.4,0.9,0.09699999999999999,-0.5,-2.0,-2.5,-0.1,2021,pascher01
353,Anžejs Pasečņiks,C,25,WAS,1,6,-40.8,0.0,1.0,0.0,16.8,0.0,8.7,19.6,0.0,0.0,83.3,41.3,-0.1,0.0,-0.1,-1.128,-40.1,-7.1,-47.1,-0.1,2021,pasecan01
354,Patrick Patterson,PF,31,LAC,9,115,8.2,0.58,0.774,0.129,3.0,10.5,6.9,5.7,1.3,0.8,15.5,14.9,0.0,0.1,0.1,0.049,-2.0,-1.1,-3.1,0.0,2021,pattepa01
355,Chris Paul,PG,35,PHO,25,807,19.8,0.5820000000000001,0.29,0.213,2.0,13.9,8.1,39.3,1.9,0.8,14.5,23.3,1.9,1.1,3.0,0.179,2.4,1.3,3.7,1.2,2021,paulch01
356,Cameron Payne,PG,26,PHO,15,261,12.9,0.551,0.405,0.107,0.9,11.5,6.3,29.6,1.7,1.0,17.0,18.2,0.2,0.3,0.6,0.10400000000000001,-1.2,1.1,-0.2,0.1,2021,payneca01
357,Elfrid Payton,PG,26,NYK,29,808,11.8,0.48100000000000004,0.16,0.163,5.0,9.4,7.3,20.3,1.2,0.7,13.0,23.1,-0.4,0.8,0.4,0.027000000000000003,-2.3,-1.2,-3.5,-0.3,2021,paytoel01
358,Norvel Pelle,F-C,27,BRK,3,28,2.2,0.429,0.0,0.0,12.7,15.0,13.9,0.0,0.0,8.8,30.0,15.4,-0.1,0.0,0.0,-0.07200000000000001,-9.8,0.1,-9.7,-0.1,2021,pelleno01
359,Reggie Perry,PF,20,BRK,14,147,9.7,0.455,0.235,0.17600000000000002,13.7,24.3,19.4,10.8,0.6,2.8,16.7,19.3,-0.1,0.1,0.1,0.02,-5.2,-1.6,-6.8,-0.2,2021,perryre01
360,Theo Pinson,SG,25,NYK,9,21,-9.7,0.14300000000000002,0.857,0.0,0.0,4.9,2.5,0.0,0.0,0.0,0.0,14.7,-0.1,0.0,-0.1,-0.223,-13.7,-3.7,-17.4,-0.1,2021,pinsoth01
361,Mason Plumlee,C,30,DET,25,693,17.6,0.627,0.028999999999999998,0.374,12.0,24.5,18.0,19.5,1.7,2.3,20.4,15.9,1.2,0.8,2.1,0.14400000000000002,-0.2,1.3,1.0,0.5,2021,plumlma01
362,Jakob Poeltl,C,25,SAS,27,600,16.5,0.5820000000000001,0.0,0.29,13.6,19.1,16.3,10.5,1.3,5.8,17.3,12.8,0.8,1.0,1.8,0.14,-1.0,0.8,-0.2,0.3,2021,poeltja01
363,Vincent Poirier,C,27,PHI,4,18,10.4,0.42,0.0,1.3330000000000002,12.6,11.8,12.2,6.9,0.0,9.8,17.4,13.5,0.0,0.0,0.0,0.037000000000000005,-4.0,0.1,-3.8,0.0,2021,poirivi01
364,Aleksej Pokusevski,PF,19,OKC,17,296,2.4,0.301,0.602,0.0,1.8,19.1,10.5,9.5,1.3,5.6,19.1,16.8,-1.2,0.5,-0.8,-0.124,-7.5,0.3,-7.2,-0.4,2021,pokusal01
365,Jordan Poole,SG,21,GSW,15,143,14.6,0.598,0.639,0.311,1.5,11.4,6.6,13.4,1.0,1.2,10.3,22.9,0.2,0.1,0.3,0.107,0.2,-0.8,-0.6,0.1,2021,poolejo01
366,Michael Porter Jr.,SF,22,DEN,16,432,18.8,0.619,0.514,0.16,5.0,20.2,12.6,5.1,1.9,4.2,8.3,20.5,0.7,0.6,1.3,0.149,2.7,-0.6,2.1,0.4,2021,portemi01
367,Otto Porter,SF,27,CHI,16,372,16.5,0.5820000000000001,0.486,0.25,6.1,23.5,14.9,12.2,1.1,0.7,8.6,19.9,0.7,0.4,1.0,0.131,1.5,-1.1,0.3,0.2,2021,porteot01
368,Bobby Portis,C,25,MIL,27,586,20.9,0.618,0.245,0.11599999999999999,10.2,25.2,17.9,6.9,1.9,1.7,7.3,19.5,1.5,0.9,2.3,0.19,2.6,-0.6,2.0,0.6,2021,portibo01
369,Kristaps Porziņģis,C,25,DAL,17,509,21.2,0.5760000000000001,0.387,0.19699999999999998,7.5,22.8,15.1,7.4,0.6,5.0,6.5,27.9,0.9,0.4,1.3,0.124,2.0,-1.3,0.7,0.3,2021,porzikr01
370,Dwight Powell,C,29,DAL,17,277,12.7,0.599,0.149,0.9570000000000001,7.9,16.3,12.1,7.6,2.3,2.1,14.1,12.3,0.4,0.3,0.7,0.11800000000000001,-2.6,1.0,-1.6,0.0,2021,poweldw01
371,Norman Powell,SG,27,TOR,25,701,15.8,0.607,0.449,0.289,1.7,10.0,5.7,7.8,1.8,0.6,8.9,22.7,1.0,0.5,1.6,0.106,0.2,-0.8,-0.7,0.2,2021,powelno01
372,Taurean Prince,PF,26,TOT,27,592,11.7,0.541,0.49,0.273,2.2,16.2,9.2,11.1,1.6,2.8,12.5,18.0,0.2,0.5,0.7,0.054000000000000006,-1.4,-0.4,-1.8,0.0,2021,princta02
373,Payton Pritchard,SG,23,BOS,20,426,12.0,0.612,0.569,0.098,2.5,10.9,6.6,14.5,1.5,1.1,16.3,15.4,0.5,0.4,0.8,0.092,-1.0,-0.4,-1.4,0.1,2021,pritcpa01
374,Immanuel Quickley,PG,21,NYK,25,483,19.2,0.5670000000000001,0.475,0.299,2.2,10.4,6.4,23.4,1.0,1.6,8.0,27.5,1.1,0.5,1.7,0.16399999999999998,3.0,-0.2,2.8,0.6,2021,quickim01
375,Jahmi'us Ramsey,SG,19,SAC,4,16,11.5,0.625,0.75,0.0,0.0,27.7,13.7,8.3,0.0,5.3,20.0,13.3,0.0,0.0,0.0,0.02,-2.0,-1.9,-3.9,0.0,2021,ramseja01
376,Julius Randle,PF,26,NYK,29,1065,20.9,0.586,0.263,0.39399999999999996,4.1,26.9,15.7,25.9,1.0,0.6,14.0,27.6,1.9,1.7,3.6,0.16399999999999998,3.4,0.9,4.2,1.7,2021,randlju01
377,Cam Reddish,SF,21,ATL,23,657,8.8,0.491,0.491,0.321,3.0,11.5,7.3,6.9,1.8,1.0,10.7,19.3,-0.3,0.5,0.2,0.017,-3.4,-0.6,-4.0,-0.3,2021,reddica01
378,J.J. Redick,SG,36,NOP,23,417,9.5,0.5379999999999999,0.682,0.20800000000000002,0.8,8.5,4.6,8.2,0.7,0.5,8.7,18.8,0.3,0.0,0.3,0.035,-1.8,-2.1,-3.9,-0.2,2021,redicjj01
379,Paul Reed,PF,21,PHI,5,55,8.6,0.409,0.136,0.0,14.4,5.8,10.0,7.8,0.9,6.4,18.5,20.8,-0.1,0.1,-0.1,-0.051,-6.1,-2.0,-8.1,-0.1,2021,reedpa01
380,Naz Reid,C,21,MIN,25,548,18.1,0.604,0.297,0.266,6.3,18.0,11.9,9.4,1.4,4.5,10.5,22.0,0.8,0.6,1.4,0.12,-0.4,-0.2,-0.6,0.2,2021,reidna01
381,Nick Richards,PF,23,CHO,8,23,13.3,0.637,0.0,1.0,9.1,18.9,13.9,0.0,0.0,0.0,10.4,17.8,0.1,0.0,0.1,0.14300000000000002,-3.3,-2.4,-5.7,0.0,2021,richani01
382,Josh Richardson,SG,27,DAL,19,601,11.0,0.5489999999999999,0.5,0.23,3.5,6.6,5.0,12.0,1.3,0.6,10.8,17.6,0.5,0.2,0.6,0.05,-1.7,-1.6,-3.2,-0.2,2021,richajo01
383,Austin Rivers,SG,28,NYK,21,442,9.7,0.545,0.57,0.10400000000000001,1.2,9.8,5.6,14.0,1.4,0.0,13.5,16.3,0.1,0.5,0.6,0.06,-2.3,-0.7,-3.0,-0.1,2021,riverau01
384,Duncan Robinson,SF,26,MIA,27,891,9.0,0.61,0.862,0.158,0.1,12.1,6.4,7.2,0.5,0.8,12.3,15.9,0.3,0.6,0.9,0.048,-1.1,-1.5,-2.7,-0.2,2021,robindu01
385,Glenn Robinson III,SF,27,SAC,22,346,9.2,0.5670000000000001,0.462,0.247,2.2,9.3,5.7,7.6,0.4,0.7,8.8,13.9,0.3,-0.1,0.2,0.03,-1.6,-2.8,-4.4,-0.2,2021,robingl02
386,Jerome Robinson,SG,23,WAS,13,221,6.1,0.456,0.46299999999999997,0.254,0.9,15.2,7.8,10.9,1.3,0.8,12.9,16.0,-0.2,0.1,-0.1,-0.02,-5.3,-1.7,-7.1,-0.3,2021,robinje01
387,Mitchell Robinson,C,22,NYK,27,778,17.6,0.647,0.0,0.295,13.4,17.1,15.2,2.7,2.1,5.2,11.1,11.3,1.5,1.5,3.0,0.185,-0.4,1.2,0.8,0.6,2021,robinmi01
388,Isaiah Roby,PF,22,OKC,20,398,16.0,0.606,0.254,0.295,8.5,16.6,12.5,10.7,1.5,2.8,12.7,17.1,0.6,0.5,1.1,0.135,-1.2,0.3,-0.9,0.1,2021,robyis01
389,Rajon Rondo,PG,34,ATL,14,214,8.9,0.42100000000000004,0.473,0.036000000000000004,2.0,13.9,8.0,34.7,2.0,0.4,25.4,14.9,-0.2,0.2,0.0,0.006999999999999999,-3.2,-0.3,-3.5,-0.1,2021,rondora01
390,Derrick Rose,PG,32,TOT,19,428,18.2,0.528,0.21,0.272,1.5,8.2,4.8,32.6,2.7,1.6,12.6,29.1,0.2,0.4,0.7,0.07400000000000001,1.3,-0.3,1.0,0.3,2021,rosede01
391,Terrence Ross,SG,29,ORL,27,776,11.7,0.516,0.43,0.19399999999999998,1.0,10.6,5.6,11.6,1.6,1.5,10.8,23.8,-0.3,0.6,0.3,0.021,-1.8,-1.3,-3.1,-0.2,2021,rosste01
392,Terry Rozier,SG,26,CHO,26,867,18.4,0.625,0.505,0.184,1.8,11.4,6.5,14.6,1.8,1.4,9.5,23.2,1.6,0.8,2.4,0.133,3.2,-0.6,2.6,1.0,2021,roziete01
393,Ricky Rubio,PG,30,MIN,25,614,10.3,0.45899999999999996,0.314,0.282,1.5,13.7,7.3,33.8,2.5,0.0,23.2,15.7,-0.2,0.5,0.3,0.025,-4.6,-0.6,-5.1,-0.5,2021,rubiori01
394,D'Angelo Russell,PG,24,MIN,20,583,16.5,0.544,0.45399999999999996,0.196,1.6,8.3,4.8,28.9,1.8,1.4,13.2,29.5,0.2,0.3,0.5,0.043,2.3,-1.8,0.4,0.4,2021,russeda01
395,Domantas Sabonis,PF,24,IND,28,1010,20.1,0.59,0.185,0.369,8.5,26.2,17.5,23.8,1.2,1.5,16.0,25.5,1.6,1.3,3.0,0.14,2.4,0.6,3.0,1.3,2021,sabondo01
396,Luka Šamanić,PF,21,SAS,4,11,9.9,0.509,0.5,0.33299999999999996,0.0,0.0,0.0,0.0,0.0,0.0,0.0,26.8,0.0,0.0,0.0,-0.004,2.9,-5.9,-3.0,0.0,2021,samanlu01
397,JaKarr Sampson,PF,27,IND,13,78,12.1,0.51,0.12,0.4,10.0,26.5,18.4,0.0,0.6,3.3,9.3,18.0,0.0,0.1,0.1,0.073,-3.6,-1.8,-5.4,-0.1,2021,sampsja02
398,Dario Šarić,PF,26,PHO,9,167,16.1,0.573,0.45299999999999996,0.267,4.7,20.6,12.9,10.2,2.4,1.1,14.3,26.2,0.0,0.3,0.3,0.095,-1.0,0.3,-0.7,0.1,2021,saricda01
399,Tomáš Satoranský,SG,29,CHI,15,293,15.4,0.6509999999999999,0.364,0.318,1.5,13.4,7.6,32.8,1.6,0.9,23.4,14.2,0.6,0.3,0.9,0.14300000000000002,0.4,0.7,1.1,0.2,2021,satorto01
400,Dennis Schröder,SG,27,LAL,28,869,12.2,0.535,0.28,0.324,2.3,10.8,6.7,19.8,1.3,0.4,14.2,21.1,0.5,1.3,1.7,0.095,-1.8,-0.4,-2.3,-0.1,2021,schrode01
401,Mike Scott,PF,32,PHI,10,182,4.2,0.466,0.809,0.064,2.5,12.3,7.5,0.7,0.8,1.0,9.4,12.4,-0.1,0.1,0.0,0.003,-4.6,-1.9,-6.5,-0.2,2021,scottmi01
402,Collin Sexton,SG,22,CLE,24,847,17.3,0.574,0.20600000000000002,0.319,2.3,5.8,4.0,21.1,1.5,0.4,11.0,27.1,1.2,0.3,1.5,0.085,1.6,-1.5,0.1,0.4,2021,sextoco01
403,Landry Shamet,SG,23,BRK,25,466,8.8,0.534,0.732,0.21600000000000003,1.3,7.5,4.5,9.1,1.2,0.5,10.2,17.2,0.1,0.2,0.3,0.03,-2.6,-1.6,-4.2,-0.3,2021,shamela01
404,Pascal Siakam,PF,26,TOR,24,856,17.7,0.546,0.242,0.307,6.2,17.5,11.7,20.1,1.6,1.8,10.7,25.2,1.2,0.8,2.0,0.113,0.5,-0.7,-0.2,0.4,2021,siakapa01
405,Chris Silva,PF,24,MIA,6,53,16.2,0.805,0.111,1.3330000000000002,15.7,22.1,19.1,16.8,0.9,3.9,35.9,18.7,0.1,0.1,0.2,0.17300000000000001,-3.2,1.1,-2.0,0.0,2021,silvach01
406,Ben Simmons,PG,24,PHI,25,835,20.0,0.599,0.023,0.508,5.4,21.3,13.6,34.9,2.4,2.1,20.9,20.4,1.5,1.3,2.8,0.163,1.6,2.6,4.2,1.3,2021,simmobe01
407,Anfernee Simons,SG,21,POR,23,404,12.6,0.57,0.7,0.11800000000000001,1.3,13.5,7.1,9.9,0.6,1.2,9.1,20.8,0.4,0.1,0.5,0.06,0.6,-2.3,-1.7,0.0,2021,simonan01
408,Deividas Sirvydis,SG,20,DET,4,5,-9.8,0.0,1.0,0.0,0.0,0.0,0.0,25.5,0.0,0.0,0.0,17.3,0.0,0.0,0.0,-0.344,-13.5,-7.9,-21.4,0.0,2021,sirvyde01
409,Marcus Smart,PG,26,BOS,17,549,14.7,0.516,0.479,0.33,1.4,8.3,4.7,26.4,2.8,1.5,12.2,19.1,0.6,0.6,1.2,0.106,0.0,0.2,0.3,0.3,2021,smartma01
410,Dennis Smith Jr.,PG,23,TOT,6,69,7.2,0.39299999999999996,0.33299999999999996,0.375,3.1,9.8,6.4,21.2,2.2,1.3,15.2,20.8,-0.1,0.1,-0.1,-0.045,-6.1,-0.5,-6.5,-0.1,2021,smithde03
411,Ish Smith,PG,32,WAS,19,391,10.6,0.40399999999999997,0.172,0.129,2.6,15.6,8.8,31.2,1.8,0.9,13.4,15.0,-0.1,0.3,0.2,0.018000000000000002,-2.2,-0.3,-2.5,0.0,2021,smithis01
412,Jalen Smith,PF,20,PHO,8,50,7.7,0.391,0.41200000000000003,0.11800000000000001,11.3,10.8,11.0,5.5,0.0,3.5,5.3,16.9,0.0,0.1,0.0,0.005,-2.0,-1.9,-3.9,0.0,2021,smithja04
413,Tony Snell,SG,29,ATL,14,176,8.0,0.595,0.73,0.0,3.7,10.3,7.0,10.9,0.3,1.0,14.0,10.4,0.2,0.1,0.2,0.061,-1.2,-0.5,-1.8,0.0,2021,snellto01
414,Ray Spalding,F,23,HOU,2,19,0.9,0.41,0.25,0.5,11.1,11.2,11.1,0.0,0.0,9.0,38.1,17.7,-0.1,0.0,-0.1,-0.152,-8.9,-1.4,-10.4,0.0,2021,spaldra01
415,Cassius Stanley,SG,21,IND,8,23,6.9,0.489,0.28600000000000003,0.7140000000000001,9.7,4.7,7.2,0.0,0.0,7.5,9.8,19.3,0.0,0.0,0.0,0.042,-6.3,-1.6,-7.9,0.0,2021,stanlca01
416,Lamar Stevens,PF,23,CLE,18,265,9.3,0.461,0.195,0.35100000000000003,2.8,16.9,9.6,10.3,1.5,1.7,8.3,15.7,-0.1,0.2,0.1,0.023,-4.1,-0.2,-4.3,-0.2,2021,stevela01
417,Isaiah Stewart,C,19,DET,25,451,14.6,0.57,0.038,0.28300000000000003,15.0,18.4,16.7,5.4,1.3,4.9,13.7,13.2,0.6,0.5,1.1,0.122,-2.5,-0.1,-2.7,-0.1,2021,stewais01
418,Max Strus,SF,24,MIA,16,235,13.8,0.6990000000000001,0.81,0.114,0.5,7.3,4.1,5.5,0.4,0.0,3.5,16.3,0.5,0.1,0.6,0.122,2.0,-1.3,0.7,0.2,2021,strusma01
419,Edmond Sumner,SG,25,IND,16,150,11.4,0.5720000000000001,0.33299999999999996,0.292,4.5,10.9,7.7,7.5,2.6,0.6,15.6,18.6,0.0,0.2,0.2,0.053,-3.4,0.3,-3.1,0.0,2021,sumneed01
420,Jae'Sean Tate,SF,25,HOU,27,730,12.9,0.61,0.285,0.207,6.2,13.6,9.8,9.4,1.4,2.0,13.2,14.2,0.9,0.9,1.8,0.11900000000000001,-1.9,0.6,-1.3,0.1,2021,tateja01
421,Jayson Tatum,SF,22,BOS,21,742,21.1,0.5579999999999999,0.33,0.21600000000000003,1.7,21.0,11.1,21.9,1.7,1.1,9.2,30.6,1.2,0.9,2.1,0.136,4.5,-0.1,4.4,1.2,2021,tatumja01
422,Jeff Teague,PG,32,BOS,23,388,9.0,0.45,0.289,0.23399999999999999,1.7,8.5,5.0,16.1,2.6,0.7,13.5,18.0,-0.3,0.4,0.1,0.018000000000000002,-3.7,-0.1,-3.7,-0.2,2021,teaguje01
423,Garrett Temple,SG,34,CHI,25,681,9.7,0.545,0.5710000000000001,0.141,2.2,10.3,6.3,9.9,1.9,1.4,11.4,14.3,0.2,0.6,0.9,0.062,-2.7,0.1,-2.6,-0.1,2021,templga01
424,Tyrell Terry,PG,20,DAL,11,56,6.0,0.318,0.43799999999999994,0.188,0.0,11.8,5.9,14.2,4.3,0.0,10.4,15.1,-0.1,0.1,-0.1,-0.067,-7.7,2.2,-5.5,-0.1,2021,terryty01
425,Daniel Theis,C,28,BOS,26,623,15.5,0.653,0.345,0.244,5.9,18.1,11.8,8.3,1.2,3.9,12.7,14.6,1.1,0.7,1.9,0.145,-0.2,0.7,0.5,0.4,2021,theisda01
426,Brodric Thomas,SG,24,HOU,4,24,7.4,0.496,0.857,1.0,4.4,13.3,8.8,22.7,2.0,3.6,28.4,25.0,-0.1,0.0,0.0,-0.031,-6.9,-0.5,-7.3,0.0,2021,thomabr01
427,Matt Thomas,SG,26,TOR,13,78,11.7,0.608,0.741,0.14800000000000002,1.4,10.3,5.7,11.1,1.2,0.0,12.2,17.9,0.1,0.0,0.1,0.076,-0.5,-1.7,-2.1,0.0,2021,thomama02
428,Tristan Thompson,PF,29,BOS,24,531,12.9,0.509,0.006999999999999999,0.358,13.8,27.6,20.5,5.5,0.6,1.6,11.9,14.2,0.5,0.6,1.1,0.095,-1.8,-1.8,-3.6,-0.2,2021,thomptr01
429,Sindarius Thornwell,SG,26,NOP,9,48,6.7,0.42100000000000004,0.455,0.182,2.3,4.6,3.4,5.3,4.1,0.0,7.8,11.4,0.0,0.0,0.0,0.005,-5.4,1.6,-3.8,0.0,2021,thornsi01
430,Matisse Thybulle,SG,23,PHI,25,430,8.7,0.46399999999999997,0.63,0.14800000000000002,1.8,6.4,4.2,5.3,4.1,4.3,8.5,9.3,-0.1,0.8,0.7,0.076,-3.4,4.0,0.6,0.3,2021,thybuma01
431,Xavier Tillman Sr.,PF,22,MEM,17,364,15.7,0.589,0.198,0.14400000000000002,7.3,17.0,12.0,10.7,2.1,3.0,8.5,15.1,0.6,0.5,1.1,0.142,-1.2,0.8,-0.4,0.1,2021,tillmxa01
432,Obi Toppin,PF,22,NYK,19,228,12.6,0.556,0.43200000000000005,0.12300000000000001,2.4,19.4,11.1,6.2,0.7,3.5,10.5,18.5,0.0,0.3,0.4,0.079,-1.6,0.2,-1.4,0.0,2021,toppiob01
433,Juan Toscano-Anderson,SG,27,GSW,15,328,12.2,0.642,0.35100000000000003,0.18899999999999997,3.9,19.3,11.8,12.4,1.1,2.7,17.5,12.5,0.3,0.5,0.8,0.114,-1.8,0.6,-1.3,0.1,2021,toscaju01
434,Karl-Anthony Towns,C,25,MIN,7,228,24.4,0.626,0.318,0.29,10.3,27.5,18.5,18.2,1.2,5.4,14.8,26.1,0.5,0.3,0.8,0.16899999999999998,3.7,1.3,4.9,0.4,2021,townska01
435,Gary Trent Jr.,SG,22,POR,24,713,13.6,0.5770000000000001,0.5760000000000001,0.11199999999999999,1.9,6.1,3.9,6.5,1.1,0.5,4.9,19.5,1.1,0.1,1.1,0.076,0.9,-2.4,-1.4,0.1,2021,trentga02
436,P.J. Tucker,PF,35,HOU,26,780,5.6,0.511,0.652,0.152,3.5,12.8,8.1,6.1,1.3,1.5,18.4,8.0,-0.1,0.9,0.8,0.051,-4.9,0.4,-4.5,-0.5,2021,tuckepj01
437,Myles Turner,C,24,IND,26,812,17.4,0.618,0.48,0.337,4.5,19.1,11.9,4.6,1.7,9.6,11.3,17.0,0.9,1.5,2.4,0.14400000000000002,-0.5,2.3,1.7,0.8,2021,turnemy01
438,Jonas Valančiūnas,C,28,MEM,17,466,22.4,0.64,0.106,0.376,12.4,32.4,22.1,12.0,1.2,2.7,15.0,23.6,1.0,0.7,1.7,0.177,1.5,0.1,1.6,0.4,2021,valanjo01
439,Denzel Valentine,SG,27,CHI,22,436,12.7,0.534,0.599,0.034,2.1,18.5,10.4,12.3,1.8,0.2,6.7,18.7,0.3,0.4,0.7,0.076,-0.4,-0.6,-1.0,0.1,2021,valende01
440,Jarred Vanderbilt,PF,21,MIN,25,470,17.2,0.616,0.019,0.486,8.9,24.8,16.5,13.7,2.6,3.2,15.8,13.6,0.7,0.7,1.4,0.14,-1.2,1.6,0.4,0.3,2021,vandeja01
441,Fred VanVleet,SG,26,TOR,27,981,18.0,0.5539999999999999,0.524,0.217,2.1,11.1,6.4,27.9,2.2,2.0,10.0,23.5,1.8,0.9,2.8,0.136,2.8,-0.1,2.6,1.2,2021,vanvlfr01
442,Devin Vassell,SF,20,SAS,26,451,12.5,0.529,0.5,0.16699999999999998,3.6,15.8,9.5,8.2,3.1,1.7,8.1,14.0,0.2,0.7,0.9,0.099,-1.7,1.9,0.2,0.3,2021,vassede01
443,Gabe Vincent,PG,24,MIA,17,281,5.6,0.465,0.619,0.15,1.3,6.8,4.2,14.3,1.2,0.4,13.0,22.0,-0.5,0.2,-0.3,-0.047,-5.8,-1.9,-7.7,-0.4,2021,vincega01
444,Noah Vonleh,F,25,BRK,3,8,-20.9,0.0,0.5,0.0,0.0,13.2,7.0,13.9,0.0,0.0,50.0,21.5,-0.1,0.0,-0.1,-0.5329999999999999,-24.1,-9.2,-33.3,-0.1,2021,vonleno01
445,Nikola Vučević,C,30,ORL,28,936,24.1,0.573,0.319,0.139,6.2,30.4,17.8,19.3,1.6,1.6,7.5,28.5,1.9,1.3,3.2,0.163,6.0,0.0,6.1,1.9,2021,vucevni01
446,Dean Wade,PF,24,CLE,23,192,6.1,0.479,0.6729999999999999,0.102,4.5,12.6,8.4,7.2,1.3,0.9,16.3,13.7,-0.1,0.1,0.0,-0.01,-4.1,-1.3,-5.4,-0.2,2021,wadede01
447,Moritz Wagner,C,23,WAS,13,188,16.0,0.672,0.321,0.47200000000000003,3.2,21.4,12.0,10.2,2.2,1.9,11.1,15.8,0.4,0.2,0.6,0.147,-1.0,1.1,0.1,0.1,2021,wagnemo01
448,Kemba Walker,PG,30,BOS,12,333,14.5,0.494,0.478,0.203,2.3,13.7,7.8,22.2,2.1,0.6,11.6,28.8,0.0,0.3,0.3,0.043,0.6,-0.8,-0.2,0.2,2021,walkeke02
449,Lonnie Walker,SG,22,SAS,25,666,8.7,0.509,0.442,0.141,0.8,10.9,5.7,8.8,0.9,1.1,9.0,18.7,-0.3,0.6,0.2,0.018000000000000002,-2.9,-1.7,-4.6,-0.4,2021,walkelo01
450,John Wall,PG,30,HOU,18,555,17.4,0.54,0.348,0.287,1.9,10.9,6.4,34.7,1.4,1.9,15.0,30.1,0.1,0.7,0.8,0.069,2.0,-0.9,1.1,0.4,2021,walljo01
451,Brad Wanamaker,PG,31,GSW,28,455,9.0,0.467,0.386,0.35100000000000003,1.4,9.6,5.6,21.0,2.3,0.8,14.9,14.4,0.0,0.5,0.5,0.055999999999999994,-4.5,0.7,-3.8,-0.2,2021,wanambr01
452,T.J. Warren,SF,27,IND,4,117,12.1,0.56,0.13699999999999998,0.196,1.9,11.2,6.6,6.7,0.8,0.0,6.7,22.0,0.1,0.1,0.1,0.054000000000000006,-3.0,-2.5,-5.5,-0.1,2021,warretj01
453,P.J. Washington,PF,22,CHO,24,691,12.8,0.516,0.342,0.281,6.1,18.4,12.1,14.9,1.5,4.5,15.9,19.0,0.0,0.9,0.9,0.061,-1.9,0.5,-1.4,0.1,2021,washipj01
454,Yuta Watanabe,SF,26,TOR,18,223,11.1,0.514,0.5489999999999999,0.157,7.7,22.1,14.6,4.2,1.9,5.0,12.8,12.0,0.1,0.3,0.4,0.084,-2.0,0.0,-2.0,0.0,2021,watanyu01
455,Tremont Waters,PG,23,BOS,9,90,5.4,0.36,0.444,0.29600000000000004,2.4,7.6,4.9,35.6,2.7,0.0,29.9,20.7,-0.3,0.1,-0.2,-0.091,-4.9,-2.1,-7.0,-0.1,2021,watertr01
456,Paul Watson,SF,26,TOR,13,42,23.0,0.929,0.7859999999999999,0.0,2.5,21.8,11.8,7.7,0.0,4.8,6.7,15.2,0.2,0.0,0.2,0.242,7.2,1.6,8.8,0.1,2021,watsopa01
457,Quinndary Weatherspoon,SG,24,SAS,5,24,-10.1,0.34,0.2,0.4,0.0,8.9,4.3,15.2,2.0,0.0,50.5,21.2,-0.2,0.0,-0.2,-0.31,-18.3,-3.9,-22.2,-0.1,2021,weathqu01
458,Russell Westbrook,PG,32,WAS,18,591,15.0,0.475,0.23399999999999999,0.28,5.1,25.0,14.7,45.8,1.1,0.9,19.1,31.5,-0.8,0.5,-0.3,-0.024,0.4,-1.7,-1.3,0.1,2021,westbru01
459,Coby White,PG,20,CHI,26,880,11.2,0.526,0.489,0.16,1.2,14.0,7.7,22.8,0.5,0.3,14.0,21.7,0.2,0.5,0.7,0.039,-1.4,-2.2,-3.7,-0.4,2021,whiteco01
460,Derrick White,SG,26,SAS,8,189,15.1,0.508,0.512,0.174,0.5,7.3,3.8,24.0,2.0,3.6,7.0,22.6,0.1,0.2,0.3,0.087,0.7,0.8,1.5,0.2,2021,whitede01
461,Hassan Whiteside,C,31,SAC,20,296,22.3,0.617,0.009000000000000001,0.451,11.3,30.6,20.9,4.7,1.0,7.7,12.3,22.3,0.5,0.3,0.8,0.125,-0.2,0.3,0.1,0.2,2021,whiteha01
462,Andrew Wiggins,PF,25,GSW,28,896,14.2,0.5529999999999999,0.35200000000000004,0.239,3.2,11.7,7.6,10.5,1.0,3.7,9.6,23.2,0.2,1.0,1.2,0.066,-0.7,-0.7,-1.4,0.1,2021,wiggian01
463,Grant Williams,PF,22,BOS,23,440,8.4,0.575,0.531,0.302,5.9,12.4,9.0,6.1,1.2,2.1,16.8,12.7,0.2,0.4,0.6,0.065,-3.4,-0.1,-3.5,-0.2,2021,willigr01
464,Kenrich Williams,PF,26,OKC,26,468,14.0,0.601,0.28,0.161,8.5,13.0,10.8,13.7,1.9,0.9,14.8,13.7,0.6,0.5,1.2,0.122,-1.2,0.8,-0.4,0.2,2021,willike04
465,Lou Williams,PG,34,LAC,27,590,17.1,0.537,0.278,0.28600000000000003,2.0,9.7,5.9,26.1,1.8,0.5,11.0,25.9,0.9,0.5,1.4,0.113,0.1,-1.7,-1.6,0.1,2021,willilo02
466,Patrick Williams,PF,19,CHI,25,690,9.2,0.542,0.275,0.265,3.6,14.6,9.2,5.1,1.2,2.2,14.6,16.4,-0.2,0.6,0.4,0.031,-3.5,-1.1,-4.5,-0.4,2021,willipa01
467,Robert Williams,C,23,BOS,19,278,23.5,0.721,0.015,0.324,16.3,23.7,19.9,6.9,3.0,7.3,21.3,15.2,0.7,0.6,1.3,0.21600000000000003,1.2,1.7,3.0,0.4,2021,williro04
468,Zion Williamson,PF,20,NOP,25,818,25.7,0.647,0.034,0.491,8.3,14.6,11.5,15.4,1.4,2.4,11.0,27.6,2.8,0.5,3.3,0.196,4.1,-0.3,3.8,1.2,2021,willizi01
469,D.J. Wilson,PF,24,MIL,10,94,8.1,0.488,0.622,0.054000000000000006,3.5,20.8,12.4,4.0,0.5,2.8,9.6,18.7,-0.1,0.1,0.0,0.019,-3.9,-2.1,-6.0,-0.1,2021,wilsodj01
470,Dylan Windler,SF,24,CLE,15,262,13.5,0.621,0.6459999999999999,0.262,4.5,19.7,11.8,9.9,1.7,2.8,17.1,14.3,0.2,0.3,0.5,0.09,-0.4,0.5,0.0,0.1,2021,windldy01
471,Cassius Winston,PG,22,WAS,6,44,9.9,0.597,0.7,0.2,0.0,9.9,4.8,18.0,0.0,2.0,8.4,11.2,0.1,0.0,0.1,0.087,-2.2,-1.8,-4.0,0.0,2021,winstca01
472,James Wiseman,C,19,GSW,20,419,15.1,0.5479999999999999,0.113,0.313,7.6,22.4,15.2,5.3,0.9,5.5,12.6,25.6,-0.2,0.7,0.5,0.057999999999999996,-3.5,-0.7,-4.1,-0.2,2021,wisemja01
473,Christian Wood,C,25,HOU,17,530,24.2,0.634,0.285,0.24,6.1,28.7,17.3,7.8,1.4,4.2,9.5,26.2,1.0,1.0,2.0,0.18,3.5,0.5,4.0,0.8,2021,woodch01
474,Robert Woodard,SF,21,SAC,6,17,23.0,0.547,0.273,0.182,19.1,32.5,25.8,0.0,0.0,0.0,7.8,32.3,0.0,0.0,0.0,0.009000000000000001,3.9,-5.9,-2.0,0.0,2021,woodaro01
475,Delon Wright,SG,28,DET,27,785,16.8,0.5579999999999999,0.301,0.35200000000000004,4.4,14.0,9.0,25.7,2.3,1.8,11.2,15.7,1.4,0.8,2.2,0.13699999999999998,1.5,1.4,2.8,0.9,2021,wrighde01
476,Thaddeus Young,PF,32,CHI,22,568,18.6,0.61,0.105,0.157,10.3,13.8,12.1,24.5,2.5,1.6,17.7,18.5,1.1,0.7,1.8,0.149,1.0,1.1,2.1,0.6,2021,youngth01
477,Trae Young,PG,22,ATL,25,866,22.3,0.5870000000000001,0.344,0.585,2.2,9.7,6.0,44.5,1.0,0.7,15.7,32.1,2.5,0.4,2.9,0.161,5.5,-1.5,3.9,1.3,2021,youngtr01
478,Cody Zeller,C,28,CHO,15,361,18.2,0.569,0.133,0.242,11.4,24.3,17.7,15.2,1.3,2.5,9.5,17.3,0.8,0.5,1.2,0.161,0.4,0.6,1.0,0.3,2021,zelleco01
479,Ivica Zubac,C,23,LAC,29,564,20.6,0.7240000000000001,0.006999999999999999,0.522,13.6,24.0,18.9,7.5,1.0,3.8,14.8,15.4,2.0,0.8,2.7,0.233,0.7,-0.3,0.4,0.3,2021,zubaciv01
