,Player,Pos,Age,Tm,G,GS,MP,FG,FGA,FGPc,_3P,_3PA,_3PTPc,_2P,_2PA,_2PTPc,eFGPc,FT,FTA,FTPc,ORB,DRB,TRB,AST,STL,BLK,TOV,PF,PTS,Season,PlayerID
0,Precious Achiuwa,PF,21,MIA,27,2,14.5,6.1,10.6,0.574,0.0,0.0,0.0,6.1,10.6,0.574,0.574,3.3,6.0,0.5539999999999999,3.3,6.4,9.8,1.6,1.1,1.4,2.7,4.9,15.5,2021,achiupr01
1,Jaylen Adams,PG,24,MIL,6,0,2.8,2.1,16.9,0.125,0.0,4.2,0.0,2.1,12.7,0.16699999999999998,0.125,0.0,0.0,0.0,0.0,6.4,6.4,4.2,0.0,0.0,0.0,2.1,4.2,2021,adamsja01
2,Steven Adams,C,27,NOP,25,25,29.1,4.4,7.4,0.593,0.0,0.0,0.0,4.4,7.4,0.597,0.593,1.4,3.0,0.483,5.5,5.8,11.3,2.9,1.1,0.6,2.2,2.4,10.3,2021,adamsst01
3,Bam Adebayo,C,23,MIA,25,25,33.6,7.8,13.7,0.5710000000000001,0.1,0.2,0.4,7.7,13.5,0.573,0.574,5.5,6.5,0.8420000000000001,2.1,8.0,10.1,5.7,1.1,1.1,3.2,2.7,21.2,2021,adebaba01
4,LaMarcus Aldridge,C,35,SAS,18,18,26.7,8.0,16.9,0.47600000000000003,1.8,5.0,0.358,6.2,11.8,0.525,0.529,1.2,1.6,0.762,1.1,4.7,5.9,2.6,0.5,1.2,1.2,2.0,19.0,2021,aldrila01
5,Ty-Shon Alexander,SG,22,PHO,3,0,2.7,0.0,13.5,0.0,0.0,4.5,0.0,0.0,9.0,0.0,0.0,0.0,0.0,0.0,0.0,4.5,4.5,4.5,0.0,0.0,0.0,4.5,0.0,2021,alexaty01
6,Nickeil Alexander-Walker,SG,22,NOP,22,3,19.9,6.2,15.4,0.406,1.9,7.1,0.267,4.4,8.3,0.525,0.46799999999999997,2.1,2.6,0.7809999999999999,0.4,4.5,4.9,3.7,2.1,0.7,2.5,3.2,16.4,2021,alexani01
7,Grayson Allen,SG,25,MEM,17,6,23.3,4.5,10.9,0.41700000000000004,3.3,7.8,0.419,1.3,3.1,0.41200000000000003,0.5670000000000001,2.8,3.2,0.8859999999999999,0.6,3.9,4.5,3.0,1.6,0.3,1.7,2.0,15.2,2021,allengr01
8,Jarrett Allen,C,22,TOT,28,10,26.2,6.0,9.3,0.642,0.0,0.2,0.25,5.9,9.1,0.6509999999999999,0.645,4.9,6.5,0.758,4.0,8.3,12.4,2.2,0.6,2.3,2.1,2.2,16.9,2021,allenja01
9,Al-Farouq Aminu,PF,30,ORL,1,0,5.0,0.0,0.0,0.0,0.0,0.0,0.0,0.0,0.0,0.0,0.0,0.0,14.4,0.0,0.0,7.2,7.2,7.2,0.0,0.0,7.2,0.0,0.0,2021,aminual01
10,Kyle Anderson,PF,27,MEM,22,22,28.3,6.2,13.5,0.45899999999999996,2.1,5.5,0.379,4.1,8.0,0.514,0.536,2.4,3.0,0.7879999999999999,1.2,6.8,8.0,4.9,1.2,1.0,1.9,2.3,16.8,2021,anderky01
11,Giannis Antetokounmpo,PF,26,MIL,26,26,33.4,11.1,19.7,0.563,1.2,4.3,0.282,9.9,15.5,0.6409999999999999,0.593,6.7,10.5,0.638,1.9,10.4,12.3,6.2,1.2,1.4,3.9,3.4,30.1,2021,antetgi01
12,Kostas Antetokounmpo,PF,23,LAL,1,0,8.0,0.0,9.0,0.0,0.0,0.0,0.0,0.0,9.0,0.0,0.0,0.0,0.0,0.0,0.0,18.0,18.0,0.0,0.0,9.0,9.0,4.5,0.0,2021,antetko01
13,Thanasis Antetokounmpo,SF,28,MIL,17,0,8.8,4.1,6.3,0.654,0.5,1.7,0.28600000000000003,3.6,4.6,0.789,0.6920000000000001,1.0,1.7,0.5710000000000001,3.1,4.3,7.5,3.6,1.2,0.7,3.6,6.0,9.7,2021,antetth01
14,Carmelo Anthony,PF,36,POR,25,3,25.4,6.6,16.4,0.4,2.4,6.5,0.374,4.1,9.9,0.41700000000000004,0.474,3.6,4.2,0.851,0.7,4.2,4.9,1.8,1.1,1.1,1.4,2.9,19.1,2021,anthoca01
15,Cole Anthony,PG,20,ORL,25,17,26.7,5.5,14.5,0.375,1.5,4.5,0.325,4.0,10.0,0.39799999999999996,0.426,2.5,3.0,0.836,1.1,4.9,6.0,5.1,0.9,0.6,2.8,2.8,14.8,2021,anthoco01
16,OG Anunoby,SF,23,TOR,17,17,34.8,5.2,10.8,0.486,2.6,5.9,0.433,2.7,4.9,0.55,0.605,2.1,2.9,0.745,1.6,4.4,6.0,1.6,2.1,0.5,1.8,3.0,15.1,2021,anunoog01
17,Ryan Arcidiacono,PG,26,CHI,10,0,10.0,2.9,7.9,0.364,2.2,5.4,0.4,0.7,2.5,0.28600000000000003,0.5,1.4,1.8,0.8,0.4,6.8,7.2,5.4,1.1,0.0,0.7,3.6,9.4,2021,arcidry01
18,D.J. Augustin,PG,33,MIL,26,0,17.9,3.6,10.5,0.341,2.5,6.7,0.37200000000000005,1.1,3.8,0.28600000000000003,0.45899999999999996,2.6,2.9,0.895,0.8,1.6,2.4,5.8,1.0,0.1,1.6,1.5,12.2,2021,augusdj01
19,Deni Avdija,SF,20,WAS,21,16,23.0,4.1,9.6,0.426,1.9,5.5,0.35600000000000004,2.2,4.2,0.518,0.527,0.8,1.4,0.579,0.9,6.6,7.5,2.5,1.2,0.3,1.3,4.4,11.0,2021,avdijde01
20,Deandre Ayton,C,22,PHO,26,26,32.0,6.8,11.6,0.584,0.1,0.6,0.2,6.7,11.0,0.606,0.589,1.9,2.6,0.7170000000000001,4.2,9.6,13.9,2.0,0.3,1.1,2.4,3.8,15.6,2021,aytonde01
21,Udoka Azubuike,C,21,UTA,12,0,4.1,2.9,5.1,0.5710000000000001,0.0,0.0,0.0,2.9,5.1,0.5710000000000001,0.5710000000000001,2.9,4.4,0.667,2.9,6.6,9.6,0.0,0.7,2.9,2.2,5.9,8.8,2021,azubuud01
22,Dwayne Bacon,SG,25,ORL,28,19,25.1,5.7,13.9,0.413,1.4,4.1,0.35,4.3,9.8,0.44,0.465,2.3,2.8,0.8,0.6,3.9,4.5,1.5,1.1,0.1,1.0,2.4,15.2,2021,bacondw01
23,Marvin Bagley III,PF,21,SAC,25,25,24.9,7.4,15.5,0.47600000000000003,1.5,4.0,0.371,5.9,11.5,0.513,0.524,2.1,4.2,0.514,3.0,7.6,10.6,1.3,0.7,0.7,2.1,3.6,18.4,2021,baglema01
24,LaMelo Ball,PG,19,CHO,28,8,27.7,7.1,16.1,0.43700000000000006,2.4,6.7,0.354,4.7,9.5,0.495,0.51,2.6,3.2,0.797,2.0,6.0,8.0,7.9,2.0,0.5,3.5,3.4,19.0,2021,ballla01
25,Lonzo Ball,PG,23,NOP,23,23,30.8,5.9,14.1,0.42100000000000004,3.3,8.7,0.37799999999999995,2.6,5.4,0.491,0.5379999999999999,0.9,1.2,0.7390000000000001,0.8,4.5,5.2,5.5,1.4,0.6,2.4,2.8,16.0,2021,balllo01
26,Mo Bamba,C,22,ORL,12,0,8.6,9.1,17.5,0.52,1.4,5.2,0.267,7.7,12.2,0.629,0.56,1.0,1.7,0.6,5.2,10.1,15.4,1.4,0.7,2.8,1.4,4.9,20.6,2021,bambamo01
27,Desmond Bane,SG,22,MEM,20,2,22.8,5.9,12.2,0.484,3.2,6.7,0.48200000000000004,2.7,5.5,0.486,0.616,1.1,1.3,0.8240000000000001,0.7,3.5,4.2,2.5,1.0,0.2,1.8,2.9,16.2,2021,banede01
28,Harrison Barnes,PF,28,SAC,27,27,35.1,5.4,11.2,0.48,1.7,4.4,0.38799999999999996,3.7,6.8,0.539,0.556,3.7,4.4,0.843,1.1,5.3,6.4,3.5,0.8,0.2,1.4,1.2,16.2,2021,barneha02
29,RJ Barrett,SG,20,NYK,29,29,34.0,6.7,15.6,0.42700000000000005,1.1,3.6,0.303,5.6,12.0,0.465,0.462,3.1,4.2,0.7390000000000001,1.4,5.1,6.5,3.3,0.8,0.2,2.0,2.6,17.5,2021,barrerj01
30,Will Barton,SF,30,DEN,25,21,29.8,5.3,12.1,0.436,1.9,4.8,0.40399999999999997,3.3,7.3,0.457,0.516,1.6,2.1,0.75,0.6,3.9,4.5,3.9,1.0,0.5,1.8,2.2,14.1,2021,bartowi01
31,Keita Bates-Diop,SF,25,SAS,8,0,3.4,0.0,12.0,0.0,0.0,5.3,0.0,0.0,6.7,0.0,0.0,6.7,8.0,0.833,1.3,2.7,4.0,2.7,1.3,0.0,0.0,0.0,6.7,2021,bateske01
32,Nicolas Batum,SF,32,LAC,27,27,29.9,4.0,8.2,0.49200000000000005,2.5,5.6,0.456,1.5,2.6,0.569,0.648,1.2,1.3,0.867,1.1,4.8,5.9,2.8,1.7,0.4,0.8,2.1,11.7,2021,batumni01
33,Aron Baynes,C,34,TOR,24,24,18.8,4.6,11.4,0.406,1.0,4.3,0.222,3.7,7.1,0.517,0.44799999999999995,0.6,0.6,0.875,2.9,7.5,10.4,1.9,0.6,0.6,1.6,5.0,10.8,2021,baynear01
34,Kent Bazemore,SF,31,GSW,26,0,15.8,5.1,9.9,0.513,2.1,4.7,0.444,3.0,5.2,0.5760000000000001,0.619,1.9,2.5,0.7859999999999999,1.0,5.7,6.7,3.5,1.8,1.4,2.4,4.9,14.2,2021,bazemke01
35,Darius Bazley,PF,20,OKC,26,26,30.9,5.2,13.1,0.396,1.7,5.9,0.28,3.5,7.2,0.491,0.45899999999999996,1.8,2.4,0.759,0.7,8.0,8.7,1.9,0.5,0.9,2.1,1.3,13.9,2021,bazleda01
36,Bradley Beal,SG,27,WAS,23,23,35.2,11.8,24.8,0.47600000000000003,2.6,7.7,0.341,9.2,17.1,0.536,0.529,7.6,8.6,0.8909999999999999,1.4,3.9,5.3,4.5,1.4,0.5,3.2,2.6,33.8,2021,bealbr01
37,Malik Beasley,SG,24,MIN,27,27,32.3,8.5,18.6,0.45799999999999996,3.8,9.4,0.402,4.7,9.2,0.516,0.56,2.4,2.8,0.855,1.1,4.6,5.6,2.8,0.9,0.2,1.7,1.8,23.3,2021,beaslma01
38,Jordan Bell,C,26,WAS,3,1,16.7,3.6,10.8,0.33299999999999996,0.0,1.4,0.0,3.6,9.4,0.385,0.33299999999999996,0.0,0.0,0.0,3.6,7.9,11.5,3.6,0.7,2.2,2.2,2.9,7.2,2021,belljo01
39,DeAndre' Bembry,SF,26,TOR,18,0,13.5,4.4,7.6,0.588,1.0,2.1,0.5,3.4,5.5,0.622,0.657,0.9,1.3,0.667,1.2,3.3,4.4,4.4,1.6,0.7,1.6,3.1,10.8,2021,bembrde01
40,Dāvis Bertāns,PF,28,WAS,22,3,25.6,4.3,12.2,0.35600000000000004,3.8,10.8,0.349,0.6,1.4,0.409,0.51,2.2,2.8,0.795,0.6,3.8,4.4,1.4,1.0,0.4,0.8,3.5,14.7,2021,bertada01
41,Patrick Beverley,PG,32,LAC,19,19,24.2,4.0,9.5,0.42100000000000004,2.7,6.1,0.436,1.3,3.4,0.395,0.562,1.6,2.1,0.778,1.6,4.7,6.3,3.2,1.4,1.0,1.1,5.0,12.3,2021,beverpa01
42,Saddiq Bey,SF,21,DET,25,8,19.9,5.3,12.7,0.41700000000000004,3.5,8.4,0.42200000000000004,1.7,4.3,0.40700000000000003,0.557,2.4,3.0,0.805,0.7,5.6,6.4,1.6,0.9,0.1,1.3,2.5,16.5,2021,beysa01
43,Tyler Bey,SF,22,DAL,4,0,3.2,5.5,13.8,0.4,0.0,0.0,0.0,5.5,13.8,0.4,0.4,5.5,11.1,0.5,5.5,2.8,8.3,0.0,0.0,2.8,0.0,5.5,16.6,2021,beyty01
44,Khem Birch,C,28,ORL,28,0,22.0,4.2,8.1,0.518,0.2,0.7,0.25,4.0,7.4,0.5429999999999999,0.529,2.7,3.5,0.767,4.4,5.4,9.9,2.0,1.2,1.1,1.1,2.8,11.3,2021,birchkh01
45,Goga Bitadze,C,21,IND,13,0,9.5,6.4,11.0,0.579,0.6,3.5,0.16699999999999998,5.8,7.5,0.769,0.605,2.6,3.5,0.75,2.6,5.8,8.4,0.9,0.9,4.1,1.2,6.7,16.0,2021,bitadgo01
46,Bismack Biyombo,C,28,CHO,26,16,22.5,4.2,7.3,0.58,0.0,0.1,0.0,4.2,7.3,0.585,0.58,1.3,2.9,0.447,3.5,5.8,9.3,2.1,0.4,2.0,1.4,3.8,9.8,2021,biyombi01
47,Nemanja Bjelica,PF,32,SAC,13,0,16.2,5.1,11.4,0.44799999999999995,1.2,4.4,0.26899999999999996,3.9,7.0,0.561,0.5,3.9,4.8,0.821,2.0,6.3,8.4,4.8,0.0,0.3,2.7,4.1,15.4,2021,bjeline01
48,Eric Bledsoe,SG,31,NOP,25,24,29.3,5.7,13.3,0.433,2.8,6.9,0.4,3.0,6.4,0.469,0.537,1.7,2.7,0.648,0.6,3.8,4.4,4.5,0.8,0.3,2.2,1.9,16.0,2021,bledser01
49,Keljin Blevins,SF,25,POR,8,0,4.8,0.9,8.5,0.111,0.0,2.8,0.0,0.9,5.7,0.16699999999999998,0.111,0.0,0.0,0.0,0.0,0.0,0.0,3.8,1.9,0.0,2.8,3.8,1.9,2021,blevike01
50,Bogdan Bogdanović,SG,28,ATL,9,2,23.7,5.1,13.2,0.385,3.5,9.8,0.36200000000000004,1.5,3.4,0.45,0.519,1.4,1.5,0.889,0.3,5.4,5.7,3.2,0.7,0.2,1.9,3.0,15.0,2021,bogdabo01
51,Bojan Bogdanović,SF,31,UTA,28,28,31.0,6.0,14.1,0.42200000000000004,3.1,7.8,0.39399999999999996,2.9,6.3,0.45799999999999996,0.531,3.1,3.6,0.862,0.6,4.1,4.7,2.5,0.5,0.0,1.7,1.8,18.1,2021,bogdabo02
52,Bol Bol,PF,21,DEN,12,2,5.4,3.9,8.9,0.43799999999999994,1.1,3.3,0.33299999999999996,2.8,5.5,0.5,0.5,0.6,1.1,0.5,0.0,5.0,5.0,1.1,0.6,2.2,2.8,3.9,9.4,2021,bolbo01
53,Marques Bolden,C,22,CLE,6,0,4.8,1.2,3.7,0.33299999999999996,0.0,0.0,0.0,1.2,3.7,0.33299999999999996,0.33299999999999996,6.2,9.9,0.625,3.7,3.7,7.4,0.0,2.5,2.5,2.5,0.0,8.7,2021,boldema01
54,Jordan Bone,PG,23,ORL,14,0,14.0,4.2,9.9,0.426,1.8,5.9,0.313,2.4,4.0,0.591,0.519,0.0,0.0,0.0,0.7,3.7,4.4,3.3,0.4,0.0,0.6,2.0,10.3,2021,bonejo01
55,Isaac Bonga,SF,21,WAS,17,7,13.5,2.2,5.6,0.389,1.4,3.4,0.409,0.8,2.2,0.35700000000000004,0.514,0.3,0.5,0.667,1.3,4.7,5.9,1.4,0.6,0.6,1.1,4.4,6.1,2021,bongais01
56,Devin Booker,SG,24,PHO,22,22,35.2,9.2,18.6,0.494,2.2,6.0,0.364,7.0,12.6,0.556,0.5529999999999999,4.6,5.5,0.8240000000000001,0.2,3.7,3.9,4.4,0.9,0.3,3.7,3.3,25.1,2021,bookede01
57,Chris Boucher,C,28,TOR,27,0,23.1,7.4,14.1,0.529,2.4,5.5,0.43200000000000005,5.1,8.6,0.591,0.613,3.9,5.2,0.7440000000000001,3.2,7.4,10.6,1.6,0.8,3.1,1.0,4.3,21.1,2021,bouchch01
58,Brian Bowen,SF,22,IND,1,0,5.0,7.2,14.4,0.5,0.0,0.0,0.0,7.2,14.4,0.5,0.5,7.2,7.2,1.0,0.0,7.2,7.2,0.0,0.0,0.0,0.0,0.0,21.6,2021,bowenbr02
59,Avery Bradley,SG,30,MIA,10,1,21.1,5.3,11.3,0.47,2.7,6.5,0.42100000000000004,2.6,4.8,0.536,0.591,1.2,1.5,0.778,0.3,2.7,3.1,2.4,1.2,0.2,1.5,4.4,14.5,2021,bradlav01
60,Tony Bradley,C,23,PHI,10,1,11.7,5.8,11.1,0.528,0.0,0.3,0.0,5.8,10.8,0.5429999999999999,0.528,0.9,1.5,0.6,6.5,8.9,15.4,1.8,0.9,1.8,0.3,3.4,12.6,2021,bradlto01
61,Jarrell Brantley,PF,24,UTA,7,0,2.9,5.4,12.6,0.429,5.4,9.0,0.6,0.0,3.6,0.0,0.643,0.0,0.0,0.0,1.8,5.4,7.2,0.0,1.8,1.8,1.8,7.2,16.2,2021,brantja01
62,Ignas Brazdeikis,SF,22,NYK,4,0,1.8,0.0,5.1,0.0,0.0,0.0,0.0,0.0,5.1,0.0,0.0,10.3,10.3,1.0,5.1,5.1,10.3,5.1,0.0,0.0,5.1,0.0,10.3,2021,brazdig01
63,Mikal Bridges,SF,24,PHO,26,26,33.1,5.6,11.1,0.502,2.1,5.4,0.395,3.4,5.7,0.603,0.598,2.3,2.8,0.833,1.5,4.2,5.8,2.3,0.7,1.0,0.8,2.1,15.6,2021,bridgmi01
64,Miles Bridges,PF,22,CHO,28,2,26.7,5.1,10.8,0.469,1.7,4.8,0.364,3.3,6.0,0.552,0.5489999999999999,1.5,1.6,0.9390000000000001,1.8,6.0,7.8,2.6,1.0,1.1,2.4,3.3,13.3,2021,bridgmi02
65,Malcolm Brogdon,PG,28,IND,28,28,35.9,8.0,18.4,0.43799999999999994,2.5,6.7,0.37799999999999995,5.5,11.6,0.47200000000000003,0.507,2.7,3.0,0.904,0.7,4.0,4.7,6.6,1.3,0.3,2.0,1.8,21.3,2021,brogdma01
66,Dillon Brooks,SF,25,MEM,22,22,29.1,7.6,19.3,0.39399999999999996,2.4,7.6,0.311,5.2,11.7,0.447,0.455,1.9,2.4,0.767,1.4,2.7,4.1,3.3,1.7,0.5,2.7,3.9,19.4,2021,brookdi01
67,Bruce Brown,PG,24,BRK,25,12,18.9,5.3,9.4,0.569,0.3,1.7,0.182,5.0,7.7,0.653,0.585,1.5,2.2,0.69,2.5,6.0,8.5,1.8,1.2,0.7,1.7,3.6,12.5,2021,brownbr01
68,Jaylen Brown,SG,24,BOS,24,24,33.2,10.9,21.2,0.513,2.5,6.2,0.409,8.3,15.0,0.556,0.573,4.0,5.3,0.752,1.4,4.7,6.2,3.7,1.4,0.7,2.9,3.1,28.2,2021,brownja02
69,Moses Brown,C,21,OKC,7,0,4.4,8.1,11.6,0.7,0.0,0.0,0.0,8.1,11.6,0.7,0.7,8.1,16.3,0.5,4.6,12.8,17.4,3.5,1.2,4.6,1.2,4.6,24.4,2021,brownmo01
70,Sterling Brown,SG,25,HOU,25,1,21.2,4.8,10.5,0.45799999999999996,2.6,6.4,0.415,2.2,4.1,0.525,0.584,0.7,0.7,1.0,1.4,5.3,6.7,2.9,1.6,0.4,1.2,3.3,13.0,2021,brownst02
71,Troy Brown Jr.,SF,21,WAS,13,0,15.8,3.9,10.9,0.355,1.9,6.3,0.306,1.9,4.6,0.423,0.444,1.2,2.1,0.583,1.4,6.5,7.9,2.3,0.4,0.4,2.1,4.0,10.9,2021,browntr01
72,Jalen Brunson,PG,24,DAL,24,6,24.1,6.4,12.5,0.515,1.6,4.2,0.382,4.8,8.2,0.583,0.58,3.0,3.4,0.889,0.3,4.4,4.7,5.4,0.6,0.0,1.8,2.2,17.4,2021,brunsja01
73,Thomas Bryant,C,23,WAS,10,10,27.1,7.8,12.1,0.648,1.2,2.8,0.429,6.6,9.3,0.7140000000000001,0.698,2.1,3.2,0.667,2.4,5.7,8.1,2.0,0.5,1.1,1.5,4.1,19.0,2021,bryanth01
74,Reggie Bullock,SF,29,NYK,24,24,26.5,4.4,10.6,0.41,2.5,6.5,0.386,1.9,4.2,0.446,0.527,0.6,0.8,0.7859999999999999,0.4,4.4,4.8,1.8,1.0,0.3,1.0,3.5,11.8,2021,bullore01
75,Trey Burke,PG,28,DAL,27,0,17.3,6.1,13.8,0.444,2.8,7.0,0.396,3.3,6.7,0.494,0.545,1.8,2.1,0.852,0.3,2.0,2.3,3.3,1.6,0.2,1.2,3.1,16.8,2021,burketr01
76,Alec Burks,SG,29,NYK,17,3,25.6,5.0,12.7,0.39899999999999997,2.8,6.8,0.415,2.2,5.9,0.38,0.51,2.9,3.6,0.8140000000000001,0.7,5.9,6.6,3.1,1.2,0.4,1.4,2.6,15.8,2021,burksal01
77,Jimmy Butler,SF,31,MIA,15,15,32.5,6.7,15.1,0.441,0.2,1.6,0.136,6.4,13.5,0.478,0.449,8.5,9.9,0.858,2.0,6.2,8.2,7.9,2.1,0.4,2.1,1.2,22.0,2021,butleji01
78,Bruno Caboclo,PF,25,HOU,6,0,6.0,8.0,17.0,0.47100000000000003,0.0,5.0,0.0,8.0,12.0,0.667,0.47100000000000003,1.0,2.0,0.5,3.0,11.0,14.0,1.0,0.0,2.0,4.0,6.0,17.0,2021,cabocbr01
79,Devontae Cacok,PF,24,LAL,1,0,2.0,18.0,18.0,1.0,0.0,0.0,0.0,18.0,18.0,1.0,1.0,0.0,0.0,0.0,0.0,0.0,0.0,0.0,0.0,0.0,0.0,0.0,36.0,2021,cacokde01
80,Kentavious Caldwell-Pope,SG,27,LAL,24,24,24.8,4.3,9.5,0.45899999999999996,2.3,5.3,0.43700000000000006,2.1,4.2,0.486,0.58,1.4,1.6,0.852,0.4,2.8,3.2,2.0,1.1,0.5,1.4,2.4,12.4,2021,caldwke01
81,Facundo Campazzo,PG,29,DEN,23,0,12.4,3.5,9.7,0.364,2.5,6.8,0.37,1.0,2.9,0.348,0.494,2.1,2.8,0.773,0.5,1.5,2.0,4.9,2.4,0.4,1.9,5.1,11.7,2021,campafa01
82,Vlatko Čančar,PF,23,DEN,12,0,3.2,1.8,11.1,0.16699999999999998,0.9,6.5,0.14300000000000002,0.9,4.6,0.2,0.20800000000000002,0.9,1.8,0.5,2.8,6.5,9.2,0.0,2.8,1.8,2.8,2.8,5.5,2021,cancavl01
83,Clint Capela,C,26,ATL,24,24,29.1,7.6,13.4,0.569,0.0,0.0,0.0,7.6,13.4,0.569,0.569,1.9,3.6,0.536,5.7,11.7,17.4,1.2,1.0,2.7,1.8,2.8,17.2,2021,capelca01
84,Vernon Carey Jr.,C,19,CHO,3,0,2.0,6.0,18.0,0.33299999999999996,0.0,6.0,0.0,6.0,12.0,0.5,0.33299999999999996,6.0,12.0,0.5,12.0,6.0,18.0,6.0,0.0,6.0,0.0,0.0,18.0,2021,careyve01
85,Jevon Carter,PG,25,PHO,23,0,11.1,3.5,10.3,0.342,2.0,6.9,0.28600000000000003,1.5,3.4,0.45799999999999996,0.43799999999999994,0.3,0.3,1.0,0.4,4.1,4.5,3.7,1.4,0.8,0.7,3.8,9.3,2021,carteje01
86,Wendell Carter Jr.,C,21,CHI,15,15,26.5,6.2,11.7,0.535,0.4,1.4,0.267,5.9,10.3,0.57,0.55,4.3,6.0,0.727,3.1,7.9,10.9,3.2,0.9,0.8,2.8,4.3,17.2,2021,cartewe01
87,Michael Carter-Williams,SG,29,ORL,9,4,24.0,4.5,12.3,0.365,0.3,2.7,0.125,4.2,9.7,0.431,0.37799999999999995,2.5,3.3,0.75,3.0,4.5,7.5,3.8,0.7,0.7,2.3,4.2,11.8,2021,cartemi01
88,Alex Caruso,PG,26,LAL,21,0,18.8,4.0,8.7,0.46299999999999997,1.9,4.4,0.43799999999999994,2.1,4.3,0.489,0.574,0.8,0.9,0.9,1.0,3.7,4.7,4.3,1.9,0.3,2.3,3.1,10.8,2021,carusal01
89,Willie Cauley-Stein,C,27,DAL,26,10,17.5,4.9,7.9,0.626,0.1,0.4,0.2,4.8,7.5,0.649,0.631,2.2,3.5,0.636,2.6,6.9,9.5,1.6,0.7,1.5,1.1,5.2,12.1,2021,caulewi01
90,Chris Chiozza,PG,25,BRK,11,0,9.1,4.3,14.4,0.3,1.8,6.1,0.294,2.5,8.3,0.304,0.363,3.2,4.0,0.818,1.1,2.5,3.6,9.0,1.4,1.1,2.9,2.5,13.7,2021,chiozch01
91,Marquese Chriss,PF,23,GSW,2,0,13.5,6.7,18.7,0.35700000000000004,1.3,6.7,0.2,5.3,12.0,0.444,0.39299999999999996,2.7,5.3,0.5,4.0,13.3,17.3,2.7,0.0,2.7,2.7,4.0,17.3,2021,chrisma01
92,Gary Clark,SF,26,ORL,25,10,21.0,1.9,6.4,0.287,1.4,5.5,0.25,0.5,1.0,0.5,0.39399999999999996,0.4,0.5,0.857,1.9,4.1,6.0,1.5,0.5,0.3,1.0,2.0,5.5,2021,clarkga01
93,Brandon Clarke,PF,24,MEM,18,13,27.9,7.4,14.9,0.495,0.6,2.4,0.265,6.7,12.5,0.54,0.517,1.7,2.6,0.649,2.1,5.2,7.4,2.3,1.5,0.9,0.8,1.9,17.1,2021,clarkbr01
94,Jordan Clarkson,SG,28,UTA,28,0,26.0,9.3,20.1,0.462,4.5,11.6,0.385,4.8,8.5,0.5670000000000001,0.573,2.3,2.4,0.958,1.2,4.5,5.7,2.9,1.3,0.3,2.6,2.0,25.3,2021,clarkjo01
95,Amir Coffey,SG,23,LAC,18,0,7.1,4.5,9.6,0.47100000000000003,2.5,5.1,0.5,2.0,4.5,0.43799999999999994,0.603,0.6,2.0,0.28600000000000003,0.6,2.5,3.1,2.2,1.1,0.0,1.1,2.8,12.1,2021,coffeam01
96,John Collins,PF,23,ATL,27,27,31.7,8.1,14.9,0.544,1.6,4.0,0.41100000000000003,6.5,10.9,0.5920000000000001,0.599,2.7,3.2,0.853,2.5,6.2,8.7,1.8,0.5,1.1,1.6,3.8,20.6,2021,collijo01
97,Mike Conley,PG,33,UTA,23,23,29.3,7.0,15.5,0.45,3.4,8.3,0.41,3.6,7.2,0.496,0.56,2.8,3.5,0.815,1.2,3.3,4.5,7.2,1.7,0.1,2.5,2.2,20.2,2021,conlemi01
98,Pat Connaughton,SG,28,MIL,24,0,18.5,3.9,9.2,0.425,2.4,6.2,0.382,1.5,3.0,0.514,0.5529999999999999,0.4,0.7,0.625,1.6,5.7,7.3,2.8,1.4,0.7,0.5,2.5,10.6,2021,connapa01
99,Quinn Cook,PG,27,LAL,15,0,3.4,6.4,14.8,0.429,2.8,7.8,0.364,3.5,7.1,0.5,0.524,2.8,3.5,0.8,0.0,3.5,3.5,3.5,0.7,0.0,2.1,1.4,18.4,2021,cookqu01
100,DeMarcus Cousins,C,30,HOU,24,10,19.6,5.6,15.2,0.369,2.7,8.2,0.327,2.9,7.0,0.418,0.457,3.1,4.3,0.732,2.3,11.7,14.0,4.3,1.5,1.2,2.9,5.4,17.0,2021,couside01
101,Robert Covington,PF,30,POR,24,24,30.9,3.0,8.4,0.358,1.9,6.0,0.32299999999999995,1.1,2.4,0.449,0.474,0.8,0.9,0.889,0.9,6.1,6.9,2.0,1.9,0.7,1.3,3.0,8.7,2021,covinro01
102,Torrey Craig,SF,30,MIL,14,0,11.9,3.7,7.8,0.47200000000000003,1.7,3.9,0.444,1.9,3.9,0.5,0.583,0.2,0.4,0.5,2.6,5.6,8.2,2.6,1.5,1.1,1.1,4.7,9.3,2021,craigto01
103,Jae Crowder,PF,30,PHO,23,15,27.8,4.2,11.3,0.373,3.0,8.8,0.34600000000000003,1.2,2.5,0.467,0.507,1.6,1.9,0.848,0.5,6.2,6.6,2.8,1.1,0.2,1.1,2.7,13.1,2021,crowdja01
104,Jarrett Culver,SG,21,MIN,16,7,21.2,5.4,11.8,0.45899999999999996,0.8,3.3,0.258,4.6,8.5,0.5379999999999999,0.495,2.1,3.5,0.606,2.7,5.8,8.5,1.6,1.2,0.6,2.2,4.0,13.8,2021,culveja01
105,Seth Curry,SG,30,PHI,21,21,28.6,5.6,11.5,0.49200000000000005,2.6,5.5,0.473,3.1,6.0,0.51,0.605,2.0,2.0,0.971,0.2,2.2,2.4,3.2,1.0,0.4,1.6,2.1,15.8,2021,curryse01
106,Stephen Curry,PG,32,GSW,28,28,33.7,10.8,21.5,0.499,5.3,12.2,0.436,5.4,9.3,0.5820000000000001,0.623,5.3,5.7,0.9329999999999999,0.5,5.2,5.6,6.3,1.3,0.1,3.4,2.0,32.2,2021,curryst01
107,Anthony Davis,PF,27,LAL,23,23,32.8,9.7,18.3,0.5329999999999999,0.8,2.8,0.293,8.9,15.5,0.575,0.555,4.4,6.2,0.715,2.2,7.0,9.2,3.3,1.5,2.0,2.1,2.0,24.7,2021,davisan02
108,Ed Davis,C,31,MIN,19,7,13.9,2.5,5.9,0.419,0.0,0.0,0.0,2.5,5.9,0.419,0.419,1.0,1.1,0.875,5.2,8.0,13.2,2.6,1.4,1.4,0.8,6.7,5.9,2021,davised01
109,Terence Davis,SG,23,TOR,21,2,14.1,6.7,15.2,0.44,3.4,8.7,0.389,3.3,6.4,0.509,0.552,1.1,1.2,0.9,0.7,3.6,4.4,2.4,1.5,0.4,2.3,4.6,17.8,2021,daviste02
110,DeMar DeRozan,PF,31,SAS,25,25,33.4,7.1,14.5,0.488,0.7,2.1,0.33299999999999996,6.4,12.4,0.514,0.512,6.5,7.3,0.893,0.8,4.6,5.4,7.4,0.8,0.3,1.8,1.9,21.3,2021,derozde01
111,Hamidou Diallo,SG,22,OKC,26,5,23.9,7.1,14.6,0.488,0.6,2.0,0.28600000000000003,6.5,12.6,0.521,0.508,4.1,6.1,0.667,1.7,6.6,8.3,3.6,1.6,0.5,2.2,3.9,18.9,2021,diallha01
112,Gorgui Dieng,C,31,MEM,18,1,18.4,5.3,9.8,0.544,2.1,4.1,0.5,3.3,5.7,0.5770000000000001,0.65,2.6,3.2,0.828,2.9,7.0,9.9,2.8,1.7,1.4,2.2,3.7,15.3,2021,dienggo01
113,Spencer Dinwiddie,SG,27,BRK,3,3,21.3,3.4,9.0,0.375,1.1,3.9,0.28600000000000003,2.2,5.1,0.444,0.43799999999999994,3.4,3.4,1.0,0.0,7.3,7.3,5.1,1.1,0.6,2.8,2.2,11.2,2021,dinwisp01
114,Donte DiVincenzo,SG,24,MIL,27,27,25.9,5.1,12.0,0.423,2.8,6.6,0.419,2.3,5.4,0.429,0.5379999999999999,0.6,1.0,0.632,1.4,4.8,6.3,3.6,1.7,0.3,1.6,2.1,13.6,2021,divindo01
115,Luka Dončić,PG,21,DAL,27,27,35.3,10.2,21.5,0.475,2.5,7.3,0.335,7.8,14.2,0.546,0.532,6.7,8.5,0.795,0.9,7.9,8.8,9.6,1.0,0.7,4.3,2.2,29.6,2021,doncilu01
116,Luguentz Dort,SG,21,OKC,25,25,29.4,5.2,12.6,0.415,2.3,6.8,0.331,3.0,5.8,0.513,0.504,2.1,2.9,0.7170000000000001,0.8,3.4,4.3,1.7,1.2,0.3,1.9,3.1,14.8,2021,dortlu01
117,Damyean Dotson,SG,26,CLE,24,6,20.4,5.2,12.7,0.41,1.9,6.8,0.28300000000000003,3.3,6.0,0.556,0.486,1.3,1.9,0.6920000000000001,0.3,2.9,3.2,3.8,0.8,0.2,1.5,1.6,13.7,2021,dotsoda01
118,Devon Dotson,PG,21,CHI,1,0,10.0,7.2,14.4,0.5,0.0,0.0,0.0,7.2,14.4,0.5,0.5,0.0,0.0,0.0,0.0,3.6,3.6,0.0,0.0,0.0,0.0,3.6,14.4,2021,dotsode01
119,Sekou Doumbouya,PF,20,DET,24,1,13.1,4.1,11.7,0.353,1.1,4.5,0.256,3.0,7.2,0.413,0.402,1.9,2.6,0.7390000000000001,1.7,4.9,6.6,1.6,1.1,0.2,1.8,4.2,11.4,2021,doumbse01
120,PJ Dozier,SG,24,DEN,17,0,19.4,4.8,10.3,0.46799999999999997,1.6,4.0,0.405,3.2,6.2,0.509,0.5479999999999999,2.0,2.7,0.72,1.7,5.9,7.6,2.5,1.0,1.1,1.4,3.2,13.2,2021,doziepj01
121,Goran Dragić,PG,34,MIA,17,6,26.5,7.1,15.6,0.456,2.2,6.2,0.359,4.9,9.3,0.521,0.528,3.0,3.8,0.809,0.6,3.6,4.2,7.2,0.7,0.2,4.1,3.6,19.5,2021,dragigo01
122,Andre Drummond,C,27,CLE,25,25,28.9,9.0,18.9,0.474,0.0,0.4,0.0,9.0,18.5,0.484,0.474,3.8,6.4,0.597,5.0,11.8,16.8,3.2,2.0,1.4,4.0,3.4,21.8,2021,drumman01
123,Jared Dudley,PF,35,LAL,6,0,3.7,1.6,1.6,1.0,1.6,1.6,1.0,0.0,0.0,0.0,1.5,0.0,0.0,0.0,1.6,8.2,9.8,1.6,0.0,0.0,0.0,0.0,4.9,2021,dudleja01
124,Kevin Durant,PF,32,BRK,19,18,35.7,10.0,19.0,0.524,2.6,6.0,0.434,7.4,13.0,0.565,0.5920000000000001,6.7,7.7,0.8690000000000001,0.4,7.0,7.4,5.3,0.7,1.4,3.6,2.3,29.2,2021,duranke01
125,Anthony Edwards,SG,19,MIN,27,10,27.6,7.0,18.2,0.386,2.3,7.4,0.316,4.7,10.8,0.433,0.449,2.4,3.0,0.8029999999999999,0.9,3.7,4.6,2.9,1.0,0.4,2.0,2.0,18.7,2021,edwaran01
126,Carsen Edwards,SG,22,BOS,13,1,10.3,6.4,14.8,0.436,2.7,8.1,0.33299999999999996,3.8,6.7,0.56,0.527,1.9,2.4,0.778,0.5,3.0,3.5,1.3,1.1,0.3,0.5,4.3,17.5,2021,edwarca01
127,CJ Elleby,SF,20,POR,11,0,8.4,5.5,11.0,0.5,2.0,6.7,0.294,3.5,4.3,0.818,0.589,2.3,3.5,0.667,1.6,3.1,4.7,1.2,1.2,1.2,1.2,6.3,15.3,2021,ellebcj01
128,Wayne Ellington,SG,33,DET,20,17,23.0,5.9,12.7,0.46299999999999997,4.3,9.7,0.444,1.6,3.0,0.526,0.633,0.9,1.3,0.75,0.5,2.6,3.1,1.7,0.6,0.3,1.1,2.4,17.0,2021,ellinwa01
129,Joel Embiid,C,26,PHI,22,22,32.3,10.5,19.3,0.5429999999999999,1.3,3.3,0.4,9.2,16.0,0.573,0.5770000000000001,10.7,12.6,0.851,2.2,9.8,12.0,3.1,1.4,1.4,3.7,2.7,33.0,2021,embiijo01
130,James Ennis,SF,30,ORL,20,19,21.9,4.2,8.5,0.495,1.4,3.1,0.447,2.8,5.3,0.523,0.578,2.1,2.5,0.8390000000000001,1.9,4.3,6.2,2.2,1.6,0.5,1.6,3.6,11.9,2021,ennisja01
131,Drew Eubanks,C,23,SAS,11,0,12.6,4.1,9.6,0.43200000000000005,0.0,0.0,0.0,4.1,9.6,0.43200000000000005,0.43200000000000005,3.1,4.1,0.75,1.8,7.8,9.6,1.0,0.3,3.9,1.3,3.6,11.4,2021,eubandr01
132,Dante Exum,SG,25,CLE,6,3,19.3,3.1,8.1,0.385,0.6,3.4,0.182,2.5,4.7,0.5329999999999999,0.423,0.3,0.6,0.5,0.6,4.7,5.3,4.0,1.2,0.6,2.2,2.8,7.1,2021,exumda01
133,Tacko Fall,C,25,BOS,6,0,8.2,5.9,8.8,0.667,0.0,0.0,0.0,5.9,8.8,0.667,0.667,2.2,5.9,0.375,5.9,9.6,15.4,0.0,0.0,5.9,0.7,6.6,14.0,2021,fallta01
134,Derrick Favors,C,29,UTA,26,0,16.5,5.4,8.5,0.627,0.0,0.1,0.0,5.4,8.5,0.634,0.627,2.9,3.7,0.795,4.5,7.6,12.1,2.1,1.0,2.3,1.3,5.5,13.6,2021,favorde01
135,Cristiano Felício,C,28,CHI,6,0,6.3,2.8,3.8,0.75,0.0,0.0,0.0,2.8,3.8,0.75,0.75,4.7,7.6,0.625,5.7,5.7,11.4,4.7,1.9,0.0,2.8,2.8,10.4,2021,feliccr01
136,Terrance Ferguson,SG,22,PHI,7,0,3.4,0.0,4.5,0.0,0.0,4.5,0.0,0.0,0.0,0.0,0.0,0.0,0.0,0.0,0.0,1.5,1.5,3.0,0.0,0.0,1.5,4.5,0.0,2021,fergute01
137,Bruno Fernando,C,22,ATL,14,0,9.2,2.5,5.9,0.429,0.0,0.6,0.0,2.5,5.3,0.474,0.429,2.5,4.2,0.6,3.3,10.9,14.2,2.5,0.6,0.6,3.3,3.9,7.5,2021,fernabr01
138,Yogi Ferrell,PG,27,CLE,2,0,20.0,7.2,18.9,0.381,2.7,8.1,0.33299999999999996,4.5,10.8,0.41700000000000004,0.452,0.0,1.8,0.0,2.7,3.6,6.3,4.5,2.7,0.9,2.7,3.6,17.1,2021,ferreyo01
139,Dorian Finney-Smith,PF,27,DAL,19,19,30.7,3.9,8.6,0.45,2.3,6.0,0.381,1.6,2.7,0.605,0.5820000000000001,0.6,0.7,0.833,1.7,3.9,5.6,1.4,1.2,0.5,0.7,3.2,10.7,2021,finnedo01
140,Malachi Flynn,PG,22,TOR,13,0,8.2,3.7,13.2,0.282,1.7,7.8,0.217,2.0,5.4,0.375,0.34600000000000003,0.7,1.4,0.5,0.3,2.7,3.1,5.4,1.4,0.0,1.4,3.4,9.8,2021,flynnma01
141,Bryn Forbes,SG,27,MIL,27,4,18.1,6.9,14.4,0.48200000000000004,4.0,8.5,0.466,2.9,5.8,0.506,0.621,0.9,1.3,0.706,0.4,1.8,2.2,1.0,0.4,0.0,1.4,2.4,18.7,2021,forbebr01
142,Trent Forrest,PG,22,UTA,3,0,3.3,0.0,3.6,0.0,0.0,3.6,0.0,0.0,0.0,0.0,0.0,7.2,7.2,1.0,0.0,0.0,0.0,3.6,7.2,0.0,0.0,7.2,7.2,2021,forretr01
143,Evan Fournier,SF,28,ORL,14,14,28.4,7.1,16.1,0.444,2.8,8.0,0.35200000000000004,4.3,8.1,0.5329999999999999,0.531,5.4,6.8,0.8,0.4,2.8,3.2,4.6,1.3,0.5,2.6,2.9,22.5,2021,fournev01
144,De'Aaron Fox,PG,23,SAC,26,26,33.1,9.2,19.3,0.47600000000000003,2.0,5.9,0.34299999999999997,7.2,13.4,0.534,0.528,4.9,7.2,0.69,0.8,2.8,3.6,7.4,1.3,0.5,3.4,2.9,25.3,2021,foxde01
145,Tim Frazier,PG,30,MEM,3,0,11.0,2.2,8.7,0.25,0.0,2.2,0.0,2.2,6.5,0.33299999999999996,0.25,0.0,0.0,0.0,0.0,4.4,4.4,7.6,1.1,0.0,3.3,4.4,4.4,2021,fraziti01
146,Markelle Fultz,PG,22,ORL,8,8,26.9,6.9,17.4,0.39399999999999996,0.7,2.7,0.25,6.2,14.7,0.42,0.413,2.8,3.2,0.895,0.8,3.3,4.2,7.2,1.3,0.3,3.0,3.0,17.2,2021,fultzma01
147,Wenyen Gabriel,PF,23,NOP,3,0,3.3,0.0,10.8,0.0,0.0,3.6,0.0,0.0,7.2,0.0,0.0,0.0,0.0,0.0,3.6,10.8,14.4,3.6,0.0,0.0,0.0,0.0,0.0,2021,gabriwe01
148,Daniel Gafford,PF,22,CHI,23,11,14.3,5.3,8.0,0.6709999999999999,0.0,0.0,0.0,5.3,8.0,0.6709999999999999,0.6709999999999999,2.7,4.0,0.6759999999999999,3.6,4.7,8.3,1.7,1.2,3.2,2.0,5.1,13.4,2021,gaffoda01
149,Danilo Gallinari,PF,32,ATL,15,1,19.3,5.6,13.4,0.41700000000000004,3.0,7.8,0.381,2.6,5.6,0.467,0.528,6.0,6.3,0.941,0.4,5.1,5.5,2.1,0.4,0.2,2.1,3.6,20.1,2021,gallida01
150,Langston Galloway,SG,29,PHO,22,0,11.1,5.0,10.7,0.466,2.9,6.2,0.47600000000000003,2.1,4.6,0.452,0.603,2.4,2.4,1.0,0.6,2.9,3.5,2.2,0.6,0.0,1.0,1.9,15.3,2021,gallola01
151,Darius Garland,PG,21,CLE,21,18,32.3,7.2,15.9,0.452,1.9,4.6,0.40700000000000003,5.3,11.3,0.469,0.51,1.5,1.6,0.903,0.5,2.0,2.5,5.9,1.1,0.2,2.8,2.7,17.7,2021,garlada01
152,Marc Gasol,C,36,LAL,28,28,19.6,2.4,6.1,0.387,1.1,3.5,0.321,1.2,2.6,0.475,0.478,1.4,1.6,0.88,1.4,6.2,7.7,3.4,0.8,2.2,1.6,4.3,7.3,2021,gasolma01
153,Rudy Gay,PF,34,SAS,26,0,22.0,6.8,16.2,0.419,2.6,7.0,0.366,4.2,9.2,0.45899999999999996,0.498,2.1,2.7,0.767,1.5,7.0,8.5,2.5,1.1,0.8,1.9,3.0,18.3,2021,gayru01
154,Paul George,SF,30,LAC,20,20,34.0,8.9,17.5,0.508,4.0,8.3,0.478,4.9,9.2,0.534,0.621,4.0,4.4,0.905,0.7,5.9,6.6,5.8,1.3,0.5,3.8,2.4,25.8,2021,georgpa01
155,Taj Gibson,PF,35,NYK,7,0,13.3,3.5,6.6,0.529,0.4,1.5,0.25,3.1,5.0,0.615,0.5589999999999999,1.2,2.3,0.5,3.1,4.3,7.4,1.5,0.0,0.8,0.4,5.0,8.5,2021,gibsota01
156,Harry Giles,C,22,POR,22,0,11.8,3.6,8.6,0.419,0.4,1.1,0.375,3.2,7.5,0.426,0.444,1.8,2.5,0.722,3.5,11.5,15.0,2.8,0.7,1.2,2.2,6.1,9.4,2021,gilesha01
157,Shai Gilgeous-Alexander,SG,22,OKC,21,21,33.8,8.5,16.8,0.506,2.0,5.2,0.382,6.5,11.6,0.561,0.565,5.1,6.7,0.7709999999999999,0.7,5.2,5.9,7.0,0.9,0.7,3.1,2.2,24.1,2021,gilgesh01
158,Anthony Gill,PF,28,WAS,10,1,6.5,1.7,5.5,0.3,0.6,3.9,0.14300000000000002,1.1,1.7,0.667,0.35,1.7,2.2,0.75,1.7,8.9,10.5,1.7,1.7,1.1,1.7,1.7,5.5,2021,gillan01
159,Rudy Gobert,C,28,UTA,28,28,30.2,6.4,10.0,0.638,0.0,0.0,0.0,6.4,10.0,0.6409999999999999,0.638,3.8,6.8,0.5660000000000001,4.1,11.6,15.7,1.5,0.5,3.3,2.0,2.8,16.6,2021,goberru01
160,Brandon Goodwin,PG,25,ATL,22,0,12.7,4.2,13.1,0.324,1.8,6.7,0.26899999999999996,2.4,6.4,0.38,0.392,2.2,3.1,0.708,0.4,3.1,3.5,5.5,1.3,0.0,1.5,3.0,12.5,2021,goodwbr01
161,Aaron Gordon,PF,25,ORL,19,19,29.1,5.9,13.9,0.42700000000000005,2.0,5.5,0.369,3.9,8.4,0.465,0.5,3.2,5.2,0.613,2.2,6.8,8.9,5.2,0.9,1.0,3.5,2.5,17.1,2021,gordoaa01
162,Eric Gordon,SG,32,HOU,21,9,29.2,7.7,16.6,0.465,3.3,9.5,0.35200000000000004,4.3,7.0,0.617,0.5660000000000001,4.5,5.3,0.8440000000000001,0.4,2.5,2.9,3.2,0.7,0.6,2.3,1.7,23.2,2021,gordoer01
163,Devonte' Graham,PG,25,CHO,25,25,32.8,4.8,13.6,0.35200000000000004,3.1,8.9,0.34700000000000003,1.7,4.7,0.361,0.465,2.4,3.1,0.775,0.6,2.7,3.3,6.2,1.1,0.0,1.5,1.7,15.0,2021,grahade01
164,Jerami Grant,SF,26,DET,27,27,36.3,7.6,17.4,0.435,2.5,6.5,0.384,5.1,10.9,0.465,0.506,5.2,6.0,0.877,0.8,4.5,5.3,3.0,0.8,1.2,1.7,2.7,22.9,2021,grantje01
165,Danny Green,SF,33,PHI,28,28,28.1,3.9,9.9,0.39399999999999996,2.7,7.4,0.364,1.2,2.5,0.48100000000000004,0.53,0.5,0.6,0.7140000000000001,1.2,3.5,4.7,2.3,1.4,0.9,1.7,2.1,10.9,2021,greenda02
166,Draymond Green,PF,30,GSW,24,24,29.0,2.4,6.7,0.36200000000000004,0.4,2.2,0.18600000000000003,2.0,4.5,0.44799999999999995,0.392,1.2,1.8,0.6759999999999999,0.7,6.3,7.0,10.3,1.7,0.8,3.3,3.8,6.5,2021,greendr01
167,JaMychal Green,PF,30,DEN,22,1,20.5,6.0,13.4,0.446,3.1,7.2,0.429,2.9,6.1,0.46799999999999997,0.563,2.1,2.5,0.8390000000000001,2.8,7.9,10.7,1.7,1.1,0.2,1.9,4.6,17.1,2021,greenja01
168,Javonte Green,SG,27,BOS,16,0,14.9,4.1,8.2,0.5,0.8,2.9,0.263,3.3,5.3,0.629,0.546,2.4,3.8,0.64,2.4,3.8,6.2,1.2,2.1,0.3,1.2,2.4,11.3,2021,greenja02
169,Jeff Green,PF,34,BRK,29,13,26.0,4.6,9.2,0.505,2.1,5.1,0.425,2.5,4.1,0.605,0.622,1.7,2.0,0.833,0.6,4.3,5.0,1.9,1.0,0.3,1.1,2.8,13.1,2021,greenje02
170,Josh Green,SG,20,DAL,17,5,12.5,2.9,6.1,0.47200000000000003,0.3,2.0,0.16699999999999998,2.5,4.1,0.625,0.5,1.0,1.9,0.545,2.0,4.6,6.6,1.7,0.7,0.2,1.9,2.7,7.1,2021,greenjo02
171,Blake Griffin,PF,31,DET,20,20,31.3,4.7,12.8,0.365,2.2,7.1,0.315,2.4,5.6,0.429,0.45299999999999996,2.5,3.6,0.71,0.4,5.6,6.0,4.4,0.8,0.1,1.8,2.4,14.1,2021,griffbl01
172,Kyle Guy,PG,23,SAC,10,0,7.9,4.1,14.6,0.281,1.8,7.3,0.25,2.3,7.3,0.313,0.344,3.2,3.6,0.875,1.4,4.1,5.5,5.9,1.8,0.0,0.5,2.3,13.2,2021,guyky01
173,Rui Hachimura,PF,22,WAS,18,18,29.2,5.7,12.7,0.45399999999999996,1.0,3.1,0.304,4.8,9.5,0.504,0.49200000000000005,3.8,4.9,0.775,1.5,5.3,6.8,2.4,0.8,0.1,1.3,2.7,16.2,2021,hachiru01
174,Ashton Hagans,PG,21,MIN,2,0,2.0,0.0,0.0,0.0,0.0,0.0,0.0,0.0,0.0,0.0,0.0,0.0,0.0,0.0,0.0,0.0,0.0,0.0,0.0,0.0,9.0,0.0,0.0,2021,haganas01
175,Tyrese Haliburton,PG,20,SAC,25,2,29.4,5.8,11.7,0.498,2.8,6.4,0.44299999999999995,3.0,5.3,0.565,0.619,0.7,0.8,0.8240000000000001,1.2,3.1,4.4,6.4,1.5,0.7,2.0,1.5,15.2,2021,halibty01
176,Josh Hall,SF,20,OKC,7,0,7.3,2.8,12.7,0.222,0.7,5.6,0.125,2.1,7.1,0.3,0.25,2.1,4.9,0.429,0.7,5.6,6.4,4.9,0.0,0.0,2.8,4.9,8.5,2021,halljo01
177,R.J. Hampton,PG,19,DEN,19,0,7.8,3.9,9.5,0.41,1.0,3.2,0.308,2.9,6.3,0.462,0.462,1.0,1.5,0.667,1.9,6.8,8.8,2.4,1.2,0.5,2.4,2.9,9.7,2021,hamptrj01
178,Tim Hardaway Jr.,SG,28,DAL,27,17,30.6,6.9,15.7,0.439,3.6,9.2,0.39299999999999996,3.3,6.5,0.503,0.5539999999999999,2.2,2.8,0.785,0.3,3.5,3.8,1.9,0.8,0.2,1.1,1.9,19.6,2021,hardati02
179,James Harden,SG,31,TOT,23,23,37.7,7.0,14.9,0.47200000000000003,2.8,7.4,0.38,4.2,7.4,0.564,0.5670000000000001,5.9,6.6,0.894,0.7,6.2,7.0,10.8,1.0,0.7,4.2,2.2,22.8,2021,hardeja01
180,Maurice Harkless,SF,27,MIA,10,3,10.9,1.3,3.3,0.4,1.3,2.6,0.5,0.0,0.7,0.0,0.6,0.0,0.7,0.0,0.3,2.6,3.0,2.3,0.7,1.0,0.7,4.0,4.0,2021,harklma01
181,Jared Harper,PG,23,NYK,2,0,2.5,0.0,7.2,0.0,0.0,0.0,0.0,0.0,7.2,0.0,0.0,14.4,14.4,1.0,0.0,0.0,0.0,0.0,0.0,0.0,14.4,0.0,14.4,2021,harpeja01
182,Montrezl Harrell,C,27,LAL,28,0,24.8,7.8,12.1,0.644,0.0,0.2,0.0,7.8,11.9,0.655,0.644,3.6,5.0,0.7190000000000001,3.3,5.9,9.2,1.5,1.0,1.0,1.8,3.2,19.1,2021,harremo01
183,Gary Harris,SG,26,DEN,18,18,30.7,4.4,9.8,0.45,1.6,4.7,0.33299999999999996,2.9,5.1,0.557,0.53,1.4,2.0,0.733,0.8,2.1,2.9,2.0,1.1,0.3,0.8,2.3,11.8,2021,harriga01
184,Jalen Harris,SG,22,TOR,2,0,2.0,0.0,0.0,0.0,0.0,0.0,0.0,0.0,0.0,0.0,0.0,0.0,0.0,0.0,9.0,0.0,9.0,0.0,0.0,0.0,9.0,18.0,0.0,2021,harrija01
185,Joe Harris,SF,29,BRK,29,25,30.9,6.3,12.1,0.525,3.8,7.6,0.49700000000000005,2.6,4.5,0.5710000000000001,0.6809999999999999,0.6,0.8,0.667,0.7,3.3,4.1,2.2,0.6,0.3,0.9,2.8,17.0,2021,harrijo01
186,Tobias Harris,PF,28,PHI,25,25,34.4,8.3,16.1,0.52,1.9,4.4,0.425,6.5,11.6,0.556,0.578,3.1,3.4,0.902,1.3,6.5,7.8,3.2,0.8,0.8,2.2,2.2,21.7,2021,harrito02
187,Shaquille Harrison,SG,27,UTA,15,0,3.5,4.1,12.9,0.316,0.0,0.7,0.0,4.1,12.2,0.33299999999999996,0.316,3.4,4.1,0.833,2.0,4.1,6.1,4.8,1.4,0.0,3.4,2.0,11.5,2021,harrish01
188,Josh Hart,SF,25,NOP,26,2,27.8,3.8,8.5,0.447,1.7,5.0,0.34,2.1,3.5,0.6,0.547,1.5,2.2,0.705,1.3,8.3,9.7,2.8,1.1,0.2,1.0,3.0,10.8,2021,hartjo01
189,Isaiah Hartenstein,C,22,DEN,16,0,8.6,6.0,12.4,0.489,0.0,0.0,0.0,6.0,12.4,0.489,0.489,4.2,6.8,0.615,6.6,6.3,12.9,2.4,1.6,3.2,3.7,9.2,16.3,2021,harteis01
190,Jaxson Hayes,C,20,NOP,19,1,12.2,5.1,8.1,0.635,0.0,0.0,0.0,5.1,8.1,0.635,0.635,2.5,3.7,0.667,3.6,7.0,10.6,1.4,0.9,1.1,2.0,5.4,12.7,2021,hayesja02
191,Killian Hayes,PG,19,DET,7,7,21.1,3.2,11.4,0.27699999999999997,1.2,4.9,0.25,1.9,6.6,0.29600000000000004,0.33,0.2,0.5,0.5,0.2,1.7,1.9,6.1,0.5,0.0,4.1,3.6,7.8,2021,hayeski01
192,Gordon Hayward,SF,30,CHO,26,26,35.5,8.2,16.9,0.486,2.2,5.3,0.42200000000000004,6.0,11.6,0.515,0.552,4.0,4.6,0.8640000000000001,0.9,4.6,5.5,3.9,1.1,0.4,2.1,1.9,22.6,2021,haywago01
193,Juan Hernangómez,PF,25,MIN,13,6,18.6,4.5,11.2,0.4,2.1,6.5,0.318,2.4,4.6,0.516,0.493,1.3,2.1,0.643,1.9,7.7,9.7,1.0,0.7,0.3,0.9,1.8,12.3,2021,hernaju01
194,Willy Hernangómez,C,26,NOP,11,0,15.8,5.4,9.7,0.5529999999999999,0.0,0.8,0.0,5.4,8.9,0.605,0.5529999999999999,2.3,3.9,0.579,4.3,7.9,12.2,2.9,1.0,1.0,0.6,2.1,13.0,2021,hernawi01
195,Tyler Herro,SG,21,MIA,19,14,34.1,7.0,15.6,0.45,2.2,6.4,0.345,4.8,9.1,0.524,0.521,2.0,2.6,0.7659999999999999,0.5,5.7,6.2,4.1,0.5,0.4,2.8,1.8,18.2,2021,herroty01
196,Buddy Hield,SG,28,SAC,27,27,34.8,5.5,14.6,0.377,4.1,10.8,0.377,1.5,3.9,0.376,0.516,1.6,1.8,0.872,0.4,4.6,5.0,3.1,0.9,0.3,2.0,2.8,16.7,2021,hieldbu01
197,George Hill,PG,34,OKC,14,14,26.4,6.0,11.7,0.508,2.1,5.6,0.386,3.8,6.1,0.619,0.6,2.0,2.4,0.84,0.8,2.0,2.8,4.2,1.2,0.2,1.2,1.2,16.1,2021,hillge01
198,Solomon Hill,PF,29,ATL,27,1,19.0,2.9,8.3,0.35600000000000004,2.0,6.2,0.326,0.9,2.0,0.44799999999999995,0.479,0.6,0.7,0.8,0.8,3.7,4.5,1.6,1.2,0.4,1.1,3.0,8.5,2021,hillso01
199,Nate Hinton,SG,21,DAL,6,0,3.2,5.7,24.6,0.231,1.9,9.5,0.2,3.8,15.2,0.25,0.26899999999999996,1.9,3.8,0.5,0.0,0.0,0.0,0.0,1.9,1.9,3.8,1.9,15.2,2021,hintona01
200,Aaron Holiday,PG,24,IND,28,6,19.6,5.0,13.8,0.36200000000000004,1.9,5.9,0.322,3.1,7.9,0.392,0.431,1.2,1.6,0.76,0.4,2.0,2.4,3.3,0.9,0.3,1.4,3.2,13.1,2021,holidaa01
201,Jrue Holiday,PG,30,MIL,23,23,32.5,7.2,14.4,0.502,2.1,5.3,0.387,5.2,9.1,0.569,0.574,1.6,2.1,0.7909999999999999,1.4,3.9,5.3,6.0,2.1,0.7,1.7,1.9,18.2,2021,holidjr01
202,Justin Holiday,SG,31,IND,28,19,32.1,4.5,9.6,0.469,2.7,6.5,0.42,1.8,3.1,0.5710000000000001,0.611,1.2,1.6,0.775,0.8,3.8,4.6,1.8,1.4,0.4,0.8,2.7,12.9,2021,holidju01
203,Richaun Holmes,C,27,SAC,25,25,29.6,6.6,10.2,0.648,0.0,0.2,0.2,6.6,10.0,0.659,0.65,2.2,2.8,0.7929999999999999,3.0,6.4,9.4,2.2,0.8,2.0,1.9,5.0,15.5,2021,holmeri01
204,Rodney Hood,SF,28,POR,22,5,19.0,4.0,10.8,0.368,1.2,3.9,0.311,2.8,6.9,0.4,0.424,0.3,0.4,0.6,0.3,2.9,3.3,2.4,1.3,0.2,1.5,2.8,9.4,2021,hoodro01
205,Al Horford,C,34,OKC,18,18,28.2,7.6,16.8,0.45299999999999996,2.8,7.2,0.396,4.8,9.6,0.496,0.5379999999999999,0.9,1.1,0.813,1.1,7.8,8.9,4.7,1.3,1.1,1.6,2.1,19.0,2021,horfoal01
206,Talen Horton-Tucker,SG,20,LAL,24,0,17.0,5.9,13.1,0.45299999999999996,1.1,3.7,0.28600000000000003,4.9,9.4,0.519,0.493,2.0,2.5,0.821,0.8,4.5,5.3,3.9,1.9,1.1,2.7,4.2,14.9,2021,hortota01
207,Danuel House,SF,27,HOU,16,6,28.3,3.9,10.7,0.363,1.7,6.4,0.272,2.1,4.3,0.5,0.444,1.8,2.4,0.767,0.6,4.1,4.8,2.8,1.0,0.7,1.2,2.4,11.4,2021,houseda01
208,Dwight Howard,C,35,PHI,28,4,16.8,4.7,8.3,0.565,0.2,0.6,0.375,4.4,7.6,0.58,0.579,3.2,6.3,0.512,5.8,10.8,16.6,1.5,0.9,1.9,3.8,6.6,12.8,2021,howardw01
209,Markus Howard,SG,21,DEN,13,0,2.9,5.7,23.7,0.24,2.8,17.1,0.16699999999999998,2.8,6.6,0.429,0.3,0.0,0.0,0.0,0.0,3.8,3.8,3.8,0.0,0.0,2.8,4.7,14.2,2021,howarma02
210,Kevin Huerter,SG,22,ATL,27,16,31.7,5.2,12.3,0.423,2.6,6.6,0.389,2.7,5.7,0.46299999999999997,0.527,0.8,1.0,0.792,0.8,3.4,4.2,4.4,1.3,0.2,1.5,2.7,13.8,2021,huertke01
211,Elijah Hughes,SF,22,UTA,6,0,4.5,6.7,20.0,0.33299999999999996,4.0,13.3,0.3,2.7,6.7,0.4,0.433,4.0,5.3,0.75,0.0,5.3,5.3,4.0,1.3,1.3,5.3,0.0,21.3,2021,hugheel01
212,De'Andre Hunter,SF,23,ATL,18,18,32.2,6.7,13.1,0.514,1.9,5.1,0.366,4.8,8.0,0.609,0.586,4.0,4.5,0.877,1.0,5.0,6.0,2.5,1.1,0.6,1.6,2.9,19.3,2021,huntede01
213,Chandler Hutchison,SF,24,CHI,7,0,9.1,2.8,10.1,0.278,0.6,1.7,0.33299999999999996,2.2,8.4,0.267,0.306,1.1,1.1,1.0,0.6,10.7,11.2,2.2,0.6,0.0,2.8,5.1,7.3,2021,hutchch01
214,Serge Ibaka,C,31,LAC,28,28,24.3,7.1,13.6,0.519,1.4,3.9,0.37,5.7,9.8,0.578,0.5720000000000001,1.9,2.3,0.818,2.9,7.1,10.0,2.6,0.4,1.9,2.0,2.8,17.5,2021,ibakase01
215,Andre Iguodala,SF,37,MIA,25,2,21.3,2.5,7.0,0.359,1.7,5.5,0.309,0.8,1.5,0.545,0.48100000000000004,0.3,0.7,0.455,0.8,5.4,6.2,4.1,1.8,0.8,1.8,2.4,7.0,2021,iguodan01
216,Joe Ingles,SF,33,UTA,24,7,26.7,5.4,10.7,0.511,3.2,7.2,0.442,2.2,3.4,0.6559999999999999,0.6609999999999999,1.6,1.9,0.879,0.6,4.1,4.7,6.3,0.5,0.3,2.2,2.2,15.7,2021,inglejo01
217,Brandon Ingram,SF,23,NOP,26,26,35.0,8.6,18.4,0.466,2.6,6.7,0.391,6.0,11.7,0.508,0.536,4.9,5.7,0.867,0.6,4.9,5.6,4.8,0.6,1.0,2.4,1.7,24.7,2021,ingrabr01
218,Kyrie Irving,PG,28,BRK,20,20,35.4,10.8,20.3,0.534,3.1,7.0,0.442,7.7,13.3,0.5820000000000001,0.61,4.0,4.3,0.9179999999999999,0.9,3.8,4.7,5.8,1.1,0.8,2.4,3.0,28.8,2021,irvinky01
219,Wesley Iwundu,SF,26,DAL,17,3,13.6,2.0,7.1,0.28300000000000003,0.5,3.6,0.13,1.6,3.6,0.435,0.315,1.2,1.6,0.8,0.8,4.3,5.1,1.2,1.1,0.3,0.6,3.1,5.7,2021,iwundwe01
220,Frank Jackson,PG,22,DET,7,0,5.6,3.7,14.8,0.25,2.8,9.2,0.3,0.9,5.5,0.16699999999999998,0.344,0.0,0.0,0.0,0.0,4.6,4.6,7.4,0.9,0.0,3.7,3.7,10.2,2021,jacksfr01
221,Josh Jackson,SG,23,DET,25,6,24.0,6.8,15.9,0.43,2.2,6.9,0.322,4.6,9.0,0.513,0.5,3.5,5.1,0.6940000000000001,1.0,4.7,5.8,2.9,1.4,1.4,3.5,4.4,19.4,2021,jacksjo02
222,Justin Jackson,SF,25,OKC,16,2,18.6,6.0,13.0,0.46299999999999997,2.2,6.4,0.34,3.9,6.6,0.5820000000000001,0.546,1.6,1.9,0.813,0.8,4.1,5.0,3.5,0.8,0.0,1.6,2.3,15.8,2021,jacksju01
223,Reggie Jackson,SG,30,LAC,26,13,20.4,5.4,12.7,0.428,2.1,5.9,0.35600000000000004,3.3,6.8,0.49,0.511,1.7,2.3,0.735,0.5,4.1,4.6,5.6,1.2,0.2,1.6,3.2,14.6,2021,jacksre01
224,Justin James,SF,24,SAC,8,0,6.2,4.3,10.8,0.4,0.0,2.9,0.0,4.3,7.9,0.545,0.4,0.7,5.0,0.14300000000000002,1.4,3.6,5.0,2.2,0.7,0.7,0.0,0.7,9.4,2021,jamesju01
225,LeBron James,PG,36,LAL,28,28,34.6,9.7,19.5,0.498,2.7,7.0,0.381,7.0,12.5,0.564,0.5670000000000001,4.5,6.3,0.71,0.6,7.7,8.3,8.3,1.1,0.5,3.8,1.7,26.6,2021,jamesle01
226,DaQuan Jeffries,SG,23,SAC,3,1,13.7,2.6,10.5,0.25,0.0,5.3,0.0,2.6,5.3,0.5,0.25,0.0,0.0,0.0,1.8,3.5,5.3,1.8,2.6,1.8,1.8,2.6,5.3,2021,jeffrda01
227,Isaiah Joe,SG,21,PHI,15,1,13.3,4.7,11.7,0.4,3.6,9.2,0.392,1.1,2.5,0.429,0.5539999999999999,0.9,0.9,1.0,0.7,2.7,3.4,2.5,0.7,0.7,0.9,3.6,13.9,2021,joeis01
228,Cameron Johnson,PF,24,PHO,26,9,25.7,5.4,12.3,0.43700000000000006,3.1,8.5,0.36700000000000005,2.3,3.8,0.5920000000000001,0.563,1.3,1.6,0.862,0.9,4.1,5.1,2.1,0.9,0.4,1.1,1.9,15.3,2021,johnsca02
229,James Johnson,PF,33,DAL,23,0,18.4,5.1,10.4,0.488,1.2,4.2,0.28,3.9,6.2,0.63,0.545,1.1,2.0,0.542,0.9,5.1,6.0,3.1,1.7,1.6,2.1,4.1,12.5,2021,johnsja01
230,Keldon Johnson,SF,21,SAS,27,27,30.1,6.4,13.7,0.46799999999999997,1.2,3.5,0.325,5.2,10.1,0.518,0.51,3.4,4.4,0.778,2.1,6.3,8.3,2.7,0.9,0.6,1.8,2.7,17.3,2021,johnske04
231,Stanley Johnson,PF,24,TOR,25,1,14.7,2.4,6.1,0.40299999999999997,1.5,3.6,0.405,1.0,2.4,0.4,0.524,1.1,1.4,0.7859999999999999,1.4,4.8,6.2,3.5,2.1,0.8,1.8,4.2,7.4,2021,johnsst04
232,Tyler Johnson,SG,28,BRK,12,0,10.6,4.5,10.5,0.43200000000000005,2.8,6.8,0.41700000000000004,1.7,3.7,0.462,0.568,0.0,0.0,0.0,0.6,2.3,2.8,3.1,1.1,0.0,1.1,1.7,11.9,2021,johnsty01
233,Nikola Jokić,C,25,DEN,26,26,35.8,10.3,18.2,0.564,1.4,3.7,0.381,8.8,14.5,0.611,0.603,4.7,5.4,0.858,3.1,8.5,11.5,8.7,1.5,0.7,3.5,3.1,26.7,2021,jokicni01
234,Damian Jones,C,25,PHO,11,0,7.1,1.8,4.6,0.4,0.0,0.5,0.0,1.8,4.2,0.444,0.4,2.3,4.2,0.556,3.2,4.2,7.4,0.0,0.5,2.3,2.3,8.3,6.0,2021,jonesda03
235,Derrick Jones Jr.,SF,23,POR,22,21,26.7,3.6,7.7,0.46,0.9,3.4,0.268,2.6,4.3,0.614,0.52,1.6,2.6,0.605,2.4,3.7,6.1,0.8,1.1,1.2,0.9,3.5,9.6,2021,jonesde02
236,Mason Jones,SG,22,HOU,17,1,11.3,6.2,12.9,0.478,3.2,7.3,0.436,3.0,5.6,0.5329999999999999,0.601,3.0,5.4,0.552,0.6,5.8,6.4,4.5,0.9,0.0,3.6,3.4,18.6,2021,jonesma05
237,Tre Jones,PG,21,SAS,9,0,3.0,8.0,16.0,0.5,1.3,1.3,1.0,6.7,14.7,0.455,0.542,6.7,6.7,1.0,5.3,0.0,5.3,1.3,0.0,0.0,2.7,2.7,24.0,2021,jonestr01
238,Tyus Jones,PG,24,MEM,22,8,23.9,5.3,12.5,0.426,1.2,4.5,0.262,4.2,8.1,0.517,0.473,0.7,0.9,0.769,0.9,3.4,4.3,8.3,2.0,0.2,1.6,0.9,12.5,2021,jonesty01
239,DeAndre Jordan,C,32,BRK,27,21,21.4,5.3,6.8,0.78,0.0,0.0,0.0,5.3,6.8,0.78,0.78,1.4,2.6,0.537,2.9,9.0,11.8,3.1,0.6,2.2,2.9,3.6,12.0,2021,jordade01
240,Cory Joseph,PG,29,SAC,27,1,19.8,4.9,10.4,0.47100000000000003,1.2,3.7,0.327,3.7,6.7,0.55,0.529,1.3,1.8,0.741,0.7,3.0,3.8,4.4,1.5,0.4,2.0,4.0,12.4,2021,josepco01
241,Mfiondu Kabengele,PF,23,LAC,16,0,4.0,2.8,11.2,0.25,1.1,6.2,0.182,1.7,5.1,0.33299999999999996,0.3,1.7,2.2,0.75,0.6,5.1,5.6,1.7,1.1,1.1,2.8,7.9,8.4,2021,kabenmf01
242,Frank Kaminsky,C,27,PHO,20,6,15.8,5.9,13.1,0.452,1.7,4.4,0.385,4.2,8.7,0.48700000000000004,0.517,1.6,2.6,0.609,2.2,8.0,10.1,4.6,0.5,1.1,1.1,3.6,15.2,2021,kaminfr01
243,Enes Kanter,C,28,POR,26,14,24.6,7.3,12.1,0.603,0.0,0.0,0.0,7.3,12.1,0.603,0.603,2.5,3.2,0.772,6.0,10.1,16.1,1.6,0.8,1.2,1.7,3.7,17.0,2021,kanteen01
244,Luke Kennard,SG,24,LAC,29,7,22.0,4.9,10.6,0.46299999999999997,2.6,5.9,0.442,2.3,4.7,0.488,0.585,0.7,0.8,0.867,0.5,4.2,4.7,2.9,0.6,0.3,1.5,2.6,13.1,2021,kennalu01
245,Maxi Kleber,PF,29,DAL,17,11,25.6,3.1,7.1,0.43,2.4,5.3,0.45299999999999996,0.7,1.8,0.364,0.599,1.4,1.5,0.9440000000000001,1.3,6.2,7.5,2.1,0.5,1.1,0.8,3.3,9.9,2021,klebima01
246,Nathan Knight,PF,23,ATL,9,0,6.0,6.0,14.7,0.409,2.0,6.0,0.33299999999999996,4.0,8.7,0.462,0.47700000000000004,4.7,5.3,0.875,5.3,4.0,9.3,0.7,1.3,2.0,2.7,4.7,18.7,2021,knighna01
247,Kevin Knox,SF,21,NYK,22,0,16.9,4.3,10.8,0.39299999999999996,2.4,6.3,0.385,1.8,4.5,0.40399999999999997,0.504,1.0,1.2,0.833,0.9,3.8,4.6,1.6,0.8,0.6,1.5,3.2,11.9,2021,knoxke01
248,John Konchar,SG,24,MEM,14,0,16.8,3.5,7.7,0.46,1.1,2.8,0.389,2.5,4.9,0.5,0.53,2.0,2.1,0.929,2.5,6.6,9.0,2.8,2.1,0.8,0.9,3.2,10.1,2021,konchjo01
249,Furkan Korkmaz,SG,23,PHI,17,1,19.7,5.1,13.3,0.379,2.5,7.6,0.324,2.6,5.7,0.45299999999999996,0.47200000000000003,1.5,1.7,0.875,0.4,4.2,4.6,1.4,1.3,0.2,1.7,2.0,14.1,2021,korkmfu01
250,Luke Kornet,PF,25,CHI,5,0,7.4,2.9,12.6,0.231,1.0,9.7,0.1,1.9,2.9,0.667,0.26899999999999996,1.9,1.9,1.0,0.0,7.8,7.8,1.0,1.0,0.0,1.0,1.0,8.8,2021,kornelu01
251,Rodions Kurucs,SF-PF,22,TOT,14,0,5.2,3.0,9.9,0.3,1.5,6.9,0.214,1.5,3.0,0.5,0.375,0.5,1.0,0.5,1.0,4.9,5.9,2.0,2.5,1.0,3.5,3.9,7.9,2021,kurucro01
252,Kyle Kuzma,SF,25,LAL,28,6,24.9,6.3,13.9,0.452,2.4,6.8,0.359,3.9,7.2,0.54,0.539,0.8,1.3,0.615,2.6,6.2,8.8,1.7,0.5,0.9,1.8,2.2,15.9,2021,kuzmaky01
253,Jeremy Lamb,SG,28,IND,15,8,24.9,5.8,11.2,0.517,2.8,5.5,0.509,3.0,5.7,0.525,0.642,3.1,3.3,0.941,1.4,4.5,5.9,2.4,1.4,0.8,1.4,3.0,17.5,2021,lambje01
254,Zach LaVine,SG,25,CHI,26,26,35.7,10.1,19.7,0.515,3.6,8.4,0.431,6.5,11.3,0.5770000000000001,0.607,4.5,5.3,0.8540000000000001,0.8,4.8,5.6,5.2,1.0,0.5,3.8,2.6,28.4,2021,lavinza01
255,Jake Layman,SF,26,MIN,19,3,15.4,5.5,11.3,0.489,1.4,4.6,0.297,4.2,6.8,0.618,0.5489999999999999,2.2,2.8,0.7829999999999999,0.6,2.8,3.5,1.2,2.1,1.1,1.2,2.8,14.7,2021,laymaja01
256,Jalen Lecque,PG,20,IND,3,0,3.0,4.0,16.0,0.25,0.0,4.0,0.0,4.0,12.0,0.33299999999999996,0.25,12.0,12.0,1.0,4.0,12.0,16.0,8.0,0.0,0.0,0.0,0.0,20.0,2021,lecquja01
257,Damion Lee,SG,28,GSW,28,0,19.1,4.0,9.0,0.44,2.8,7.2,0.38299999999999995,1.2,1.8,0.667,0.593,1.3,1.5,0.909,0.8,5.6,6.4,2.8,1.1,0.2,0.7,3.1,12.0,2021,leeda03
258,Saben Lee,PG,21,DET,8,0,8.8,2.6,7.2,0.35700000000000004,0.0,0.5,0.0,2.6,6.7,0.385,0.35700000000000004,4.1,5.1,0.8,0.5,1.0,1.5,4.1,2.1,0.5,2.6,4.6,9.3,2021,leesa01
259,Alex Len,C,27,TOT,19,6,14.5,5.5,8.8,0.627,0.8,2.5,0.316,4.7,6.3,0.75,0.672,2.6,4.2,0.625,1.7,6.4,8.1,2.6,1.0,2.7,2.9,4.6,14.4,2021,lenal01
260,Kawhi Leonard,SF,29,LAC,23,23,34.4,10.2,19.9,0.513,2.0,5.1,0.389,8.2,14.7,0.556,0.563,5.6,6.4,0.879,0.9,5.3,6.1,5.2,1.9,0.6,1.9,1.5,28.0,2021,leonaka01
261,Meyers Leonard,C,28,MIA,3,2,9.7,3.7,8.7,0.429,3.7,8.7,0.429,0.0,0.0,0.0,0.643,1.2,2.5,0.5,0.0,8.7,8.7,2.5,0.0,0.0,2.5,6.2,12.4,2021,leoname01
262,Caris LeVert,SG,26,BRK,12,4,27.8,9.4,21.6,0.435,2.4,6.8,0.349,7.0,14.8,0.474,0.49,2.8,3.7,0.765,1.1,4.5,5.6,7.8,1.4,0.6,2.8,2.2,23.9,2021,leverca01
263,Kira Lewis Jr.,PG,19,NOP,15,0,12.3,6.1,14.7,0.413,1.8,4.5,0.391,4.3,10.2,0.423,0.473,2.5,3.5,0.722,0.2,2.2,2.3,4.3,1.8,0.2,1.4,2.9,16.4,2021,lewiski01
264,Damian Lillard,PG,30,POR,25,25,35.8,9.0,20.1,0.447,4.0,10.5,0.382,4.9,9.5,0.519,0.547,7.4,8.0,0.934,0.4,3.9,4.3,7.4,1.0,0.2,3.1,1.5,29.4,2021,lillada01
265,Nassir Little,PF,20,POR,11,2,10.9,5.1,10.2,0.5,2.4,4.2,0.5710000000000001,2.7,6.0,0.45,0.618,2.4,2.7,0.889,3.0,3.9,6.9,0.6,0.6,1.2,1.8,2.7,15.0,2021,littlna01
266,Kevon Looney,C,24,GSW,21,5,14.7,3.9,6.2,0.623,0.2,0.6,0.4,3.6,5.6,0.6459999999999999,0.642,1.1,1.5,0.6920000000000001,3.7,6.4,10.2,4.3,0.8,0.7,1.6,4.3,9.0,2021,looneke01
267,Brook Lopez,C,32,MIL,27,27,27.1,5.3,11.4,0.461,2.2,6.2,0.35700000000000004,3.1,5.2,0.585,0.5579999999999999,1.6,2.0,0.825,2.0,4.7,6.7,0.8,0.6,1.8,1.0,2.6,14.4,2021,lopezbr01
268,Robin Lopez,C,32,WAS,25,9,19.1,5.8,9.9,0.588,0.3,0.9,0.33299999999999996,5.5,9.0,0.613,0.603,3.0,4.5,0.667,4.1,3.8,7.9,1.9,0.4,1.1,1.9,3.6,14.9,2021,lopezro01
269,Kevin Love,PF,32,CLE,2,2,23.0,4.7,14.1,0.33299999999999996,2.3,7.0,0.33299999999999996,2.3,7.0,0.33299999999999996,0.41700000000000004,3.1,3.9,0.8,1.6,7.8,9.4,3.9,0.8,0.0,2.3,0.8,14.9,2021,loveke01
270,Kyle Lowry,PG,34,TOR,24,24,34.9,6.1,13.7,0.447,2.8,7.4,0.382,3.3,6.2,0.524,0.55,3.2,3.7,0.872,0.8,4.7,5.5,6.7,1.2,0.2,3.0,3.3,18.3,2021,lowryky01
271,Timothé Luwawu-Cabarrot,SF,25,BRK,29,5,19.6,4.8,12.0,0.397,2.8,7.7,0.361,2.0,4.3,0.46299999999999997,0.513,1.0,1.4,0.727,1.1,3.4,4.4,2.3,1.2,0.3,1.3,3.0,13.3,2021,luwawti01
272,Trey Lyles,PF,25,SAS,14,2,11.8,3.9,7.9,0.5,0.9,3.3,0.267,3.1,4.6,0.667,0.556,2.0,3.3,0.6,1.5,7.9,9.4,1.5,0.0,0.0,0.0,1.1,10.7,2021,lylestr01
273,Thon Maker,C,23,CLE,8,0,9.5,4.7,8.5,0.556,0.0,0.9,0.0,4.7,7.6,0.625,0.556,4.7,5.2,0.909,3.8,4.7,8.5,1.9,0.9,1.9,1.4,3.3,14.2,2021,makerth01
274,Théo Maledon,PG,19,OKC,21,6,22.7,4.4,11.0,0.397,2.3,6.2,0.366,2.1,4.8,0.43799999999999994,0.5,0.9,1.4,0.632,0.4,3.8,4.2,4.5,1.5,0.1,2.9,3.4,11.9,2021,maledth01
275,Karim Mané,PG,20,ORL,6,0,9.3,0.6,5.8,0.111,0.6,1.3,0.5,0.0,4.5,0.0,0.16699999999999998,2.6,2.6,1.0,0.0,6.4,6.4,0.6,0.0,0.6,1.9,1.9,4.5,2021,maneka01
276,Terance Mann,SG,24,LAC,26,3,14.5,3.8,8.4,0.455,0.6,2.1,0.273,3.2,6.3,0.515,0.489,2.1,2.9,0.733,2.2,6.0,8.2,2.7,1.2,0.5,1.6,3.6,10.3,2021,mannte01
277,Nico Mannion,PG,19,GSW,6,0,6.0,3.0,13.0,0.231,2.0,9.0,0.222,1.0,4.0,0.25,0.308,1.0,4.0,0.25,0.0,8.0,8.0,12.0,2.0,0.0,2.0,5.0,9.0,2021,mannini01
278,Boban Marjanović,C,32,DAL,15,0,7.2,9.3,18.0,0.519,0.0,1.0,0.0,9.3,17.0,0.5489999999999999,0.519,3.0,4.3,0.6920000000000001,6.7,10.0,16.7,0.3,0.0,0.0,1.0,4.0,21.7,2021,marjabo01
279,Lauri Markkanen,PF,23,CHI,14,14,30.4,8.0,15.6,0.514,3.4,8.5,0.396,4.6,7.1,0.655,0.622,3.2,3.8,0.8440000000000001,0.7,6.5,7.2,1.0,0.8,0.4,2.0,2.6,22.6,2021,markkla01
280,Naji Marshall,SF,23,NOP,3,0,2.7,0.0,9.0,0.0,0.0,4.5,0.0,0.0,4.5,0.0,0.0,4.5,9.0,0.5,0.0,9.0,9.0,4.5,0.0,0.0,0.0,0.0,4.5,2021,marshna01
281,Caleb Martin,SF,25,CHO,23,1,15.8,5.0,11.8,0.42,1.5,5.0,0.3,3.5,6.8,0.507,0.483,1.4,2.5,0.56,1.9,4.5,6.3,2.9,2.0,0.7,1.6,2.5,12.8,2021,martica02
282,Cody Martin,SF,25,CHO,17,0,9.4,4.5,8.6,0.526,0.7,2.9,0.231,3.8,5.7,0.68,0.5660000000000001,1.8,2.3,0.8,2.3,5.4,7.7,3.6,1.6,0.0,2.0,2.0,11.5,2021,martico01
283,Kelan Martin,SF,25,IND,11,0,3.9,5.0,15.1,0.33299999999999996,1.7,6.7,0.25,3.3,8.4,0.4,0.389,0.0,0.0,0.0,0.8,8.4,9.2,0.0,1.7,0.0,3.3,3.3,11.7,2021,martike03
284,Kenyon Martin Jr.,SF,20,HOU,7,0,9.9,5.2,14.1,0.37,0.5,2.1,0.25,4.7,12.0,0.391,0.389,1.0,2.6,0.4,4.2,5.7,9.9,2.1,1.0,2.6,2.6,4.7,12.0,2021,martike04
285,Frank Mason III,G,26,ORL,4,1,19.8,4.1,10.9,0.375,0.9,2.3,0.4,3.2,8.7,0.368,0.41700000000000004,2.3,3.2,0.7140000000000001,1.4,4.1,5.5,5.5,0.0,0.0,2.3,3.2,11.4,2021,masonfr01
286,Garrison Mathews,SG,24,WAS,19,3,16.1,4.1,10.5,0.39299999999999996,3.2,8.3,0.386,0.9,2.2,0.42100000000000004,0.545,4.1,4.5,0.9209999999999999,0.9,2.5,3.4,1.1,2.1,0.5,0.4,3.4,15.6,2021,mathega01
287,Dakota Mathias,SG,25,PHI,8,2,15.4,5.6,14.0,0.396,2.3,7.6,0.308,3.2,6.4,0.5,0.479,0.6,1.8,0.33299999999999996,0.3,1.8,2.0,3.8,0.3,0.9,0.3,2.0,14.0,2021,mathida01
288,Wesley Matthews,SG,34,LAL,21,1,20.3,3.0,7.4,0.39799999999999996,2.3,6.0,0.38,0.7,1.4,0.47100000000000003,0.551,1.0,1.3,0.8,0.7,1.7,2.4,1.9,0.8,0.7,0.6,2.7,9.2,2021,matthwe02
289,Tyrese Maxey,SG,20,PHI,27,6,17.0,7.7,17.1,0.452,1.2,4.2,0.278,6.6,12.9,0.509,0.486,1.6,1.8,0.87,0.5,3.5,4.0,3.8,1.2,0.2,1.3,2.6,18.2,2021,maxeyty01
290,Skylar Mays,SG,23,ATL,9,0,6.1,7.2,17.0,0.423,3.3,7.9,0.41700000000000004,3.9,9.2,0.429,0.519,3.9,3.9,1.0,1.3,2.6,3.9,3.3,0.7,0.0,0.7,2.0,21.6,2021,mayssk01
291,CJ McCollum,SG,29,POR,13,13,33.8,10.1,21.3,0.473,5.2,11.7,0.441,4.9,9.6,0.513,0.594,3.1,3.7,0.8440000000000001,0.6,3.6,4.2,5.3,1.4,0.3,1.1,2.3,28.4,2021,mccolcj01
292,T.J. McConnell,PG,28,IND,25,1,23.8,4.1,8.1,0.504,0.4,1.0,0.375,3.7,7.1,0.521,0.526,0.2,0.7,0.33299999999999996,1.1,4.1,5.2,10.1,2.7,0.5,2.7,2.4,8.7,2021,mccontj01
293,Jaden McDaniels,PF,20,MIN,21,0,17.9,4.1,10.1,0.406,2.0,5.4,0.375,2.1,4.8,0.44,0.505,0.6,1.4,0.4,1.4,5.5,6.9,2.1,0.7,1.9,1.6,5.1,10.8,2021,mcdanja02
294,Jalen McDaniels,SF,23,CHO,10,0,10.8,5.3,11.0,0.485,0.7,3.0,0.222,4.7,8.0,0.583,0.515,2.3,3.7,0.636,1.3,5.7,7.0,2.0,0.7,0.0,3.0,5.0,13.7,2021,mcdanja01
295,Doug McDermott,PF,29,IND,27,7,26.1,7.1,13.9,0.515,2.2,6.1,0.361,4.9,7.8,0.634,0.594,1.8,2.2,0.795,1.4,4.3,5.7,1.9,0.4,0.1,1.4,2.4,18.3,2021,mcderdo01
296,Sean McDermott,SF,24,MEM,4,0,14.2,1.9,5.7,0.33299999999999996,0.6,3.8,0.16699999999999998,1.3,1.9,0.667,0.389,1.3,1.3,1.0,1.9,2.5,4.4,1.9,0.0,0.6,1.9,1.3,5.7,2021,mcderse01
297,JaVale McGee,C,33,CLE,20,1,15.6,7.1,15.5,0.45899999999999996,0.6,1.8,0.313,6.6,13.7,0.479,0.478,3.0,5.1,0.591,3.9,9.0,12.9,2.3,1.0,2.8,2.9,5.6,17.8,2021,mcgeeja01
298,Rodney McGruder,SG,29,DET,8,0,8.0,5.1,10.7,0.474,1.7,3.9,0.429,3.4,6.8,0.5,0.5529999999999999,1.7,1.7,1.0,1.7,3.4,5.1,3.4,0.0,0.6,2.2,2.2,13.5,2021,mcgruro01
299,Alfonzo McKinnie,SF,28,LAL,14,0,3.1,8.2,13.1,0.625,2.5,4.1,0.6,5.7,9.0,0.636,0.7190000000000001,1.6,3.3,0.5,4.9,4.9,9.8,0.8,0.8,0.0,0.8,3.3,20.5,2021,mckinal01
300,Jordan McLaughlin,PG,24,MIN,15,0,18.1,4.2,10.2,0.41600000000000004,0.8,2.5,0.316,3.4,7.7,0.44799999999999995,0.455,0.9,1.2,0.778,1.1,3.2,4.2,9.0,1.7,0.4,2.2,1.6,10.2,2021,mclaujo01
301,Ben McLemore,SG,27,HOU,19,2,14.9,4.8,13.1,0.369,3.4,9.7,0.355,1.4,3.4,0.40700000000000003,0.5,1.7,2.3,0.722,0.8,4.1,4.8,2.4,1.1,0.1,2.5,2.9,14.8,2021,mclembe01
302,Nicolò Melli,PF,30,NOP,12,0,11.2,1.9,7.2,0.259,1.3,5.6,0.23800000000000002,0.5,1.6,0.33299999999999996,0.35200000000000004,1.1,1.3,0.8,0.5,6.7,7.2,2.9,1.6,0.3,1.6,4.3,6.1,2021,mellini01
303,De'Anthony Melton,PG,22,MEM,12,0,21.5,6.7,14.0,0.48,2.7,6.0,0.442,4.0,8.0,0.509,0.575,0.7,1.1,0.625,0.6,4.5,5.0,5.3,1.5,1.7,2.4,3.5,16.7,2021,meltode01
304,Sam Merrill,SG,24,MIL,9,0,6.1,2.6,6.5,0.4,2.6,5.2,0.5,0.0,1.3,0.0,0.6,1.3,1.3,1.0,2.0,4.6,6.5,6.5,0.7,0.0,2.0,2.0,9.2,2021,merrisa01
305,Chimezie Metu,C,23,SAC,11,0,6.5,7.6,15.2,0.5,0.5,1.5,0.33299999999999996,7.1,13.7,0.519,0.517,3.0,4.6,0.667,5.6,6.1,11.7,2.5,1.5,3.0,3.0,5.1,18.8,2021,metuch01
306,Khris Middleton,SF,29,MIL,27,27,32.8,8.3,16.3,0.51,2.7,6.1,0.444,5.6,10.2,0.55,0.593,3.3,3.7,0.9,0.8,5.5,6.3,6.6,1.1,0.2,2.7,3.0,22.7,2021,middlkh01
307,Darius Miller,SF,30,OKC,10,0,9.8,3.7,8.4,0.435,2.9,7.3,0.4,0.7,1.1,0.667,0.609,1.1,1.1,1.0,0.4,4.8,5.1,2.9,1.5,1.1,1.1,2.9,11.4,2021,milleda01
308,Patty Mills,PG,32,SAS,27,0,25.4,6.7,14.8,0.449,3.7,9.2,0.4,3.0,5.7,0.528,0.5720000000000001,1.7,1.8,0.943,0.4,2.3,2.7,3.8,0.9,0.1,1.4,2.0,18.7,2021,millspa02
309,Paul Millsap,PF,35,DEN,26,26,23.9,5.7,11.0,0.524,1.9,4.5,0.41,3.9,6.4,0.604,0.608,2.4,3.4,0.695,2.4,5.4,7.8,2.5,1.3,0.8,1.5,3.1,15.7,2021,millspa01
310,Shake Milton,SG,24,PHI,22,1,24.4,7.3,16.1,0.452,1.5,4.8,0.306,5.8,11.2,0.515,0.498,4.7,5.4,0.875,0.8,2.0,2.8,4.4,1.1,0.3,2.3,3.3,20.7,2021,miltosh01
311,Donovan Mitchell,SG,24,UTA,26,26,33.6,8.9,20.7,0.428,3.7,9.4,0.392,5.2,11.3,0.45799999999999996,0.517,4.5,5.4,0.84,1.0,3.6,4.6,5.4,0.8,0.4,3.2,2.4,25.9,2021,mitchdo01
312,Adam Mokoka,SG,22,CHI,7,0,6.0,4.3,12.0,0.35700000000000004,0.9,6.9,0.125,3.4,5.1,0.667,0.39299999999999996,0.0,0.0,0.0,0.9,2.6,3.4,3.4,1.7,0.9,1.7,4.3,9.4,2021,mokokad01
313,Malik Monk,SG,22,CHO,15,0,21.1,6.2,13.7,0.45,3.8,7.5,0.5,2.4,6.2,0.389,0.588,1.9,2.3,0.85,0.6,3.4,4.0,3.1,0.5,0.2,1.9,2.2,18.0,2021,monkma01
314,E'Twaun Moore,SG,31,PHO,13,1,16.6,5.2,11.8,0.43700000000000006,0.7,2.8,0.235,4.5,9.0,0.5,0.465,1.0,1.3,0.75,0.8,2.5,3.3,3.5,1.8,0.2,2.0,3.5,12.0,2021,mooreet01
315,Ja Morant,PG,21,MEM,14,14,29.9,8.0,17.9,0.447,1.0,4.0,0.261,7.0,14.0,0.5,0.47600000000000003,5.1,6.4,0.797,0.8,1.9,2.7,9.6,1.1,0.3,3.6,1.9,22.1,2021,moranja01
316,Juwan Morgan,PF,23,UTA,11,0,5.6,3.5,7.5,0.462,1.7,5.2,0.33299999999999996,1.7,2.3,0.75,0.5770000000000001,0.0,1.7,0.0,1.7,5.8,7.5,1.7,1.7,0.0,1.2,5.8,8.7,2021,morgaju01
317,Marcus Morris,PF,31,LAC,20,1,24.6,6.7,14.3,0.46399999999999997,3.8,7.5,0.505,2.9,6.8,0.419,0.597,2.6,2.7,0.946,1.2,4.4,5.6,1.3,0.9,0.4,1.5,2.6,19.7,2021,morrima03
318,Markieff Morris,PF,31,LAL,22,2,15.2,3.5,9.5,0.375,1.8,6.1,0.298,1.7,3.3,0.516,0.47200000000000003,1.4,1.9,0.722,1.5,6.9,8.4,2.1,0.3,0.6,1.2,3.4,10.3,2021,morrima02
319,Monte Morris,PG,25,DEN,26,3,26.2,5.8,11.7,0.493,1.7,4.5,0.38799999999999996,4.0,7.2,0.5589999999999999,0.568,1.7,2.5,0.7020000000000001,0.3,2.5,2.9,4.6,0.9,0.4,0.8,1.1,15.0,2021,morrimo01
320,Mychal Mulder,PG,26,GSW,27,0,10.7,4.7,9.6,0.494,3.9,8.5,0.456,0.9,1.1,0.778,0.695,0.9,1.4,0.636,0.1,3.1,3.2,1.4,0.7,0.7,0.6,3.2,14.2,2021,muldemy01
321,Dejounte Murray,PG,24,SAS,27,27,30.4,7.3,16.4,0.447,1.2,3.9,0.315,6.1,12.5,0.488,0.484,2.1,2.5,0.81,0.7,7.8,8.5,6.0,1.8,0.1,2.0,2.5,17.9,2021,murrade01
322,Jamal Murray,PG,23,DEN,24,24,34.8,7.1,16.1,0.442,2.2,6.3,0.34,5.0,9.7,0.509,0.509,2.8,3.5,0.802,0.7,3.5,4.2,4.6,1.1,0.3,2.1,2.3,19.2,2021,murraja01
323,Mike Muscala,C,29,OKC,24,0,18.8,6.1,14.5,0.423,3.7,10.0,0.365,2.5,4.5,0.5539999999999999,0.5489999999999999,2.0,2.2,0.9259999999999999,1.0,6.0,7.0,1.8,0.6,0.6,1.3,2.8,17.9,2021,muscami01
324,Sviatoslav Mykhailiuk,SF,23,DET,26,0,15.3,5.2,13.2,0.39,3.3,10.2,0.327,1.8,3.0,0.606,0.517,1.9,2.2,0.875,0.6,3.5,4.2,3.0,1.4,0.5,1.4,2.1,15.6,2021,mykhasv01
325,Abdel Nader,SF,27,PHO,11,0,14.8,6.4,13.0,0.49200000000000005,2.0,5.1,0.391,4.4,8.0,0.556,0.568,3.1,4.0,0.778,0.0,6.2,6.2,2.4,0.9,0.2,1.8,2.7,17.9,2021,naderab01
326,Larry Nance Jr.,PF,28,CLE,19,18,33.4,4.0,8.2,0.483,1.4,3.6,0.381,2.6,4.6,0.561,0.5660000000000001,0.7,1.2,0.5710000000000001,1.5,5.8,7.3,3.5,2.1,0.6,1.6,2.3,10.0,2021,nancela02
327,Aaron Nesmith,SF,21,BOS,11,0,13.3,3.2,10.1,0.317,2.5,8.1,0.303,0.7,2.0,0.375,0.439,0.5,0.7,0.667,0.7,4.2,4.9,1.2,0.0,0.5,2.0,4.7,9.4,2021,nesmiaa01
328,Raul Neto,PG,28,WAS,20,6,18.8,5.9,13.1,0.449,1.9,5.4,0.35700000000000004,3.9,7.7,0.513,0.522,1.2,1.6,0.765,1.0,3.4,4.3,3.3,1.9,0.2,1.2,2.6,14.9,2021,netora01
329,Georges Niang,PF,27,UTA,28,0,12.8,5.1,12.8,0.402,2.9,8.6,0.337,2.2,4.1,0.537,0.516,0.3,0.3,1.0,0.9,5.3,6.2,2.2,1.1,0.3,1.9,4.3,13.5,2021,niangge01
330,Zeke Nnaji,PF,20,DEN,13,0,5.5,7.0,12.5,0.56,4.5,7.5,0.6,2.5,5.0,0.5,0.74,1.0,2.0,0.5,2.0,2.5,4.5,0.0,0.5,0.5,0.0,2.5,19.5,2021,nnajize01
331,Nerlens Noel,C,26,NYK,24,2,18.5,3.3,5.7,0.5770000000000001,0.0,0.2,0.0,3.3,5.6,0.594,0.5770000000000001,1.0,1.6,0.6,2.9,7.1,10.0,0.9,1.8,3.9,1.9,4.2,7.6,2021,noelne01
332,Jaylen Nowell,SG,21,MIN,13,0,16.9,8.3,17.8,0.46799999999999997,2.8,7.7,0.36200000000000004,5.6,10.1,0.5479999999999999,0.546,2.9,3.9,0.75,1.1,2.8,3.9,1.8,0.8,0.7,1.5,3.8,22.4,2021,nowelja01
333,Frank Ntilikina,PG,22,NYK,4,0,10.5,5.1,12.0,0.429,4.3,7.7,0.556,0.9,4.3,0.2,0.607,0.9,2.6,0.33299999999999996,0.9,2.6,3.4,2.6,2.6,0.0,1.7,6.0,15.4,2021,ntilila01
334,Kendrick Nunn,PG,25,MIA,19,7,27.7,6.8,14.5,0.47200000000000003,2.3,6.8,0.33,4.6,7.7,0.598,0.55,1.4,1.6,0.875,0.6,3.7,4.3,2.9,1.5,0.3,2.7,2.4,17.4,2021,nunnke01
335,Jusuf Nurkić,C,26,POR,12,12,23.3,6.4,13.2,0.485,0.4,1.5,0.25,6.0,11.7,0.516,0.5,1.9,3.5,0.556,3.0,8.9,11.8,4.2,1.4,1.4,3.0,4.2,15.2,2021,nurkiju01
336,David Nwaba,SF,28,HOU,23,9,23.3,5.2,10.8,0.484,0.9,3.4,0.255,4.4,7.4,0.591,0.525,2.3,3.4,0.68,1.7,3.5,5.2,1.7,1.7,1.1,0.9,3.2,13.7,2021,nwabada01
337,Jordan Nwora,SF,22,MIL,10,0,8.2,7.5,16.2,0.45899999999999996,3.5,7.0,0.5,4.0,9.2,0.429,0.568,4.0,4.4,0.9,0.4,6.1,6.6,0.0,1.8,0.9,4.4,4.0,22.4,2021,nworajo01
338,Royce O'Neale,SF,27,UTA,28,28,32.5,2.9,6.4,0.45299999999999996,1.9,4.5,0.43,0.9,1.9,0.511,0.606,0.9,1.0,0.846,1.2,6.4,7.6,2.6,0.9,0.8,1.2,3.2,8.6,2021,onealro01
339,Semi Ojeleye,PF,26,BOS,25,4,19.0,3.6,8.5,0.42,2.2,5.9,0.37200000000000005,1.4,2.6,0.529,0.5489999999999999,1.4,1.9,0.72,1.2,4.5,5.7,1.7,0.5,0.0,0.8,2.3,10.7,2021,ojelese01
340,Jahlil Okafor,C,25,DET,12,0,10.0,7.5,12.6,0.595,0.0,0.9,0.0,7.5,11.7,0.6409999999999999,0.595,0.3,0.6,0.5,3.9,4.2,8.1,0.9,0.6,0.6,1.2,3.0,15.3,2021,okafoja01
341,Chuma Okeke,PF,22,ORL,12,0,22.2,2.8,7.4,0.382,1.1,3.7,0.29600000000000004,1.8,3.8,0.46399999999999997,0.455,0.4,0.8,0.5,2.2,3.7,5.8,3.7,1.2,0.5,1.2,1.8,7.2,2021,okekech01
342,Josh Okogie,SG,22,MIN,21,18,20.8,3.0,8.6,0.34299999999999997,0.7,3.5,0.18600000000000003,2.3,5.1,0.452,0.381,2.1,2.8,0.735,1.6,3.0,4.6,2.0,1.4,1.2,1.3,3.2,8.6,2021,okogijo01
343,Onyeka Okongwu,C,20,ATL,9,1,10.3,3.9,7.4,0.526,0.0,0.0,0.0,3.9,7.4,0.526,0.526,2.7,4.6,0.583,2.3,7.4,9.7,1.5,1.5,2.3,1.9,5.8,10.5,2021,okongon01
344,Isaac Okoro,SG,20,CLE,24,24,33.0,3.0,7.7,0.38799999999999996,0.7,2.9,0.25,2.3,4.8,0.47200000000000003,0.435,1.4,2.1,0.674,1.0,1.6,2.6,2.0,1.2,0.5,1.5,3.1,8.1,2021,okorois01
345,KZ Okpala,PF,21,MIA,14,5,12.0,2.6,6.6,0.387,1.5,4.1,0.368,1.1,2.6,0.41700000000000004,0.5,0.4,1.3,0.33299999999999996,0.9,3.4,4.3,1.3,0.6,0.4,1.7,4.1,7.1,2021,okpalkz01
346,Victor Oladipo,SG,28,TOT,20,20,32.0,7.9,19.6,0.401,2.7,8.2,0.32899999999999996,5.2,11.4,0.45299999999999996,0.47,3.0,4.1,0.74,0.2,5.6,5.9,5.2,1.5,0.4,2.5,2.7,21.5,2021,oladivi01
347,Kelly Olynyk,C,29,MIA,26,21,26.2,5.0,11.8,0.428,3.0,8.7,0.348,2.0,3.1,0.655,0.556,0.6,1.0,0.667,1.3,6.7,8.0,2.8,1.0,1.0,1.8,3.5,13.7,2021,olynyke01
348,Miye Oni,SG,23,UTA,22,0,7.7,1.7,6.1,0.276,1.7,5.3,0.32,0.0,0.8,0.0,0.414,1.1,1.3,0.833,2.3,6.1,8.5,1.3,0.6,0.8,1.5,4.9,6.1,2021,onimi01
349,Cedi Osman,SF,25,CLE,29,13,26.4,5.6,14.8,0.381,2.8,8.3,0.341,2.8,6.5,0.43200000000000005,0.47600000000000003,1.6,2.0,0.7859999999999999,0.9,3.6,4.6,3.5,1.2,0.1,1.4,2.9,15.7,2021,osmande01
350,Daniel Oturu,C,21,LAC,10,0,4.2,7.7,12.9,0.6,0.0,0.9,0.0,7.7,12.0,0.643,0.6,1.7,1.7,1.0,4.3,7.7,12.0,3.4,0.0,2.6,1.7,5.1,17.1,2021,oturuda01
351,Kelly Oubre Jr.,SF,25,GSW,28,28,28.9,6.3,15.7,0.402,2.0,6.6,0.297,4.4,9.1,0.478,0.465,2.8,3.6,0.765,1.7,5.6,7.3,1.7,1.3,1.0,1.7,2.9,17.4,2021,oubreke01
352,Eric Paschall,PF,24,GSW,25,2,17.1,8.3,16.5,0.5,1.0,3.0,0.34299999999999997,7.3,13.6,0.534,0.531,3.5,4.8,0.737,1.9,4.9,6.8,2.5,0.4,0.3,1.5,3.5,21.1,2021,pascher01
353,Anžejs Pasečņiks,C,25,WAS,1,0,6.0,0.0,6.0,0.0,0.0,6.0,0.0,0.0,0.0,0.0,0.0,0.0,0.0,0.0,6.0,0.0,6.0,6.0,0.0,0.0,30.0,12.0,0.0,2021,pasecan01
354,Patrick Patterson,PF,31,LAC,9,1,12.8,4.1,9.7,0.419,2.8,7.5,0.375,1.3,2.2,0.5710000000000001,0.565,0.9,1.3,0.75,0.9,3.4,4.4,1.6,0.9,0.3,1.9,3.8,11.9,2021,pattepa01
355,Chris Paul,PG,35,PHO,25,25,32.3,7.0,14.6,0.48200000000000004,1.5,4.2,0.358,5.5,10.4,0.532,0.534,3.0,3.1,0.971,0.6,4.6,5.3,9.2,1.4,0.3,2.7,3.2,18.6,2021,paulch01
356,Cameron Payne,PG,26,PHO,15,0,17.4,5.2,11.6,0.452,1.7,4.7,0.353,3.6,6.9,0.52,0.524,1.2,1.2,1.0,0.3,3.9,4.1,7.4,1.2,0.4,2.5,4.3,13.4,2021,payneca01
357,Elfrid Payton,PG,26,NYK,29,29,27.9,6.7,15.3,0.43700000000000006,0.6,2.5,0.255,6.1,12.8,0.47200000000000003,0.45799999999999996,1.8,2.5,0.7140000000000001,1.7,3.3,5.0,4.5,0.8,0.3,2.5,2.5,15.8,2021,paytoel01
358,Norvel Pelle,F-C,27,BRK,3,0,9.3,3.9,9.0,0.429,0.0,0.0,0.0,3.9,9.0,0.429,0.429,0.0,0.0,0.0,3.9,5.1,9.0,0.0,0.0,3.9,3.9,11.6,7.7,2021,pelleno01
359,Reggie Perry,PF,20,BRK,14,0,10.5,5.1,12.5,0.41200000000000003,0.5,2.9,0.16699999999999998,4.7,9.6,0.48700000000000004,0.431,1.5,2.2,0.667,4.2,8.3,12.5,2.9,0.5,1.2,2.7,6.6,12.2,2021,perryre01
360,Theo Pinson,SG,25,NYK,9,0,2.3,1.7,12.0,0.14300000000000002,0.0,10.3,0.0,1.7,1.7,1.0,0.14300000000000002,0.0,0.0,0.0,0.0,1.7,1.7,0.0,0.0,0.0,0.0,5.1,3.4,2021,pinsoth01
361,Mason Plumlee,C,30,DET,25,25,27.7,5.4,9.0,0.598,0.0,0.3,0.0,5.4,8.8,0.615,0.598,2.4,3.4,0.708,4.0,7.5,11.5,4.5,1.2,0.9,2.7,4.5,13.2,2021,plumlma01
362,Jakob Poeltl,C,25,SAS,27,9,22.2,4.8,7.9,0.611,0.0,0.0,0.0,4.8,7.9,0.611,0.611,0.7,2.3,0.316,4.9,6.5,11.3,2.8,1.0,2.5,1.9,3.4,10.3,2021,poeltja01
363,Vincent Poirier,C,27,PHI,4,0,4.5,2.0,6.0,0.33299999999999996,0.0,0.0,0.0,2.0,6.0,0.33299999999999996,0.33299999999999996,4.0,8.0,0.5,4.0,4.0,8.0,2.0,0.0,4.0,2.0,2.0,8.0,2021,poirivi01
364,Aleksej Pokusevski,PF,19,OKC,17,0,17.4,2.8,11.3,0.247,1.2,6.8,0.179,1.6,4.5,0.35100000000000003,0.301,0.0,0.0,0.0,0.6,6.7,7.3,2.6,1.0,2.3,2.7,1.9,6.8,2021,pokusal01
365,Jordan Poole,SG,21,GSW,15,0,9.5,6.5,15.4,0.426,3.3,9.8,0.33299999999999996,3.3,5.5,0.591,0.5329999999999999,4.5,4.8,0.9470000000000001,0.5,4.0,4.5,3.3,0.8,0.5,2.0,3.5,20.9,2021,poolejo01
366,Michael Porter Jr.,SF,22,DEN,16,9,27.0,7.2,14.6,0.49700000000000005,3.0,7.5,0.4,4.2,7.1,0.6,0.6,1.8,2.3,0.7859999999999999,1.6,6.4,8.0,1.2,1.4,1.6,1.4,2.8,19.3,2021,portemi01
367,Otto Porter,SF,27,CHI,16,6,23.2,6.2,13.9,0.444,2.7,6.8,0.4,3.5,7.2,0.486,0.542,2.9,3.5,0.833,1.9,7.7,9.7,3.1,0.9,0.3,1.5,2.4,18.0,2021,porteot01
368,Bobby Portis,C,25,MIL,27,1,21.7,8.2,14.8,0.552,1.7,3.6,0.475,6.5,11.2,0.5770000000000001,0.61,1.2,1.7,0.679,3.4,8.8,12.2,1.8,1.5,0.7,1.2,3.1,19.2,2021,portibo01
369,Kristaps Porziņģis,C,25,DAL,17,17,29.9,9.3,19.7,0.473,2.7,7.6,0.35200000000000004,6.6,12.1,0.55,0.541,3.3,3.9,0.855,2.5,7.4,9.9,1.6,0.4,1.9,1.5,4.0,24.7,2021,porzikr01
370,Dwight Powell,C,29,DAL,17,6,16.3,3.1,6.1,0.511,0.1,0.9,0.14300000000000002,3.0,5.2,0.575,0.521,4.0,5.8,0.6890000000000001,2.6,5.3,7.9,2.1,1.7,0.8,1.4,5.3,10.4,2021,poweldw01
371,Norman Powell,SG,27,TOR,25,14,28.0,7.1,15.5,0.462,3.0,6.9,0.43,4.2,8.5,0.488,0.5579999999999999,3.9,4.5,0.8740000000000001,0.6,3.1,3.7,1.8,1.4,0.2,1.7,2.5,21.2,2021,powelno01
372,Taurean Prince,PF,26,TOT,27,10,21.9,4.6,11.8,0.392,2.3,5.8,0.4,2.3,6.0,0.384,0.49,2.7,3.2,0.8490000000000001,0.7,5.2,6.0,2.8,1.2,1.2,1.9,3.0,14.3,2021,princta02
373,Payton Pritchard,SG,23,BOS,20,1,21.3,4.9,10.4,0.47200000000000003,2.5,5.9,0.429,2.4,4.5,0.528,0.593,0.9,1.0,0.917,0.8,3.5,4.3,3.7,1.1,0.4,2.1,3.1,13.3,2021,pritcpa01
374,Immanuel Quickley,PG,21,NYK,25,0,19.3,7.5,18.2,0.41,3.3,8.6,0.379,4.2,9.5,0.43799999999999994,0.5,5.1,5.4,0.945,0.7,3.7,4.4,5.1,0.7,0.6,1.8,4.0,23.3,2021,quickim01
375,Jahmi'us Ramsey,SG,19,SAC,4,0,4.0,4.5,9.0,0.5,2.2,6.8,0.33299999999999996,2.2,2.2,1.0,0.625,0.0,0.0,0.0,0.0,9.0,9.0,2.2,0.0,2.2,2.2,0.0,11.2,2021,ramseja01
376,Julius Randle,PF,26,NYK,29,29,36.7,7.8,16.5,0.47600000000000003,1.8,4.3,0.406,6.1,12.1,0.501,0.53,5.2,6.5,0.802,1.4,9.4,10.8,5.5,0.7,0.2,3.1,3.1,22.6,2021,randlju01
377,Cam Reddish,SF,21,ATL,23,18,28.6,4.7,12.8,0.368,1.6,6.3,0.261,3.1,6.5,0.47100000000000003,0.43200000000000005,3.3,4.1,0.8,1.0,3.9,4.9,1.7,1.4,0.4,1.8,3.3,14.4,2021,reddica01
378,J.J. Redick,SG,36,NOP,23,0,18.1,4.8,13.3,0.364,3.2,9.1,0.35200000000000004,1.6,4.2,0.38799999999999996,0.484,2.8,2.8,1.0,0.3,2.8,3.0,2.2,0.5,0.2,1.4,2.3,15.6,2021,redicjj01
379,Paul Reed,PF,21,PHI,5,0,11.0,5.9,14.4,0.409,0.0,2.0,0.0,5.9,12.4,0.474,0.409,0.0,0.0,0.0,4.6,2.0,6.5,2.0,0.7,2.6,3.3,2.6,11.8,2021,reedpa01
380,Naz Reid,C,21,MIN,25,13,21.9,7.8,15.0,0.52,1.7,4.5,0.382,6.1,10.6,0.578,0.5760000000000001,3.0,4.0,0.738,2.2,5.8,8.0,2.1,1.1,2.0,2.0,5.2,20.3,2021,reidna01
381,Nick Richards,PF,23,CHO,8,0,2.9,4.7,9.4,0.5,0.0,0.0,0.0,4.7,9.4,0.5,0.5,7.8,9.4,0.833,3.1,6.3,9.4,0.0,0.0,0.0,1.6,6.3,17.2,2021,richani01
382,Josh Richardson,SG,27,DAL,19,19,31.6,5.0,11.7,0.423,1.7,5.9,0.29600000000000004,3.2,5.9,0.551,0.49700000000000005,2.5,2.7,0.9329999999999999,1.1,2.2,3.3,3.1,1.0,0.2,1.6,3.4,14.2,2021,richajo01
383,Austin Rivers,SG,28,NYK,21,2,21.0,4.7,11.0,0.43,2.3,6.3,0.364,2.4,4.7,0.517,0.5329999999999999,0.8,1.1,0.7140000000000001,0.4,3.4,3.8,3.4,1.0,0.0,1.8,2.6,12.5,2021,riverau01
384,Duncan Robinson,SF,26,MIA,27,27,33.0,4.4,10.5,0.415,3.6,9.1,0.39299999999999996,0.8,1.5,0.556,0.585,1.4,1.7,0.8540000000000001,0.0,4.1,4.1,1.7,0.4,0.3,1.6,2.4,13.7,2021,robindu01
385,Glenn Robinson III,SF,27,SAC,22,1,15.7,4.2,9.7,0.43,1.7,4.5,0.37200000000000005,2.5,5.2,0.48,0.516,2.2,2.4,0.9129999999999999,0.7,3.0,3.7,2.1,0.3,0.3,1.0,2.2,12.2,2021,robingl02
386,Jerome Robinson,SG,23,WAS,13,3,17.0,3.6,10.9,0.32799999999999996,1.5,5.0,0.29,2.1,5.9,0.361,0.396,2.4,2.8,0.882,0.3,5.0,5.4,2.9,1.0,0.3,1.8,3.4,11.1,2021,robinje01
387,Mitchell Robinson,C,22,NYK,27,27,28.8,4.8,7.2,0.66,0.0,0.0,0.0,4.8,7.2,0.66,0.66,1.0,2.1,0.478,4.5,6.0,10.5,0.6,1.5,1.9,1.0,3.6,10.6,2021,robinmi01
388,Isaiah Roby,PF,22,OKC,20,8,19.9,6.0,11.0,0.541,0.9,2.8,0.32299999999999995,5.1,8.2,0.615,0.5820000000000001,2.3,3.3,0.6940000000000001,2.9,5.8,8.7,2.5,1.2,1.2,1.8,4.3,15.1,2021,robyis01
389,Rajon Rondo,PG,34,ATL,14,2,15.3,3.2,9.3,0.345,1.3,4.4,0.308,1.9,4.9,0.379,0.418,0.2,0.3,0.5,0.7,4.7,5.4,9.1,1.5,0.2,3.2,2.2,7.9,2021,rondora01
390,Derrick Rose,PG,32,TOT,19,0,22.5,8.3,18.8,0.442,1.3,4.0,0.34,7.0,14.9,0.469,0.478,4.3,5.1,0.836,0.5,2.6,3.1,6.6,1.9,0.6,3.0,1.8,22.3,2021,rosede01
391,Terrence Ross,SG,29,ORL,27,1,28.7,6.7,16.5,0.40399999999999997,2.3,7.1,0.327,4.4,9.4,0.46299999999999997,0.475,2.8,3.2,0.884,0.4,3.5,3.9,2.6,1.2,0.6,2.2,2.4,18.5,2021,rosste01
392,Terry Rozier,SG,26,CHO,26,26,33.3,8.1,16.4,0.49,3.7,8.3,0.445,4.4,8.1,0.536,0.602,2.4,3.0,0.795,0.6,3.8,4.4,3.3,1.4,0.5,1.9,2.1,22.2,2021,roziete01
393,Ricky Rubio,PG,30,MIN,25,10,24.6,3.3,9.1,0.359,0.7,2.9,0.245,2.6,6.3,0.41100000000000003,0.397,2.2,2.6,0.841,0.5,4.4,4.9,9.1,1.9,0.0,3.1,3.3,9.4,2021,rubiori01
394,D'Angelo Russell,PG,24,MIN,20,19,29.2,8.6,20.1,0.426,3.6,9.1,0.39899999999999997,4.9,11.0,0.449,0.517,3.0,4.0,0.75,0.6,2.7,3.2,6.2,1.4,0.6,3.3,2.4,23.8,2021,russeda01
395,Domantas Sabonis,PF,24,IND,28,28,36.1,8.0,15.3,0.523,1.0,2.8,0.354,7.0,12.4,0.562,0.556,4.0,5.6,0.703,2.7,8.7,11.4,5.6,0.9,0.6,3.4,3.5,20.9,2021,sabondo01
396,Luka Šamanić,PF,21,SAS,4,0,2.8,6.5,19.6,0.33299999999999996,6.5,9.8,0.667,0.0,9.8,0.0,0.5,3.3,6.5,0.5,0.0,0.0,0.0,0.0,0.0,0.0,0.0,0.0,22.9,2021,samanlu01
397,JaKarr Sampson,PF,27,IND,13,0,6.0,5.1,11.5,0.44,0.0,1.4,0.0,5.1,10.2,0.5,0.44,3.7,4.6,0.8,3.2,8.8,12.0,0.0,0.5,1.4,1.4,4.2,13.8,2021,sampsja02
398,Dario Šarić,PF,26,PHO,9,0,18.6,7.1,16.2,0.44,2.4,7.3,0.324,4.7,8.8,0.537,0.513,4.1,4.3,0.95,1.5,6.9,8.4,2.4,1.7,0.4,3.0,4.1,20.7,2021,saricda01
399,Tomáš Satoranský,SG,29,CHI,15,0,19.5,4.2,8.1,0.515,1.4,2.9,0.45799999999999996,2.8,5.2,0.5479999999999999,0.598,2.3,2.6,0.905,0.5,4.4,4.9,9.0,1.2,0.4,2.8,2.2,12.0,2021,satorto01
400,Dennis Schröder,SG,27,LAL,28,28,31.0,5.7,13.2,0.434,1.2,3.7,0.315,4.6,9.5,0.48,0.478,3.5,4.3,0.825,0.7,3.6,4.3,5.1,1.0,0.2,2.5,3.1,16.1,2021,schrode01
401,Mike Scott,PF,32,PHI,10,3,18.2,3.2,9.3,0.34,2.2,7.5,0.289,1.0,1.8,0.556,0.457,0.4,0.6,0.667,0.8,4.2,4.9,0.2,0.6,0.4,1.0,3.0,8.9,2021,scottmi01
402,Collin Sexton,SG,22,CLE,24,24,35.3,8.6,17.7,0.484,1.5,3.7,0.40700000000000003,7.1,14.1,0.505,0.526,4.5,5.7,0.805,0.8,1.8,2.6,4.3,1.1,0.2,2.5,3.0,23.2,2021,sextoco01
403,Landry Shamet,SG,23,BRK,25,0,18.6,4.3,11.8,0.366,2.9,8.7,0.33899999999999997,1.4,3.2,0.439,0.49,2.2,2.5,0.879,0.4,2.5,2.9,2.5,0.9,0.2,1.5,2.5,13.8,2021,shamela01
404,Pascal Siakam,PF,26,TOR,24,24,35.7,7.7,16.7,0.461,1.2,4.0,0.302,6.5,12.7,0.512,0.49700000000000005,4.1,5.1,0.795,2.1,5.5,7.6,4.5,1.2,0.6,2.3,3.2,20.7,2021,siakapa01
405,Chris Silva,PF,24,MIA,6,0,8.8,4.1,6.1,0.667,0.7,0.7,1.0,3.4,5.4,0.625,0.722,6.8,8.2,0.833,4.8,7.5,12.2,4.1,0.7,1.4,5.4,9.5,15.6,2021,silvach01
406,Ben Simmons,PG,24,PHI,25,25,33.4,6.3,11.2,0.562,0.0,0.3,0.16699999999999998,6.3,11.0,0.5710000000000001,0.563,3.8,5.7,0.667,1.7,7.2,8.9,8.7,1.8,0.9,3.6,3.4,16.4,2021,simmobe01
407,Anfernee Simons,SG,21,POR,23,0,17.6,6.1,15.1,0.406,4.4,10.6,0.41200000000000003,1.8,4.5,0.392,0.55,1.5,1.8,0.85,0.4,4.4,4.8,2.4,0.4,0.4,1.6,3.2,18.2,2021,simonan01
408,Deividas Sirvydis,SG,20,DET,4,0,1.2,0.0,14.4,0.0,0.0,14.4,0.0,0.0,0.0,0.0,0.0,0.0,0.0,0.0,0.0,0.0,0.0,7.2,0.0,0.0,0.0,0.0,0.0,2021,sirvyde01
409,Marcus Smart,PG,26,BOS,17,17,32.3,4.9,12.3,0.39399999999999996,1.8,5.9,0.311,3.0,6.4,0.469,0.46799999999999997,3.0,4.1,0.742,0.5,2.6,3.1,6.8,2.0,0.6,2.0,2.6,14.6,2021,smartma01
410,Dennis Smith Jr.,PG,23,TOT,6,0,11.5,3.7,12.5,0.292,0.5,4.2,0.125,3.1,8.3,0.375,0.313,3.7,4.7,0.778,1.0,3.1,4.2,5.2,1.6,0.5,2.6,2.6,11.5,2021,smithde03
411,Ish Smith,PG,32,WAS,19,1,20.6,4.1,10.7,0.379,0.5,1.8,0.25,3.6,8.8,0.406,0.401,0.6,1.4,0.4,0.9,5.2,6.1,8.3,1.4,0.4,1.7,1.7,9.1,2021,smithis01
412,Jalen Smith,PF,20,PHO,8,0,6.2,4.3,12.2,0.353,1.4,5.0,0.28600000000000003,2.9,7.2,0.4,0.41200000000000003,0.0,1.4,0.0,3.6,3.6,7.2,1.4,0.0,1.4,0.7,2.2,10.1,2021,smithja04
413,Tony Snell,SG,29,ATL,14,0,12.6,3.1,7.6,0.405,2.9,5.5,0.519,0.2,2.0,0.1,0.595,0.0,0.0,0.0,1.2,3.5,4.7,2.9,0.2,0.4,1.2,2.9,9.0,2021,snellto01
414,Ray Spalding,F,23,HOU,2,0,9.5,3.8,7.6,0.5,0.0,1.9,0.0,3.8,5.7,0.667,0.5,0.0,3.8,0.0,3.8,3.8,7.6,0.0,0.0,3.8,5.7,5.7,7.6,2021,spaldra01
415,Cassius Stanley,SG,21,IND,8,0,2.9,3.1,11.0,0.28600000000000003,1.6,3.1,0.5,1.6,7.8,0.2,0.35700000000000004,6.3,7.8,0.8,3.1,1.6,4.7,0.0,0.0,3.1,1.6,11.0,14.1,2021,stanlca01
416,Lamar Stevens,PF,23,CLE,18,0,14.7,4.2,10.5,0.40299999999999997,0.3,2.0,0.133,3.9,8.4,0.46799999999999997,0.41600000000000004,2.4,3.7,0.667,1.0,5.3,6.2,2.6,1.1,0.7,1.1,3.0,11.1,2021,stevela01
417,Isaiah Stewart,C,19,DET,25,2,18.0,4.5,8.5,0.5379999999999999,0.1,0.3,0.25,4.5,8.1,0.5489999999999999,0.542,1.7,2.4,0.7,5.0,5.7,10.7,1.3,1.0,1.9,1.5,5.5,10.9,2021,stewais01
418,Max Strus,SF,24,MIA,16,0,14.7,6.3,12.1,0.519,4.1,9.8,0.42200000000000004,2.1,2.3,0.9329999999999999,0.69,1.1,1.4,0.778,0.2,2.5,2.6,1.2,0.3,0.0,0.5,2.9,17.8,2021,strusma01
419,Edmond Sumner,SG,25,IND,16,4,9.4,5.8,11.5,0.5,1.2,3.8,0.313,4.6,7.7,0.594,0.552,2.2,3.4,0.643,1.4,3.6,5.0,1.9,1.9,0.2,2.4,4.1,14.9,2021,sumneed01
420,Jae'Sean Tate,SF,25,HOU,27,17,27.0,5.2,9.5,0.544,0.9,2.7,0.327,4.3,6.8,0.63,0.591,1.4,2.0,0.725,2.1,4.6,6.7,2.3,1.1,0.8,1.6,3.8,12.7,2021,tateja01
421,Jayson Tatum,SF,22,BOS,21,21,35.3,9.6,21.3,0.45,2.9,7.0,0.40700000000000003,6.7,14.3,0.47100000000000003,0.517,4.0,4.6,0.8740000000000001,0.6,6.6,7.2,4.6,1.3,0.4,2.4,1.9,26.1,2021,tatumja01
422,Jeff Teague,PG,32,BOS,23,3,16.9,3.9,11.9,0.32799999999999996,1.5,3.4,0.43200000000000005,2.4,8.4,0.28600000000000003,0.391,2.5,2.8,0.9,0.6,2.7,3.2,4.3,1.9,0.3,2.0,1.9,11.8,2021,teaguje01
423,Garrett Temple,SG,34,CHI,25,4,27.2,4.2,10.1,0.419,2.1,5.8,0.358,2.2,4.3,0.5,0.521,1.2,1.4,0.815,0.7,3.4,4.1,2.7,1.5,0.6,1.4,3.2,11.7,2021,templga01
424,Tyrell Terry,PG,20,DAL,11,0,5.1,3.2,10.3,0.313,0.0,4.5,0.0,3.2,5.8,0.556,0.313,0.6,1.9,0.33299999999999996,0.0,3.9,3.9,3.9,3.2,0.0,1.3,1.3,7.1,2021,terryty01
425,Daniel Theis,C,28,BOS,26,21,24.0,5.5,9.7,0.5710000000000001,1.3,3.4,0.397,4.2,6.4,0.664,0.64,1.6,2.4,0.6829999999999999,2.0,5.7,7.7,2.1,0.9,1.5,1.6,4.3,14.0,2021,theisda01
426,Brodric Thomas,SG,24,HOU,4,0,6.0,3.0,10.5,0.28600000000000003,1.5,9.0,0.16699999999999998,1.5,1.5,1.0,0.35700000000000004,7.5,10.5,0.7140000000000001,1.5,4.5,6.0,6.0,1.5,1.5,6.0,7.5,15.0,2021,thomabr01
427,Matt Thomas,SG,26,TOR,13,0,6.0,5.1,12.5,0.40700000000000003,4.2,9.2,0.45,0.9,3.2,0.28600000000000003,0.574,1.8,1.8,1.0,0.5,3.2,3.7,2.8,0.9,0.0,1.8,2.3,16.2,2021,thomama02
428,Tristan Thompson,PF,29,BOS,24,19,22.1,4.4,9.1,0.485,0.0,0.1,0.0,4.4,9.0,0.489,0.485,1.9,3.3,0.583,4.6,8.7,13.4,1.4,0.4,0.6,1.4,3.5,10.7,2021,thomptr01
429,Sindarius Thornwell,SG,26,NOP,9,1,5.3,3.0,8.2,0.364,1.5,3.8,0.4,1.5,4.5,0.33299999999999996,0.455,0.0,1.5,0.0,0.8,1.5,2.2,1.5,3.0,0.0,0.8,2.2,7.5,2021,thornsi01
430,Matisse Thybulle,SG,23,PHI,25,0,17.2,2.5,6.8,0.37,1.2,4.3,0.275,1.3,2.5,0.5329999999999999,0.457,0.5,1.0,0.5,0.6,2.2,2.8,1.5,3.1,1.8,0.7,4.0,6.7,2021,thybuma01
431,Xavier Tillman Sr.,PF,22,MEM,17,6,21.4,5.9,11.0,0.541,0.7,2.2,0.318,5.2,8.8,0.596,0.5720000000000001,1.2,1.6,0.75,2.5,5.4,7.9,2.8,1.6,1.2,1.1,4.5,13.7,2021,tillmxa01
432,Obi Toppin,PF,22,NYK,19,0,12.0,6.2,12.8,0.48100000000000004,1.6,5.5,0.28600000000000003,4.6,7.3,0.63,0.5429999999999999,1.1,1.6,0.7,0.8,6.8,7.6,1.4,0.5,1.3,1.6,2.7,15.0,2021,toppiob01
433,Juan Toscano-Anderson,SG,27,GSW,15,9,21.9,4.5,8.1,0.5539999999999999,1.2,2.9,0.423,3.3,5.3,0.625,0.628,1.1,1.5,0.7140000000000001,1.3,6.8,8.1,3.3,0.9,1.1,1.9,3.6,11.3,2021,toscaju01
434,Karl-Anthony Towns,C,25,MIN,7,7,32.6,8.5,16.9,0.505,2.4,5.4,0.441,6.2,11.5,0.534,0.575,4.4,4.9,0.903,3.6,8.8,12.5,3.9,0.9,2.4,3.3,3.5,23.8,2021,townska01
435,Gary Trent Jr.,SG,22,POR,24,11,29.7,6.5,14.9,0.434,3.8,8.6,0.447,2.6,6.3,0.41600000000000004,0.563,1.3,1.7,0.758,0.7,2.0,2.6,1.6,0.8,0.2,0.8,1.7,18.0,2021,trentga02
436,P.J. Tucker,PF,35,HOU,26,26,30.0,1.9,5.2,0.375,1.1,3.4,0.32899999999999996,0.8,1.8,0.462,0.48200000000000004,0.6,0.8,0.8240000000000001,1.2,4.3,5.5,1.7,1.0,0.6,1.2,3.6,5.6,2021,tuckepj01
437,Myles Turner,C,24,IND,26,26,31.2,5.5,10.9,0.5,1.7,5.2,0.331,3.7,5.7,0.6559999999999999,0.579,2.8,3.7,0.7709999999999999,1.5,6.3,7.8,1.2,1.3,4.0,1.6,4.2,15.5,2021,turnemy01
438,Jonas Valančiūnas,C,28,MEM,17,16,27.4,8.5,14.6,0.5820000000000001,0.6,1.5,0.4,7.9,13.1,0.604,0.603,4.2,5.5,0.7609999999999999,4.2,10.4,14.5,2.8,0.9,1.1,3.0,4.3,21.8,2021,valanjo01
439,Denzel Valentine,SG,27,CHI,22,3,19.8,5.9,14.6,0.40700000000000003,3.5,8.8,0.396,2.5,5.9,0.423,0.525,0.5,0.5,1.0,0.7,6.1,6.8,3.1,1.4,0.1,1.1,2.3,15.9,2021,valende01
440,Jarred Vanderbilt,PF,21,MIN,25,8,18.8,5.0,8.0,0.619,0.1,0.2,0.5,4.9,7.9,0.621,0.624,2.0,3.9,0.51,3.1,8.0,11.1,3.4,2.0,1.4,1.8,4.1,12.0,2021,vandeja01
441,Fred VanVleet,SG,26,TOR,27,27,36.3,6.7,16.3,0.41100000000000003,3.2,8.5,0.375,3.5,7.7,0.45,0.509,3.2,3.5,0.9059999999999999,0.7,3.5,4.2,6.5,1.7,0.7,2.0,2.2,19.7,2021,vanvlfr01
442,Devin Vassell,SF,20,SAS,26,1,17.3,4.0,10.1,0.397,2.0,5.0,0.397,2.0,5.0,0.397,0.496,1.4,1.7,0.857,1.3,5.3,6.6,2.2,2.3,0.7,1.0,2.6,11.4,2021,vassede01
443,Gabe Vincent,PG,24,MIA,17,5,16.5,5.1,14.5,0.354,2.2,9.0,0.243,2.9,5.5,0.535,0.429,1.9,2.2,0.882,0.4,2.3,2.7,3.3,0.9,0.1,2.3,4.4,14.3,2021,vincega01
444,Noah Vonleh,F,25,BRK,3,0,2.7,0.0,9.0,0.0,0.0,4.5,0.0,0.0,4.5,0.0,0.0,0.0,0.0,0.0,0.0,4.5,4.5,4.5,0.0,0.0,9.0,9.0,0.0,2021,vonleno01
445,Nikola Vučević,C,30,ORL,28,28,33.4,10.1,21.0,0.483,2.9,6.7,0.431,7.2,14.3,0.507,0.551,2.4,2.9,0.816,2.2,10.1,12.3,3.7,1.2,0.6,1.8,1.8,25.5,2021,vucevni01
446,Dean Wade,PF,24,CLE,23,0,8.3,3.2,9.2,0.34700000000000003,2.1,6.2,0.33299999999999996,1.1,3.0,0.375,0.45899999999999996,0.8,0.9,0.8,1.5,3.9,5.4,1.9,0.9,0.4,1.9,3.0,9.2,2021,wadede01
447,Moritz Wagner,C,23,WAS,13,2,14.5,6.1,10.1,0.604,1.1,3.3,0.353,5.0,6.9,0.722,0.66,3.1,4.8,0.64,1.1,7.1,8.2,2.5,1.7,0.8,1.5,6.7,16.5,2021,wagnemo01
448,Kemba Walker,PG,30,BOS,12,12,27.8,7.1,19.7,0.363,3.4,9.4,0.35600000000000004,3.8,10.3,0.368,0.44799999999999995,3.6,4.0,0.892,0.8,4.3,5.1,5.2,1.5,0.2,2.8,1.8,21.2,2021,walkeke02
449,Lonnie Walker,SG,22,SAS,25,22,26.6,5.5,13.5,0.406,2.1,5.9,0.355,3.4,7.5,0.446,0.484,1.5,1.9,0.8,0.3,3.7,3.9,2.3,0.6,0.5,1.4,2.9,14.5,2021,walkelo01
450,John Wall,PG,30,HOU,18,18,30.8,8.4,19.2,0.439,2.4,6.7,0.359,6.0,12.5,0.48200000000000004,0.502,4.1,5.5,0.741,0.6,3.7,4.3,7.3,1.1,0.8,3.8,1.6,23.4,2021,walljo01
451,Brad Wanamaker,PG,31,GSW,28,0,16.2,3.1,9.0,0.342,0.8,3.5,0.22699999999999998,2.3,5.5,0.414,0.386,2.8,3.2,0.875,0.5,3.4,3.9,5.9,1.7,0.3,1.8,3.3,9.7,2021,wanambr01
452,T.J. Warren,SF,27,IND,4,4,29.2,8.3,15.7,0.529,0.0,2.2,0.0,8.3,13.5,0.614,0.529,2.5,3.1,0.8,0.6,3.7,4.3,1.5,0.6,0.0,1.2,4.9,19.1,2021,warretj01
453,P.J. Washington,PF,22,CHO,24,24,28.8,5.1,12.0,0.42,1.4,4.1,0.32899999999999996,3.7,7.9,0.467,0.47600000000000003,2.5,3.4,0.738,2.1,6.1,8.2,3.8,1.1,1.6,2.6,3.4,14.0,2021,washipj01
454,Yuta Watanabe,SF,26,TOR,18,0,12.4,2.9,8.2,0.353,1.9,4.5,0.429,1.0,3.7,0.261,0.47100000000000003,1.3,1.3,1.0,2.6,6.9,9.5,1.1,1.5,1.8,1.3,3.1,9.0,2021,watanyu01
455,Tremont Waters,PG,23,BOS,9,1,10.0,2.4,10.8,0.222,1.2,4.8,0.25,1.2,6.0,0.2,0.278,2.8,3.2,0.875,0.8,2.4,3.2,10.0,2.0,0.0,5.2,2.4,8.8,2021,watertr01
456,Paul Watson,SF,26,TOR,13,0,3.2,7.7,12.0,0.643,6.9,9.4,0.727,0.9,2.6,0.33299999999999996,0.929,0.0,0.0,0.0,0.9,6.9,7.7,1.7,0.0,1.7,0.9,6.0,22.3,2021,watsopa01
457,Quinndary Weatherspoon,SG,24,SAS,5,0,4.8,1.5,7.5,0.2,0.0,1.5,0.0,1.5,6.0,0.25,0.2,3.0,3.0,1.0,0.0,3.0,3.0,4.5,1.5,0.0,9.0,10.5,6.0,2021,weathqu01
458,Russell Westbrook,PG,32,WAS,18,18,32.8,8.1,19.8,0.409,1.4,4.6,0.303,6.7,15.2,0.442,0.445,3.5,5.5,0.637,1.8,8.3,10.1,10.3,0.9,0.4,5.2,3.0,21.1,2021,westbru01
459,Coby White,PG,20,CHI,26,26,33.8,6.0,14.8,0.406,2.6,7.2,0.35600000000000004,3.4,7.6,0.45399999999999996,0.493,2.1,2.4,0.879,0.4,4.6,5.0,5.8,0.4,0.1,2.6,2.6,16.7,2021,whiteco01
460,Derrick White,SG,26,SAS,8,4,23.6,6.5,16.4,0.395,2.9,8.4,0.341,3.6,8.0,0.452,0.483,2.1,2.9,0.733,0.2,2.5,2.7,5.9,1.5,1.5,1.3,3.4,17.9,2021,whitede01
461,Hassan Whiteside,C,31,SAC,20,0,14.8,8.5,13.7,0.619,0.0,0.1,0.0,8.5,13.6,0.625,0.619,3.3,6.2,0.529,3.8,10.0,13.7,1.1,0.7,3.3,2.3,4.3,20.3,2021,whiteha01
462,Andrew Wiggins,PF,25,GSW,28,28,32.0,7.5,16.1,0.466,2.1,5.7,0.369,5.4,10.4,0.519,0.531,2.6,3.9,0.667,1.1,4.1,5.2,2.5,0.8,1.5,1.9,2.7,19.7,2021,wiggian01
463,Grant Williams,PF,22,BOS,23,6,19.1,3.6,7.9,0.45799999999999996,1.8,4.2,0.431,1.8,3.7,0.489,0.573,1.2,2.4,0.517,2.0,3.9,5.9,1.6,0.9,0.8,1.8,5.6,10.2,2021,willigr01
464,Kenrich Williams,PF,26,OKC,26,5,18.0,4.8,9.1,0.534,1.1,2.5,0.424,3.8,6.5,0.5760000000000001,0.593,0.9,1.5,0.632,2.9,4.5,7.5,3.4,1.5,0.4,1.7,3.2,11.7,2021,willike04
465,Lou Williams,PG,34,LAC,27,2,21.9,7.1,16.7,0.429,1.8,4.6,0.382,5.4,12.0,0.447,0.48200000000000004,4.1,4.8,0.8590000000000001,0.6,3.2,3.8,6.3,1.3,0.2,2.3,1.7,20.1,2021,willilo02
466,Patrick Williams,PF,19,CHI,25,25,27.6,4.7,10.6,0.446,1.1,2.9,0.39299999999999996,3.6,7.7,0.466,0.5,2.2,2.8,0.7959999999999999,1.1,4.8,5.9,1.4,0.9,0.9,2.0,2.9,12.9,2021,willipa01
467,Robert Williams,C,23,BOS,19,0,14.6,6.2,8.8,0.706,0.0,0.1,0.0,6.2,8.7,0.716,0.706,2.1,2.8,0.727,5.4,7.5,12.9,1.7,2.2,2.8,2.7,3.9,14.5,2021,williro04
468,Zion Williamson,PF,20,NOP,25,25,32.7,10.3,17.0,0.607,0.2,0.6,0.308,10.2,16.5,0.618,0.612,5.9,8.4,0.711,2.7,4.8,7.5,3.2,1.1,0.8,2.6,2.9,26.8,2021,willizi01
469,D.J. Wilson,PF,24,MIL,10,0,9.4,5.4,14.2,0.37799999999999995,3.1,8.8,0.348,2.3,5.4,0.429,0.486,0.4,0.8,0.5,1.1,7.3,8.4,1.1,0.4,1.1,1.5,4.6,14.2,2021,wilsodj01
470,Dylan Windler,SF,24,CLE,15,0,17.5,4.3,8.9,0.47700000000000004,1.8,5.8,0.31,2.5,3.2,0.7829999999999999,0.5770000000000001,2.1,2.3,0.882,1.5,6.2,7.7,2.5,1.2,1.1,2.1,2.6,12.4,2021,windldy01
471,Cassius Winston,PG,22,WAS,6,0,7.3,3.3,8.2,0.4,2.5,5.7,0.429,0.8,2.5,0.33299999999999996,0.55,1.6,1.6,1.0,0.0,3.3,3.3,4.9,0.0,0.8,0.8,3.3,10.6,2021,winstca01
472,James Wiseman,C,19,GSW,20,16,21.0,8.4,16.8,0.503,0.8,1.9,0.409,7.6,14.9,0.514,0.526,3.3,5.2,0.623,2.6,7.9,10.5,1.2,0.7,2.2,2.7,5.4,20.9,2021,wisemja01
473,Christian Wood,C,25,HOU,17,17,31.2,10.1,18.1,0.5579999999999999,2.2,5.2,0.42100000000000004,7.9,13.0,0.613,0.618,3.0,4.3,0.688,2.1,9.7,11.8,1.5,1.1,1.8,2.1,2.2,25.4,2021,woodch01
474,Robert Woodard,SF,21,SAC,6,0,2.8,12.7,23.3,0.545,2.1,6.4,0.33299999999999996,10.6,16.9,0.625,0.591,0.0,4.2,0.0,6.4,10.6,16.9,0.0,0.0,0.0,2.1,0.0,27.5,2021,woodaro01
475,Delon Wright,SG,28,DET,27,22,29.1,4.5,10.0,0.452,1.1,3.0,0.364,3.4,7.0,0.49,0.507,2.8,3.5,0.779,1.5,4.3,5.8,6.1,1.7,0.7,1.5,1.3,12.9,2021,wrighde01
476,Thaddeus Young,PF,32,CHI,22,0,25.8,7.2,12.1,0.597,0.3,1.3,0.25,6.9,10.8,0.637,0.61,1.0,1.9,0.5329999999999999,3.3,4.6,7.9,6.0,1.9,0.6,2.8,3.9,15.8,2021,youngth01
477,Trae Young,PG,22,ATL,25,25,34.6,7.6,18.2,0.41700000000000004,2.3,6.3,0.364,5.3,12.0,0.444,0.479,9.4,10.7,0.883,0.7,3.3,4.0,9.7,0.7,0.3,4.3,2.2,26.9,2021,youngtr01
478,Cody Zeller,C,28,CHO,15,12,24.1,6.3,12.0,0.525,0.3,1.6,0.188,6.0,10.4,0.5770000000000001,0.5379999999999999,2.2,2.9,0.759,3.9,8.1,12.0,3.7,1.0,0.9,1.4,3.7,15.1,2021,zelleco01
479,Ivica Zubac,C,23,LAC,29,1,19.4,5.8,8.7,0.669,0.0,0.1,0.0,5.8,8.6,0.674,0.669,3.8,4.5,0.845,4.2,7.9,12.1,1.9,0.7,1.5,1.9,4.8,15.4,2021,zubaciv01
