,Player,Pos,Age,Tm,G,GS,MP,FG,FGA,FGPc,_3P,_3PA,_3PTPc,_2P,_2PA,_2PTPc,FT,FTA,FTPc,ORB,DRB,TRB,AST,STL,BLK,TOV,PF,PTS,ORtg,DRtg,Season,PlayerID
0,Precious Achiuwa,PF,21,MIA,27,2,391,8.2,14.3,0.574,0.0,0.0,0.0,8.2,14.3,0.574,4.5,8.1,0.5539999999999999,4.5,8.7,13.2,2.1,1.5,1.9,3.6,6.6,20.9,107,108,2021,achiupr01
1,Jaylen Adams,PG,24,MIL,6,0,17,2.8,22.2,0.125,0.0,5.6,0.0,2.8,16.7,0.16699999999999998,0.0,0.0,0.0,0.0,8.3,8.3,5.6,0.0,0.0,0.0,2.8,5.6,46,116,2021,adamsja01
2,Steven Adams,C,27,NOP,25,25,727,6.0,10.1,0.593,0.0,0.1,0.0,6.0,10.0,0.597,1.9,4.0,0.483,7.5,7.8,15.3,3.9,1.5,0.9,3.0,3.2,13.9,120,115,2021,adamsst01
3,Bam Adebayo,C,23,MIA,25,25,839,10.6,18.5,0.5710000000000001,0.1,0.3,0.4,10.5,18.2,0.573,7.4,8.8,0.8420000000000001,2.8,10.9,13.6,7.7,1.5,1.5,4.4,3.6,28.7,120,108,2021,adebaba01
4,LaMarcus Aldridge,C,35,SAS,18,18,480,10.6,22.3,0.47600000000000003,2.4,6.7,0.358,8.2,15.7,0.525,1.6,2.1,0.762,1.5,6.3,7.7,3.5,0.7,1.6,1.6,2.7,25.2,107,112,2021,aldrila01
5,Ty-Shon Alexander,SG,22,PHO,3,0,8,0.0,18.6,0.0,0.0,6.2,0.0,0.0,12.4,0.0,0.0,0.0,0.0,0.0,6.2,6.2,6.2,0.0,0.0,0.0,6.2,0.0,23,114,2021,alexaty01
6,Nickeil Alexander-Walker,SG,22,NOP,22,3,438,8.5,20.8,0.406,2.6,9.6,0.267,5.9,11.2,0.525,2.8,3.6,0.7809999999999999,0.6,6.1,6.7,5.0,2.8,0.9,3.3,4.3,22.3,99,113,2021,alexani01
7,Grayson Allen,SG,25,MEM,17,6,396,6.1,14.6,0.41700000000000004,4.4,10.4,0.419,1.7,4.1,0.41200000000000003,3.8,4.3,0.8859999999999999,0.9,5.2,6.1,4.0,2.2,0.4,2.3,2.7,20.3,117,112,2021,allengr01
8,Jarrett Allen,C,22,TOT,28,10,734,8.0,12.5,0.642,0.1,0.3,0.25,8.0,12.2,0.6509999999999999,6.6,8.7,0.758,5.4,11.2,16.6,3.0,0.9,3.0,2.8,2.9,22.7,133,111,2021,allenja01
9,Al-Farouq Aminu,PF,30,ORL,1,0,5,0.0,0.0,0.0,0.0,0.0,0.0,0.0,0.0,0.0,0.0,19.4,0.0,0.0,9.7,9.7,9.7,0.0,0.0,9.7,0.0,0.0,26,116,2021,aminual01
10,Kyle Anderson,PF,27,MEM,22,22,623,8.3,18.0,0.45899999999999996,2.8,7.3,0.379,5.5,10.7,0.514,3.2,4.0,0.7879999999999999,1.6,9.1,10.7,6.5,1.6,1.3,2.5,3.0,22.5,114,110,2021,anderky01
11,Giannis Antetokounmpo,PF,26,MIL,26,26,869,14.6,25.9,0.563,1.6,5.6,0.282,13.0,20.3,0.6409999999999999,8.8,13.8,0.638,2.6,13.6,16.2,8.1,1.6,1.8,5.1,4.4,39.5,119,106,2021,antetgi01
12,Kostas Antetokounmpo,PF,23,LAL,1,0,8,0.0,12.1,0.0,0.0,0.0,0.0,0.0,12.1,0.0,0.0,0.0,0.0,0.0,24.2,24.2,0.0,0.0,12.1,12.1,6.1,0.0,0,85,2021,antetko01
13,Thanasis Antetokounmpo,SF,28,MIL,17,0,149,5.4,8.2,0.654,0.6,2.2,0.28600000000000003,4.8,6.0,0.789,1.3,2.2,0.5710000000000001,4.1,5.7,9.8,4.8,1.6,1.0,4.8,7.9,12.7,110,112,2021,antetth01
14,Carmelo Anthony,PF,36,POR,25,3,636,8.8,22.1,0.4,3.3,8.8,0.374,5.6,13.3,0.41700000000000004,4.8,5.6,0.851,1.0,5.6,6.6,2.4,1.5,1.5,1.8,3.9,25.7,107,116,2021,anthoca01
15,Cole Anthony,PG,20,ORL,25,17,667,7.4,19.6,0.375,2.0,6.0,0.325,5.4,13.5,0.39799999999999996,3.3,4.0,0.836,1.5,6.6,8.1,6.8,1.2,0.8,3.7,3.7,20.0,96,113,2021,anthoco01
16,OG Anunoby,SF,23,TOR,17,17,592,7.0,14.3,0.486,3.4,7.9,0.433,3.6,6.5,0.55,2.8,3.8,0.745,2.2,5.8,8.0,2.2,2.8,0.7,2.4,4.0,20.2,116,111,2021,anunoog01
17,Ryan Arcidiacono,PG,26,CHI,10,0,100,3.8,10.3,0.364,2.8,7.1,0.4,0.9,3.3,0.28600000000000003,1.9,2.4,0.8,0.5,8.9,9.4,7.1,1.4,0.0,0.9,4.7,12.2,124,113,2021,arcidry01
18,D.J. Augustin,PG,33,MIL,26,0,465,4.7,13.7,0.341,3.2,8.7,0.37200000000000005,1.4,5.0,0.28600000000000003,3.5,3.9,0.895,1.0,2.1,3.1,7.6,1.3,0.1,2.1,1.9,16.0,116,116,2021,augusdj01
19,Deni Avdija,SF,20,WAS,21,16,482,5.3,12.4,0.426,2.5,7.0,0.35600000000000004,2.8,5.4,0.518,1.1,1.8,0.579,1.2,8.5,9.7,3.2,1.5,0.4,1.6,5.7,14.1,105,114,2021,avdijde01
20,Deandre Ayton,C,22,PHO,26,26,832,9.4,16.1,0.584,0.2,0.9,0.2,9.2,15.2,0.606,2.6,3.6,0.7170000000000001,5.9,13.3,19.2,2.7,0.5,1.6,3.3,5.2,21.5,116,107,2021,aytonde01
21,Udoka Azubuike,C,21,UTA,12,0,49,4.0,7.0,0.5710000000000001,0.0,0.0,0.0,4.0,7.0,0.5710000000000001,4.0,6.0,0.667,4.0,9.0,12.9,0.0,1.0,4.0,3.0,8.0,11.9,109,104,2021,azubuud01
22,Dwayne Bacon,SG,25,ORL,28,19,702,7.7,18.7,0.413,1.9,5.5,0.35,5.8,13.2,0.44,3.0,3.8,0.8,0.8,5.3,6.1,2.1,1.5,0.1,1.4,3.3,20.5,102,115,2021,bacondw01
23,Marvin Bagley III,PF,21,SAC,25,25,623,9.8,20.7,0.47600000000000003,2.0,5.4,0.371,7.8,15.3,0.513,2.8,5.5,0.514,4.0,10.2,14.2,1.7,0.9,0.9,2.8,4.8,24.5,103,118,2021,baglema01
24,LaMelo Ball,PG,19,CHO,28,8,776,9.5,21.7,0.43700000000000006,3.2,9.0,0.354,6.3,12.7,0.495,3.4,4.3,0.797,2.7,8.1,10.8,10.7,2.7,0.6,4.7,4.6,25.5,110,109,2021,ballla01
25,Lonzo Ball,PG,23,NOP,23,23,709,8.0,19.1,0.42100000000000004,4.5,11.8,0.37799999999999995,3.6,7.3,0.491,1.2,1.6,0.7390000000000001,1.0,6.0,7.1,7.4,1.9,0.8,3.2,3.8,21.7,110,115,2021,balllo01
26,Mo Bamba,C,22,ORL,12,0,103,12.3,23.6,0.52,1.9,7.1,0.267,10.4,16.5,0.629,1.4,2.4,0.6,7.1,13.7,20.7,1.9,0.9,3.8,1.9,6.6,27.8,116,106,2021,bambamo01
27,Desmond Bane,SG,22,MEM,20,2,456,7.9,16.4,0.484,4.3,9.0,0.48200000000000004,3.6,7.4,0.486,1.5,1.8,0.8240000000000001,0.9,4.6,5.6,3.4,1.4,0.3,2.4,3.9,21.6,114,114,2021,banede01
28,Harrison Barnes,PF,28,SAC,27,27,948,7.2,15.0,0.48,2.3,5.9,0.38799999999999996,4.9,9.1,0.539,4.9,5.8,0.843,1.5,7.0,8.5,4.6,1.1,0.3,1.9,1.6,21.5,124,120,2021,barneha02
29,RJ Barrett,SG,20,NYK,29,29,985,9.3,21.7,0.42700000000000005,1.5,5.0,0.303,7.8,16.7,0.465,4.3,5.9,0.7390000000000001,2.0,7.1,9.1,4.6,1.1,0.3,2.8,3.7,24.4,103,111,2021,barrerj01
30,Will Barton,SF,30,DEN,25,21,744,7.2,16.6,0.436,2.7,6.6,0.40399999999999997,4.6,10.0,0.457,2.2,2.9,0.75,0.8,5.4,6.2,5.3,1.3,0.7,2.5,3.1,19.3,108,114,2021,bartowi01
31,Keita Bates-Diop,SF,25,SAS,8,0,27,0.0,15.9,0.0,0.0,7.1,0.0,0.0,8.8,0.0,8.8,10.6,0.833,1.8,3.5,5.3,3.5,1.8,0.0,0.0,0.0,8.8,64,113,2021,bateske01
32,Nicolas Batum,SF,32,LAC,27,27,806,5.5,11.2,0.49200000000000005,3.5,7.6,0.456,2.0,3.5,0.569,1.6,1.8,0.867,1.5,6.6,8.1,3.8,2.3,0.6,1.2,2.8,16.1,135,110,2021,batumni01
33,Aron Baynes,C,34,TOR,24,24,452,6.2,15.2,0.406,1.3,5.7,0.222,4.9,9.4,0.517,0.7,0.8,0.875,3.9,10.0,13.9,2.5,0.7,0.8,2.1,6.7,14.3,99,113,2021,baynear01
34,Kent Bazemore,SF,31,GSW,26,0,410,6.6,12.8,0.513,2.7,6.1,0.444,3.9,6.7,0.5760000000000001,2.5,3.2,0.7859999999999999,1.2,7.4,8.6,4.5,2.3,1.8,3.1,6.4,18.4,113,107,2021,bazemke01
35,Darius Bazley,PF,20,OKC,26,26,804,6.8,17.3,0.396,2.2,7.8,0.28,4.7,9.5,0.491,2.4,3.2,0.759,0.9,10.5,11.4,2.5,0.7,1.1,2.8,1.6,18.3,91,110,2021,bazleda01
36,Bradley Beal,SG,27,WAS,23,23,810,15.1,31.8,0.47600000000000003,3.4,9.9,0.341,11.8,21.9,0.536,9.8,11.0,0.8909999999999999,1.8,5.0,6.8,5.8,1.8,0.7,4.1,3.4,43.4,114,115,2021,bealbr01
37,Malik Beasley,SG,24,MIN,27,27,873,11.2,24.5,0.45799999999999996,5.0,12.4,0.402,6.2,12.1,0.516,3.2,3.7,0.855,1.4,6.0,7.4,3.7,1.1,0.3,2.2,2.3,30.7,114,117,2021,beaslma01
38,Jordan Bell,C,26,WAS,3,1,50,4.6,13.9,0.33299999999999996,0.0,1.8,0.0,4.6,12.0,0.385,0.0,0.0,0.0,4.6,10.2,14.8,4.6,0.9,2.8,2.8,3.7,9.2,84,111,2021,belljo01
39,DeAndre' Bembry,SF,26,TOR,18,0,243,5.9,10.1,0.588,1.4,2.8,0.5,4.5,7.3,0.622,1.2,1.8,0.667,1.6,4.3,5.9,5.9,2.2,1.0,2.2,4.1,14.4,127,113,2021,bembrde01
40,Dāvis Bertāns,PF,28,WAS,22,3,563,5.6,15.7,0.35600000000000004,4.8,13.9,0.349,0.7,1.8,0.409,2.9,3.6,0.795,0.8,4.8,5.7,1.8,1.3,0.5,1.1,4.5,18.9,109,116,2021,bertada01
41,Patrick Beverley,PG,32,LAC,19,19,460,5.5,13.0,0.42100000000000004,3.6,8.4,0.436,1.8,4.6,0.395,2.2,2.9,0.778,2.1,6.4,8.6,4.4,1.9,1.4,1.5,6.9,16.8,124,110,2021,beverpa01
42,Saddiq Bey,SF,21,DET,25,8,497,7.2,17.3,0.41700000000000004,4.8,11.5,0.42200000000000004,2.4,5.8,0.40700000000000003,3.3,4.1,0.805,1.0,7.7,8.7,2.2,1.3,0.1,1.8,3.4,22.5,113,114,2021,beysa01
43,Tyler Bey,SF,22,DAL,4,0,13,7.5,18.7,0.4,0.0,0.0,0.0,7.5,18.7,0.4,7.5,14.9,0.5,7.5,3.7,11.2,0.0,0.0,3.7,0.0,7.5,22.4,108,116,2021,beyty01
44,Khem Birch,C,28,ORL,28,0,615,5.7,11.0,0.518,0.2,0.9,0.25,5.4,10.0,0.5429999999999999,3.6,4.7,0.767,6.0,7.3,13.3,2.7,1.6,1.5,1.5,3.8,15.2,127,111,2021,birchkh01
45,Goga Bitadze,C,21,IND,13,0,124,8.6,14.8,0.579,0.8,4.7,0.16699999999999998,7.8,10.1,0.769,3.5,4.7,0.75,3.5,7.8,11.3,1.2,1.2,5.4,1.6,8.9,21.4,124,106,2021,bitadgo01
46,Bismack Biyombo,C,28,CHO,26,16,585,5.7,9.8,0.58,0.0,0.1,0.0,5.7,9.7,0.585,1.7,3.9,0.447,4.7,7.8,12.5,2.8,0.5,2.6,1.9,5.0,13.1,117,112,2021,biyombi01
47,Nemanja Bjelica,PF,32,SAC,13,0,211,6.8,15.2,0.44799999999999995,1.6,5.9,0.26899999999999996,5.2,9.3,0.561,5.2,6.4,0.821,2.7,8.4,11.1,6.4,0.0,0.5,3.6,5.5,20.4,112,121,2021,bjeline01
48,Eric Bledsoe,SG,31,NOP,25,24,733,7.8,17.9,0.433,3.7,9.3,0.4,4.1,8.6,0.469,2.3,3.6,0.648,0.8,5.2,6.0,6.0,1.1,0.4,2.9,2.6,21.6,110,118,2021,bledser01
49,Keljin Blevins,SF,25,POR,8,0,38,1.3,11.5,0.111,0.0,3.8,0.0,1.3,7.6,0.16699999999999998,0.0,0.0,0.0,0.0,0.0,0.0,5.1,2.5,0.0,3.8,5.1,2.5,38,118,2021,blevike01
50,Bogdan Bogdanović,SG,28,ATL,9,2,213,6.8,17.7,0.385,4.8,13.2,0.36200000000000004,2.0,4.5,0.45,1.8,2.0,0.889,0.5,7.3,7.7,4.3,0.9,0.2,2.5,4.1,20.2,105,115,2021,bogdabo01
51,Bojan Bogdanović,SF,31,UTA,28,28,868,8.1,19.2,0.42200000000000004,4.2,10.6,0.39399999999999996,3.9,8.6,0.45799999999999996,4.2,4.9,0.862,0.8,5.6,6.4,3.4,0.6,0.1,2.3,2.4,24.6,115,112,2021,bogdabo02
52,Bol Bol,PF,21,DEN,12,2,65,5.3,12.1,0.43799999999999994,1.5,4.6,0.33299999999999996,3.8,7.6,0.5,0.8,1.5,0.5,0.0,6.8,6.8,1.5,0.8,3.0,3.8,5.3,12.9,79,111,2021,bolbo01
53,Marques Bolden,C,22,CLE,6,0,29,1.7,5.1,0.33299999999999996,0.0,0.0,0.0,1.7,5.1,0.33299999999999996,8.5,13.5,0.625,5.1,5.1,10.1,0.0,3.4,3.4,3.4,0.0,11.8,101,108,2021,boldema01
54,Jordan Bone,PG,23,ORL,14,0,196,5.7,13.4,0.426,2.5,7.9,0.313,3.2,5.5,0.591,0.0,0.0,0.0,1.0,5.0,5.9,4.5,0.5,0.0,0.7,2.7,13.9,114,117,2021,bonejo01
55,Isaac Bonga,SF,21,WAS,17,7,230,2.8,7.2,0.389,1.8,4.4,0.409,1.0,2.8,0.35700000000000004,0.4,0.6,0.667,1.6,6.0,7.6,1.8,0.8,0.8,1.4,5.6,7.8,102,116,2021,bongais01
56,Devin Booker,SG,24,PHO,22,22,774,12.7,25.6,0.494,3.0,8.3,0.364,9.6,17.3,0.556,6.3,7.6,0.8240000000000001,0.3,5.1,5.3,6.0,1.2,0.4,5.1,4.6,34.6,107,111,2021,bookede01
57,Chris Boucher,C,28,TOR,27,0,624,9.9,18.7,0.529,3.1,7.3,0.43200000000000005,6.8,11.4,0.591,5.1,6.9,0.7440000000000001,4.2,9.8,14.1,2.2,1.0,4.1,1.4,5.7,28.1,131,108,2021,bouchch01
58,Brian Bowen,SF,22,IND,1,0,5,9.6,19.3,0.5,0.0,0.0,0.0,9.6,19.3,0.5,9.6,9.6,1.0,0.0,9.6,9.6,0.0,0.0,0.0,0.0,0.0,28.9,127,115,2021,bowenbr02
59,Avery Bradley,SG,30,MIA,10,1,211,7.2,15.2,0.47,3.7,8.8,0.42100000000000004,3.5,6.5,0.536,1.6,2.1,0.778,0.5,3.7,4.2,3.2,1.6,0.2,2.1,6.0,19.6,110,113,2021,bradlav01
60,Tony Bradley,C,23,PHI,10,1,117,7.7,14.6,0.528,0.0,0.4,0.0,7.7,14.2,0.5429999999999999,1.2,2.0,0.6,8.5,11.8,20.3,2.4,1.2,2.4,0.4,4.5,16.6,132,107,2021,bradlto01
61,Jarrell Brantley,PF,24,UTA,7,0,20,7.3,17.1,0.429,7.3,12.2,0.6,0.0,4.9,0.0,0.0,0.0,0.0,2.4,7.3,9.8,0.0,2.4,2.4,2.4,9.8,21.9,113,104,2021,brantja01
62,Ignas Brazdeikis,SF,22,NYK,4,0,7,0.0,7.2,0.0,0.0,0.0,0.0,0.0,7.2,0.0,14.3,14.3,1.0,7.2,7.2,14.3,7.2,0.0,0.0,7.2,0.0,14.3,102,114,2021,brazdig01
63,Mikal Bridges,SF,24,PHO,26,26,861,7.7,15.3,0.502,2.9,7.4,0.395,4.7,7.9,0.603,3.2,3.8,0.833,2.1,5.8,8.0,3.2,0.9,1.4,1.2,2.9,21.5,128,110,2021,bridgmi01
64,Miles Bridges,PF,22,CHO,28,2,747,6.8,14.5,0.469,2.3,6.4,0.364,4.5,8.1,0.552,2.0,2.1,0.9390000000000001,2.4,8.1,10.5,3.5,1.3,1.4,3.2,4.4,17.9,107,111,2021,bridgmi02
65,Malcolm Brogdon,PG,28,IND,28,28,1004,10.8,24.6,0.43799999999999994,3.4,9.0,0.37799999999999995,7.3,15.6,0.47200000000000003,3.6,4.0,0.904,1.0,5.3,6.3,8.8,1.7,0.3,2.6,2.4,28.5,112,113,2021,brogdma01
66,Dillon Brooks,SF,25,MEM,22,22,641,10.1,25.7,0.39399999999999996,3.2,10.1,0.311,7.0,15.6,0.447,2.5,3.2,0.767,1.9,3.6,5.5,4.4,2.3,0.7,3.6,5.3,25.9,94,112,2021,brookdi01
67,Bruce Brown,PG,24,BRK,25,12,472,7.0,12.3,0.569,0.4,2.2,0.182,6.6,10.1,0.653,2.0,2.9,0.69,3.3,7.9,11.2,2.4,1.6,0.9,2.2,4.7,16.4,117,113,2021,brownbr01
68,Jaylen Brown,SG,24,BOS,24,24,796,14.7,28.7,0.513,3.4,8.4,0.409,11.3,20.3,0.556,5.4,7.2,0.752,1.9,6.4,8.3,5.0,1.9,0.9,3.9,4.2,38.2,115,111,2021,brownja02
69,Moses Brown,C,21,OKC,7,0,31,10.7,15.3,0.7,0.0,0.0,0.0,10.7,15.3,0.7,10.7,21.4,0.5,6.1,16.8,22.9,4.6,1.5,6.1,1.5,6.1,32.1,135,98,2021,brownmo01
70,Sterling Brown,SG,25,HOU,25,1,530,6.3,13.8,0.45799999999999996,3.5,8.4,0.415,2.8,5.4,0.525,0.9,0.9,1.0,1.8,6.9,8.7,3.8,2.1,0.5,1.5,4.3,17.0,119,108,2021,brownst02
71,Troy Brown Jr.,SF,21,WAS,13,0,205,5.0,14.0,0.355,2.5,8.1,0.306,2.5,5.9,0.423,1.6,2.7,0.583,1.8,8.3,10.1,2.9,0.5,0.5,2.7,5.2,14.0,90,116,2021,browntr01
72,Jalen Brunson,PG,24,DAL,24,6,578,8.6,16.8,0.515,2.2,5.7,0.382,6.5,11.1,0.583,4.0,4.5,0.889,0.4,6.0,6.4,7.3,0.8,0.0,2.4,3.0,23.5,123,118,2021,brunsja01
73,Thomas Bryant,C,23,WAS,10,10,271,10.1,15.5,0.648,1.5,3.6,0.429,8.5,11.9,0.7140000000000001,2.7,4.1,0.667,3.1,7.3,10.4,2.6,0.7,1.4,1.9,5.3,24.4,131,115,2021,bryanth01
74,Reggie Bullock,SF,29,NYK,24,24,636,6.1,14.8,0.41,3.5,9.0,0.386,2.6,5.8,0.446,0.9,1.1,0.7859999999999999,0.6,6.1,6.6,2.4,1.3,0.4,1.3,4.8,16.5,107,110,2021,bullore01
75,Trey Burke,PG,28,DAL,27,0,466,8.2,18.5,0.444,3.7,9.5,0.396,4.5,9.1,0.494,2.4,2.8,0.852,0.4,2.7,3.1,4.5,2.2,0.2,1.6,4.2,22.6,114,117,2021,burketr01
76,Alec Burks,SG,29,NYK,17,3,435,7.0,17.7,0.39899999999999997,3.9,9.5,0.415,3.1,8.2,0.38,4.0,5.0,0.8140000000000001,1.0,8.2,9.2,4.4,1.7,0.6,2.0,3.6,22.1,113,108,2021,burksal01
77,Jimmy Butler,SF,31,MIA,15,15,487,9.0,20.4,0.441,0.3,2.2,0.136,8.7,18.2,0.478,11.5,13.4,0.858,2.7,8.4,11.1,10.7,2.8,0.6,2.9,1.6,29.8,122,107,2021,butleji01
78,Bruno Caboclo,PF,25,HOU,6,0,36,10.5,22.3,0.47100000000000003,0.0,6.5,0.0,10.5,15.7,0.667,1.3,2.6,0.5,3.9,14.4,18.3,1.3,0.0,2.6,5.2,7.9,22.3,83,106,2021,cabocbr01
79,Devontae Cacok,PF,24,LAL,1,0,2,24.2,24.2,1.0,0.0,0.0,0.0,24.2,24.2,1.0,0.0,0.0,0.0,0.0,0.0,0.0,0.0,0.0,0.0,0.0,0.0,48.4,200,114,2021,cacokde01
80,Kentavious Caldwell-Pope,SG,27,LAL,24,24,596,5.8,12.8,0.45899999999999996,3.1,7.1,0.43700000000000006,2.8,5.7,0.486,1.9,2.2,0.852,0.6,3.7,4.3,2.7,1.5,0.6,1.9,3.2,16.7,113,108,2021,caldwke01
81,Facundo Campazzo,PG,29,DEN,23,0,285,4.8,13.3,0.364,3.5,9.3,0.37,1.4,4.0,0.348,2.9,3.8,0.773,0.7,2.1,2.8,6.8,3.3,0.5,2.6,6.9,16.1,111,111,2021,campafa01
82,Vlatko Čančar,PF,23,DEN,12,0,39,2.5,15.2,0.16699999999999998,1.3,8.9,0.14300000000000002,1.3,6.3,0.2,1.3,2.5,0.5,3.8,8.9,12.7,0.0,3.8,2.5,3.8,3.8,7.6,54,104,2021,cancavl01
83,Clint Capela,C,26,ATL,24,24,699,10.3,18.0,0.569,0.0,0.0,0.0,10.3,18.0,0.569,2.6,4.8,0.536,7.6,15.7,23.4,1.7,1.3,3.7,2.4,3.7,23.1,118,105,2021,capelca01
84,Vernon Carey Jr.,C,19,CHO,3,0,6,8.1,24.2,0.33299999999999996,0.0,8.1,0.0,8.1,16.1,0.5,8.1,16.1,0.5,16.1,8.1,24.2,8.1,0.0,8.1,0.0,0.0,24.2,116,107,2021,careyve01
85,Jevon Carter,PG,25,PHO,23,0,256,4.9,14.2,0.342,2.7,9.5,0.28600000000000003,2.1,4.7,0.45799999999999996,0.4,0.4,1.0,0.6,5.6,6.2,5.0,1.9,1.2,1.0,5.2,12.8,101,108,2021,carteje01
86,Wendell Carter Jr.,C,21,CHI,15,15,398,8.1,15.2,0.535,0.5,1.8,0.267,7.7,13.5,0.57,5.7,7.8,0.727,4.0,10.3,14.3,4.1,1.2,1.1,3.7,5.7,22.4,115,111,2021,cartewe01
87,Michael Carter-Williams,SG,29,ORL,9,4,216,6.1,16.6,0.365,0.4,3.6,0.125,5.6,13.0,0.431,3.4,4.5,0.75,4.0,6.1,10.1,5.2,0.9,0.9,3.1,5.6,16.0,94,114,2021,cartemi01
88,Alex Caruso,PG,26,LAL,21,0,394,5.4,11.7,0.46299999999999997,2.6,5.9,0.43799999999999994,2.8,5.8,0.489,1.1,1.2,0.9,1.4,4.9,6.3,5.8,2.6,0.4,3.1,4.2,14.5,110,105,2021,carusal01
89,Willie Cauley-Stein,C,27,DAL,26,10,454,6.6,10.6,0.626,0.1,0.5,0.2,6.5,10.0,0.649,3.0,4.7,0.636,3.5,9.3,12.8,2.1,1.0,2.0,1.5,6.9,16.3,129,113,2021,caulewi01
90,Chris Chiozza,PG,25,BRK,11,0,100,5.7,18.9,0.3,2.4,8.0,0.294,3.3,10.9,0.304,4.3,5.2,0.818,1.4,3.3,4.7,11.8,1.9,1.4,3.8,3.3,18.0,100,115,2021,chiozch01
91,Marquese Chriss,PF,23,GSW,2,0,27,8.6,24.1,0.35700000000000004,1.7,8.6,0.2,6.9,15.5,0.444,3.4,6.9,0.5,5.2,17.2,22.4,3.4,0.0,3.4,3.4,5.2,22.4,88,103,2021,chrisma01
92,Gary Clark,SF,26,ORL,25,10,525,2.5,8.7,0.287,1.9,7.4,0.25,0.6,1.3,0.5,0.6,0.6,0.857,2.6,5.6,8.1,2.0,0.7,0.5,1.4,2.7,7.4,93,116,2021,clarkga01
93,Brandon Clarke,PF,24,MEM,18,13,503,9.9,19.9,0.495,0.9,3.3,0.265,9.0,16.6,0.54,2.3,3.5,0.649,2.9,7.0,9.9,3.1,2.0,1.2,1.1,2.6,22.9,113,110,2021,clarkbr01
94,Jordan Clarkson,SG,28,UTA,28,0,727,12.5,27.2,0.462,6.0,15.7,0.385,6.5,11.5,0.5670000000000001,3.1,3.2,0.958,1.7,6.0,7.7,3.9,1.7,0.5,3.5,2.7,34.2,114,109,2021,clarkjo01
95,Amir Coffey,SG,23,LAC,18,0,128,6.2,13.1,0.47100000000000003,3.5,6.9,0.5,2.7,6.2,0.43799999999999994,0.8,2.7,0.28600000000000003,0.8,3.5,4.2,3.1,1.5,0.0,1.5,3.8,16.5,112,114,2021,coffeam01
96,John Collins,PF,23,ATL,27,27,856,10.9,20.1,0.544,2.2,5.4,0.41100000000000003,8.7,14.7,0.5920000000000001,3.6,4.2,0.853,3.3,8.3,11.7,2.4,0.7,1.5,2.1,5.1,27.7,123,113,2021,collijo01
97,Mike Conley,PG,33,UTA,23,23,674,9.5,21.1,0.45,4.6,11.3,0.41,4.8,9.8,0.496,3.8,4.7,0.815,1.7,4.4,6.1,9.7,2.3,0.1,3.3,3.0,27.4,124,109,2021,conlemi01
98,Pat Connaughton,SG,28,MIL,24,0,443,5.1,12.0,0.425,3.1,8.1,0.382,2.0,3.9,0.514,0.5,0.9,0.625,2.1,7.5,9.6,3.6,1.8,1.0,0.6,3.3,13.9,125,110,2021,connapa01
99,Quinn Cook,PG,27,LAL,15,0,51,8.5,19.9,0.429,3.8,10.4,0.364,4.7,9.5,0.5,3.8,4.7,0.8,0.0,4.7,4.7,4.7,0.9,0.0,2.8,1.9,24.7,107,109,2021,cookqu01
100,DeMarcus Cousins,C,30,HOU,24,10,470,7.3,19.9,0.369,3.5,10.7,0.327,3.8,9.1,0.418,4.1,5.6,0.732,3.0,15.3,18.4,5.6,1.9,1.6,3.8,7.1,22.3,100,102,2021,couside01
101,Robert Covington,PF,30,POR,24,24,741,4.1,11.3,0.358,2.6,8.1,0.32299999999999995,1.4,3.2,0.449,1.0,1.2,0.889,1.2,8.2,9.3,2.7,2.6,0.9,1.7,4.1,11.8,102,113,2021,covinro01
102,Torrey Craig,SF,30,MIL,14,0,167,4.8,10.2,0.47200000000000003,2.3,5.1,0.444,2.5,5.1,0.5,0.3,0.6,0.5,3.4,7.3,10.7,3.4,2.0,1.4,1.4,6.2,12.2,125,109,2021,craigto01
103,Jae Crowder,PF,30,PHO,23,15,639,5.8,15.6,0.373,4.2,12.1,0.34600000000000003,1.6,3.5,0.467,2.2,2.6,0.848,0.6,8.6,9.2,3.8,1.6,0.3,1.5,3.7,18.0,109,109,2021,crowdja01
104,Jarrett Culver,SG,21,MIN,16,7,339,7.1,15.5,0.45899999999999996,1.1,4.3,0.258,6.0,11.2,0.5379999999999999,2.8,4.6,0.606,3.5,7.7,11.2,2.1,1.5,0.8,2.9,5.3,18.2,100,114,2021,culveja01
105,Seth Curry,SG,30,PHI,21,21,600,7.4,15.1,0.49200000000000005,3.4,7.2,0.473,4.0,7.9,0.51,2.6,2.7,0.971,0.3,2.8,3.2,4.3,1.3,0.5,2.1,2.8,20.9,123,115,2021,curryse01
106,Stephen Curry,PG,32,GSW,28,28,944,13.9,27.9,0.499,6.9,15.8,0.436,7.0,12.0,0.5820000000000001,6.9,7.4,0.9329999999999999,0.6,6.7,7.3,8.1,1.6,0.1,4.4,2.6,41.6,121,111,2021,curryst01
107,Anthony Davis,PF,27,LAL,23,23,755,13.1,24.6,0.5329999999999999,1.1,3.7,0.293,12.0,20.8,0.575,6.0,8.3,0.715,3.0,9.4,12.4,4.5,2.0,2.6,2.9,2.7,33.2,117,101,2021,davisan02
108,Ed Davis,C,31,MIN,19,7,264,3.2,7.7,0.419,0.0,0.0,0.0,3.2,7.7,0.419,1.3,1.4,0.875,6.8,10.6,17.4,3.4,1.8,1.8,1.1,8.8,7.7,123,110,2021,davised01
109,Terence Davis,SG,23,TOR,21,2,297,8.9,20.2,0.44,4.5,11.6,0.389,4.4,8.6,0.509,1.5,1.6,0.9,1.0,4.8,5.8,3.2,1.9,0.5,3.1,6.1,23.7,104,114,2021,daviste02
110,DeMar DeRozan,PF,31,SAS,25,25,835,9.4,19.2,0.488,0.9,2.7,0.33299999999999996,8.4,16.4,0.514,8.6,9.6,0.893,1.1,6.1,7.1,9.8,1.1,0.5,2.3,2.5,28.3,126,112,2021,derozde01
111,Hamidou Diallo,SG,22,OKC,26,5,622,9.4,19.2,0.488,0.8,2.7,0.28600000000000003,8.6,16.5,0.521,5.3,8.0,0.667,2.3,8.7,11.0,4.8,2.1,0.7,2.9,5.2,24.8,107,108,2021,diallha01
112,Gorgui Dieng,C,31,MEM,18,1,331,7.1,13.1,0.544,2.8,5.5,0.5,4.4,7.6,0.5770000000000001,3.5,4.2,0.828,3.9,9.3,13.2,3.8,2.3,1.9,2.9,4.9,20.5,126,107,2021,dienggo01
113,Spencer Dinwiddie,SG,27,BRK,3,3,64,4.4,11.8,0.375,1.5,5.2,0.28600000000000003,3.0,6.7,0.444,4.4,4.4,1.0,0.0,9.6,9.6,6.7,1.5,0.7,3.7,3.0,14.8,103,113,2021,dinwisp01
114,Donte DiVincenzo,SG,24,MIL,27,27,700,6.7,15.8,0.423,3.6,8.7,0.419,3.0,7.1,0.429,0.8,1.3,0.632,1.9,6.3,8.2,4.7,2.3,0.4,2.2,2.8,17.8,112,111,2021,divindo01
115,Luka Dončić,PG,21,DAL,27,27,954,13.8,29.0,0.475,3.3,9.9,0.335,10.5,19.2,0.546,9.0,11.4,0.795,1.2,10.6,11.8,12.9,1.4,0.9,5.8,3.0,39.9,115,113,2021,doncilu01
116,Luguentz Dort,SG,21,OKC,25,25,735,6.9,16.6,0.415,3.0,9.0,0.331,3.9,7.7,0.513,2.8,3.9,0.7170000000000001,1.1,4.5,5.6,2.3,1.5,0.4,2.4,4.1,19.5,99,112,2021,dortlu01
117,Damyean Dotson,SG,26,CLE,24,6,490,7.1,17.3,0.41,2.6,9.2,0.28300000000000003,4.5,8.1,0.556,1.8,2.6,0.6920000000000001,0.4,4.0,4.4,5.2,1.1,0.3,2.0,2.2,18.6,104,118,2021,dotsoda01
118,Devon Dotson,PG,21,CHI,1,0,10,9.4,18.8,0.5,0.0,0.0,0.0,9.4,18.8,0.5,0.0,0.0,0.0,0.0,4.7,4.7,0.0,0.0,0.0,0.0,4.7,18.8,98,118,2021,dotsode01
119,Sekou Doumbouya,PF,20,DET,24,1,314,5.6,16.0,0.353,1.6,6.1,0.256,4.1,9.9,0.413,2.7,3.6,0.7390000000000001,2.3,6.7,9.1,2.2,1.6,0.3,2.5,5.8,15.5,90,114,2021,doumbse01
120,PJ Dozier,SG,24,DEN,17,0,330,6.6,14.1,0.46799999999999997,2.2,5.5,0.405,4.3,8.5,0.509,2.7,3.7,0.72,2.4,8.1,10.5,3.4,1.3,1.5,1.9,4.3,18.1,117,111,2021,doziepj01
121,Goran Dragić,PG,34,MIA,17,6,451,9.6,21.1,0.456,3.0,8.4,0.359,6.6,12.6,0.521,4.1,5.1,0.809,0.8,4.9,5.6,9.7,1.0,0.2,5.5,4.9,26.4,104,114,2021,dragigo01
122,Andre Drummond,C,27,CLE,25,25,722,12.2,25.8,0.474,0.0,0.5,0.0,12.2,25.3,0.484,5.2,8.8,0.597,6.9,16.0,22.9,4.3,2.7,2.0,5.5,4.7,29.7,98,105,2021,drumman01
123,Jared Dudley,PF,35,LAL,6,0,22,2.2,2.2,1.0,2.2,2.2,1.0,0.0,0.0,0.0,0.0,0.0,0.0,2.2,11.0,13.2,2.2,0.0,0.0,0.0,0.0,6.6,260,108,2021,dudleja01
124,Kevin Durant,PF,32,BRK,19,18,679,13.1,25.0,0.524,3.4,7.9,0.434,9.7,17.1,0.565,8.8,10.1,0.8690000000000001,0.5,9.2,9.7,7.0,1.0,1.9,4.7,3.0,38.4,120,113,2021,duranke01
125,Anthony Edwards,SG,19,MIN,27,10,744,9.2,24.0,0.386,3.1,9.7,0.316,6.2,14.3,0.433,3.1,3.9,0.8029999999999999,1.1,4.9,6.1,3.8,1.3,0.5,2.7,2.6,24.7,96,117,2021,edwaran01
126,Carsen Edwards,SG,22,BOS,13,1,134,8.7,20.0,0.436,3.6,10.9,0.33299999999999996,5.1,9.1,0.56,2.5,3.3,0.778,0.7,4.0,4.7,1.8,1.5,0.4,0.7,5.8,23.7,115,114,2021,edwarca01
127,CJ Elleby,SF,20,POR,11,0,92,7.4,14.7,0.5,2.6,8.9,0.294,4.7,5.8,0.818,3.2,4.7,0.667,2.1,4.2,6.3,1.6,1.6,1.6,1.6,8.4,20.5,121,116,2021,ellebcj01
128,Wayne Ellington,SG,33,DET,20,17,459,8.0,17.3,0.46299999999999997,5.9,13.3,0.444,2.1,4.1,0.526,1.3,1.7,0.75,0.7,3.5,4.3,2.4,0.9,0.4,1.5,3.2,23.2,120,117,2021,ellinwa01
129,Joel Embiid,C,26,PHI,22,22,711,13.8,25.4,0.5429999999999999,1.7,4.3,0.4,12.1,21.1,0.573,14.2,16.6,0.851,2.9,13.0,15.8,4.1,1.9,1.8,4.9,3.6,43.5,124,106,2021,embiijo01
130,James Ennis,SF,30,ORL,20,19,438,5.7,11.4,0.495,1.9,4.2,0.447,3.8,7.2,0.523,2.9,3.4,0.8390000000000001,2.6,5.8,8.3,3.0,2.1,0.7,2.2,4.9,16.1,118,112,2021,ennisja01
131,Drew Eubanks,C,23,SAS,11,0,139,5.5,12.7,0.43200000000000005,0.0,0.0,0.0,5.5,12.7,0.43200000000000005,4.1,5.5,0.75,2.4,10.3,12.7,1.4,0.3,5.1,1.7,4.8,15.1,101,105,2021,eubandr01
132,Dante Exum,SG,25,CLE,6,3,116,4.2,11.0,0.385,0.8,4.7,0.182,3.4,6.3,0.5329999999999999,0.4,0.8,0.5,0.8,6.3,7.2,5.5,1.7,0.8,3.0,3.8,9.7,87,114,2021,exumda01
133,Tacko Fall,C,25,BOS,6,0,49,8.0,11.9,0.667,0.0,0.0,0.0,8.0,11.9,0.667,3.0,8.0,0.375,8.0,12.9,20.9,0.0,0.0,8.0,1.0,9.0,18.9,131,102,2021,fallta01
134,Derrick Favors,C,29,UTA,26,0,430,7.3,11.6,0.627,0.0,0.1,0.0,7.3,11.5,0.634,4.0,5.0,0.795,6.1,10.3,16.4,2.8,1.4,3.2,1.7,7.5,18.5,141,104,2021,favorde01
135,Cristiano Felício,C,28,CHI,6,0,38,3.7,4.9,0.75,0.0,0.0,0.0,3.7,4.9,0.75,6.2,9.9,0.625,7.4,7.4,14.8,6.2,2.5,0.0,3.7,3.7,13.6,136,111,2021,feliccr01
136,Terrance Ferguson,SG,22,PHI,7,0,24,0.0,5.9,0.0,0.0,5.9,0.0,0.0,0.0,0.0,0.0,0.0,0.0,0.0,2.0,2.0,4.0,0.0,0.0,2.0,5.9,0.0,30,118,2021,fergute01
137,Bruno Fernando,C,22,ATL,14,0,129,3.4,7.9,0.429,0.0,0.8,0.0,3.4,7.1,0.474,3.4,5.6,0.6,4.5,14.6,19.2,3.4,0.8,0.8,4.5,5.3,10.1,92,110,2021,fernabr01
138,Yogi Ferrell,PG,27,CLE,2,0,40,9.8,25.7,0.381,3.7,11.0,0.33299999999999996,6.1,14.7,0.41700000000000004,0.0,2.5,0.0,3.7,4.9,8.6,6.1,3.7,1.2,3.7,4.9,23.3,91,110,2021,ferreyo01
139,Dorian Finney-Smith,PF,27,DAL,19,19,583,5.2,11.6,0.45,3.1,8.1,0.381,2.2,3.6,0.605,0.8,1.0,0.833,2.3,5.2,7.6,1.9,1.6,0.7,1.0,4.3,14.4,121,116,2021,finnedo01
140,Malachi Flynn,PG,22,TOR,13,0,106,5.0,17.6,0.282,2.3,10.4,0.217,2.7,7.2,0.375,0.9,1.8,0.5,0.5,3.6,4.1,7.2,1.8,0.0,1.8,4.5,13.1,87,115,2021,flynnma01
141,Bryn Forbes,SG,27,MIL,27,4,489,9.1,18.8,0.48200000000000004,5.2,11.2,0.466,3.9,7.6,0.506,1.2,1.6,0.706,0.5,2.4,2.9,1.3,0.6,0.0,1.8,3.2,24.5,115,117,2021,forbebr01
142,Trent Forrest,PG,22,UTA,3,0,10,0.0,4.9,0.0,0.0,4.9,0.0,0.0,0.0,0.0,9.8,9.8,1.0,0.0,0.0,0.0,4.9,9.8,0.0,0.0,9.8,9.8,144,95,2021,forretr01
143,Evan Fournier,SF,28,ORL,14,14,398,9.6,21.7,0.444,3.8,10.7,0.35200000000000004,5.9,11.0,0.5329999999999999,7.3,9.2,0.8,0.5,3.8,4.3,6.2,1.7,0.7,3.5,3.9,30.4,114,114,2021,fournev01
144,De'Aaron Fox,PG,23,SAC,26,26,860,12.2,25.6,0.47600000000000003,2.7,7.8,0.34299999999999997,9.5,17.8,0.534,6.6,9.5,0.69,1.0,3.8,4.8,9.9,1.8,0.7,4.5,3.9,33.7,112,120,2021,foxde01
145,Tim Frazier,PG,30,MEM,3,0,33,2.9,11.7,0.25,0.0,2.9,0.0,2.9,8.7,0.33299999999999996,0.0,0.0,0.0,0.0,5.8,5.8,10.2,1.5,0.0,4.4,5.8,5.8,68,114,2021,fraziti01
146,Markelle Fultz,PG,22,ORL,8,8,215,9.3,23.5,0.39399999999999996,0.9,3.6,0.25,8.4,19.9,0.42,3.8,4.3,0.895,1.1,4.5,5.6,9.7,1.8,0.5,4.1,4.1,23.3,97,114,2021,fultzma01
147,Wenyen Gabriel,PF,23,NOP,3,0,10,0.0,14.6,0.0,0.0,4.9,0.0,0.0,9.7,0.0,0.0,0.0,0.0,4.9,14.6,19.5,4.9,0.0,0.0,0.0,0.0,0.0,47,116,2021,gabriwe01
148,Daniel Gafford,PF,22,CHI,23,11,330,7.0,10.4,0.6709999999999999,0.0,0.0,0.0,7.0,10.4,0.6709999999999999,3.6,5.3,0.6759999999999999,4.7,6.1,10.8,2.3,1.6,4.1,2.6,6.7,17.5,128,108,2021,gaffoda01
149,Danilo Gallinari,PF,32,ATL,15,1,290,7.5,18.0,0.41700000000000004,4.0,10.5,0.381,3.5,7.5,0.467,8.0,8.5,0.941,0.5,6.8,7.4,2.8,0.5,0.3,2.8,4.8,27.1,118,116,2021,gallida01
150,Langston Galloway,SG,29,PHO,22,0,245,6.9,14.8,0.466,4.1,8.5,0.47600000000000003,2.8,6.3,0.452,3.2,3.2,1.0,0.8,4.1,4.9,3.0,0.8,0.0,1.4,2.6,21.1,125,113,2021,gallola01
151,Darius Garland,PG,21,CLE,21,18,679,9.7,21.6,0.452,2.5,6.2,0.40700000000000003,7.2,15.4,0.469,2.0,2.2,0.903,0.7,2.7,3.4,8.1,1.4,0.2,3.8,3.7,24.0,105,118,2021,garlada01
152,Marc Gasol,C,36,LAL,28,28,550,3.2,8.2,0.387,1.5,4.7,0.321,1.7,3.5,0.475,1.9,2.2,0.88,1.9,8.4,10.3,4.6,1.1,3.0,2.1,5.8,9.8,110,103,2021,gasolma01
153,Rudy Gay,PF,34,SAS,26,0,572,9.0,21.5,0.419,3.4,9.3,0.366,5.6,12.2,0.45899999999999996,2.8,3.6,0.767,2.0,9.3,11.3,3.3,1.5,1.1,2.5,3.9,24.2,102,109,2021,gayru01
154,Paul George,SF,30,LAC,20,20,680,12.2,24.0,0.508,5.4,11.4,0.478,6.7,12.6,0.534,5.5,6.1,0.905,0.9,8.0,9.0,7.9,1.7,0.7,5.2,3.3,35.3,119,111,2021,georgpa01
155,Taj Gibson,PF,35,NYK,7,0,93,4.9,9.2,0.529,0.5,2.2,0.25,4.3,7.0,0.615,1.6,3.2,0.5,4.3,5.9,10.3,2.2,0.0,1.1,0.5,7.0,11.9,128,113,2021,gibsota01
156,Harry Giles,C,22,POR,22,0,260,4.8,11.5,0.419,0.6,1.5,0.375,4.3,10.1,0.426,2.4,3.4,0.722,4.7,15.5,20.1,3.7,0.9,1.7,3.0,8.2,12.7,105,111,2021,gilesha01
157,Shai Gilgeous-Alexander,SG,22,OKC,21,21,709,11.2,22.0,0.506,2.6,6.8,0.382,8.5,15.2,0.561,6.7,8.7,0.7709999999999999,0.9,6.8,7.7,9.1,1.2,0.9,4.1,2.9,31.7,116,111,2021,gilgesh01
158,Anthony Gill,PF,28,WAS,10,1,65,2.1,7.1,0.3,0.7,5.0,0.14300000000000002,1.4,2.1,0.667,2.1,2.8,0.75,2.1,11.4,13.5,2.1,2.1,1.4,2.1,2.1,7.1,89,110,2021,gillan01
159,Rudy Gobert,C,28,UTA,28,28,846,8.6,13.5,0.638,0.0,0.1,0.0,8.6,13.5,0.6409999999999999,5.2,9.2,0.5660000000000001,5.6,15.7,21.3,2.1,0.6,4.4,2.7,3.7,22.5,125,101,2021,goberru01
160,Brandon Goodwin,PG,25,ATL,22,0,280,5.7,17.6,0.324,2.4,9.0,0.26899999999999996,3.3,8.7,0.38,2.9,4.2,0.708,0.5,4.2,4.7,7.4,1.7,0.0,2.1,4.0,16.8,98,115,2021,goodwbr01
161,Aaron Gordon,PF,25,ORL,19,19,552,8.0,18.7,0.42700000000000005,2.7,7.4,0.369,5.3,11.3,0.465,4.3,7.0,0.613,2.9,9.2,12.1,7.0,1.2,1.4,4.7,3.3,23.1,102,111,2021,gordoaa01
162,Eric Gordon,SG,32,HOU,21,9,613,10.1,21.7,0.465,4.4,12.5,0.35200000000000004,5.7,9.2,0.617,5.8,6.9,0.8440000000000001,0.5,3.2,3.8,4.2,0.9,0.8,3.0,2.2,30.4,114,113,2021,gordoer01
163,Devonte' Graham,PG,25,CHO,25,25,821,6.4,18.2,0.35200000000000004,4.1,11.9,0.34700000000000003,2.3,6.4,0.361,3.2,4.2,0.775,0.8,3.6,4.4,8.4,1.5,0.0,2.1,2.2,20.2,111,116,2021,grahade01
164,Jerami Grant,SF,26,DET,27,27,979,10.3,23.8,0.435,3.4,8.9,0.384,6.9,14.9,0.465,7.1,8.1,0.877,1.2,6.1,7.3,4.1,1.1,1.7,2.3,3.7,31.2,115,114,2021,grantje01
165,Danny Green,SF,33,PHI,28,28,788,5.1,13.0,0.39399999999999996,3.6,9.8,0.364,1.6,3.3,0.48100000000000004,0.6,0.8,0.7140000000000001,1.6,4.6,6.2,3.0,1.9,1.1,2.2,2.8,14.4,105,111,2021,greenda02
166,Draymond Green,PF,30,GSW,24,24,695,3.1,8.7,0.36200000000000004,0.5,2.9,0.18600000000000003,2.6,5.8,0.44799999999999995,1.5,2.3,0.6759999999999999,0.9,8.1,9.0,13.3,2.1,1.0,4.2,5.0,8.4,101,107,2021,greendr01
167,JaMychal Green,PF,30,DEN,22,1,452,8.2,18.3,0.446,4.3,9.9,0.429,3.9,8.4,0.46799999999999997,2.8,3.4,0.8390000000000001,3.8,10.8,14.6,2.3,1.5,0.3,2.6,6.3,23.5,115,111,2021,greenja01
168,Javonte Green,SG,27,BOS,16,0,238,5.5,11.1,0.5,1.0,3.9,0.263,4.5,7.2,0.629,3.3,5.1,0.64,3.3,5.1,8.4,1.6,2.9,0.4,1.6,3.3,15.4,118,110,2021,greenja02
169,Jeff Green,PF,34,BRK,29,13,755,6.1,12.0,0.505,2.8,6.6,0.425,3.3,5.4,0.605,2.2,2.6,0.833,0.8,5.7,6.5,2.5,1.3,0.4,1.5,3.7,17.2,123,116,2021,greenje02
170,Josh Green,SG,20,DAL,17,5,212,3.9,8.2,0.47200000000000003,0.5,2.7,0.16699999999999998,3.4,5.5,0.625,1.4,2.5,0.545,2.7,6.2,8.9,2.3,0.9,0.2,2.5,3.7,9.6,99,118,2021,greenjo02
171,Blake Griffin,PF,31,DET,20,20,626,6.4,17.4,0.365,3.1,9.7,0.315,3.3,7.7,0.429,3.5,4.9,0.71,0.5,7.6,8.2,6.0,1.1,0.2,2.5,3.3,19.2,101,115,2021,griffbl01
172,Kyle Guy,PG,23,SAC,10,0,79,5.5,19.4,0.281,2.4,9.7,0.25,3.0,9.7,0.313,4.2,4.9,0.875,1.8,5.5,7.3,7.9,2.4,0.0,0.6,3.0,17.6,106,118,2021,guyky01
173,Rui Hachimura,PF,22,WAS,18,18,526,7.4,16.3,0.45399999999999996,1.2,4.0,0.304,6.2,12.2,0.504,4.8,6.2,0.775,1.9,6.8,8.7,3.1,1.0,0.2,1.7,3.5,20.8,112,117,2021,hachiru01
174,Ashton Hagans,PG,21,MIN,2,0,4,0.0,0.0,0.0,0.0,0.0,0.0,0.0,0.0,0.0,0.0,0.0,0.0,0.0,0.0,0.0,0.0,0.0,0.0,11.9,0.0,0.0,0,123,2021,haganas01
175,Tyrese Haliburton,PG,20,SAC,25,2,734,7.8,15.6,0.498,3.8,8.6,0.44299999999999995,4.0,7.1,0.565,0.9,1.1,0.8240000000000001,1.6,4.2,5.8,8.6,2.0,1.0,2.7,2.0,20.2,124,119,2021,halibty01
176,Josh Hall,SF,20,OKC,7,0,51,3.7,16.7,0.222,0.9,7.4,0.125,2.8,9.3,0.3,2.8,6.5,0.429,0.9,7.4,8.4,6.5,0.0,0.0,3.7,6.5,11.1,66,115,2021,halljo01
177,R.J. Hampton,PG,19,DEN,19,0,148,5.3,13.0,0.41,1.3,4.3,0.308,4.0,8.7,0.462,1.3,2.0,0.667,2.7,9.3,12.0,3.3,1.7,0.7,3.3,4.0,13.3,94,111,2021,hamptrj01
178,Tim Hardaway Jr.,SG,28,DAL,27,17,825,9.3,21.2,0.439,4.9,12.4,0.39299999999999996,4.4,8.8,0.503,3.0,3.8,0.785,0.4,4.7,5.1,2.5,1.1,0.2,1.5,2.5,26.5,112,118,2021,hardati02
179,James Harden,SG,31,TOT,23,23,867,9.2,19.5,0.47200000000000003,3.7,9.8,0.38,5.5,9.8,0.564,7.8,8.7,0.894,1.0,8.2,9.2,14.2,1.3,1.0,5.5,2.9,29.9,123,112,2021,hardeja01
180,Maurice Harkless,SF,27,MIA,10,3,109,1.8,4.5,0.4,1.8,3.6,0.5,0.0,0.9,0.0,0.0,0.9,0.0,0.4,3.6,4.0,3.1,0.9,1.3,0.9,5.4,5.4,110,114,2021,harklma01
181,Jared Harper,PG,23,NYK,2,0,5,0.0,10.0,0.0,0.0,0.0,0.0,0.0,10.0,0.0,20.1,20.1,1.0,0.0,0.0,0.0,0.0,0.0,0.0,20.1,0.0,20.1,53,118,2021,harpeja01
182,Montrezl Harrell,C,27,LAL,28,0,695,10.4,16.2,0.644,0.0,0.3,0.0,10.4,16.0,0.655,4.8,6.7,0.7190000000000001,4.4,7.9,12.3,2.0,1.3,1.4,2.4,4.2,25.7,128,105,2021,harremo01
183,Gary Harris,SG,26,DEN,18,18,553,6.1,13.5,0.45,2.1,6.4,0.33299999999999996,3.9,7.0,0.557,2.0,2.7,0.733,1.1,2.9,4.0,2.8,1.5,0.4,1.1,3.1,16.2,115,115,2021,harriga01
184,Jalen Harris,SG,22,TOR,2,0,4,0.0,0.0,0.0,0.0,0.0,0.0,0.0,0.0,0.0,0.0,0.0,0.0,12.0,0.0,12.0,0.0,0.0,0.0,12.0,24.0,0.0,57,121,2021,harrija01
185,Joe Harris,SF,29,BRK,29,25,897,8.3,15.9,0.525,5.0,10.0,0.49700000000000005,3.4,5.9,0.5710000000000001,0.7,1.1,0.667,0.9,4.4,5.3,2.9,0.8,0.4,1.2,3.7,22.4,129,118,2021,harrijo01
186,Tobias Harris,PF,28,PHI,25,25,859,11.0,21.2,0.52,2.5,5.9,0.425,8.5,15.3,0.556,4.1,4.5,0.902,1.8,8.5,10.3,4.2,1.1,1.1,2.9,2.9,28.6,119,111,2021,harrito02
187,Shaquille Harrison,SG,27,UTA,15,0,53,5.5,17.5,0.316,0.0,0.9,0.0,5.5,16.6,0.33299999999999996,4.6,5.5,0.833,2.8,5.5,8.3,6.4,1.8,0.0,4.6,2.8,15.6,88,110,2021,harrish01
188,Josh Hart,SF,25,NOP,26,2,723,5.1,11.5,0.447,2.3,6.7,0.34,2.8,4.7,0.6,2.1,3.0,0.705,1.8,11.3,13.1,3.8,1.5,0.3,1.3,4.0,14.6,121,114,2021,hartjo01
189,Isaiah Hartenstein,C,22,DEN,16,0,137,8.3,16.9,0.489,0.0,0.0,0.0,8.3,16.9,0.489,5.8,9.4,0.615,9.0,8.6,17.6,3.2,2.2,4.3,5.0,12.6,22.3,107,105,2021,harteis01
190,Jaxson Hayes,C,20,NOP,19,1,232,6.9,10.9,0.635,0.0,0.0,0.0,6.9,10.9,0.635,3.4,5.0,0.667,4.8,9.5,14.3,1.9,1.3,1.5,2.7,7.4,17.2,122,114,2021,hayesja02
191,Killian Hayes,PG,19,DET,7,7,148,4.3,15.6,0.27699999999999997,1.7,6.6,0.25,2.7,9.0,0.29600000000000004,0.3,0.7,0.5,0.3,2.3,2.7,8.3,0.7,0.0,5.6,5.0,10.6,69,119,2021,hayeski01
192,Gordon Hayward,SF,30,CHO,26,26,922,11.0,22.6,0.486,3.0,7.1,0.42200000000000004,8.0,15.6,0.515,5.3,6.2,0.8640000000000001,1.3,6.2,7.4,5.2,1.5,0.6,2.9,2.6,30.4,117,113,2021,haywago01
193,Juan Hernangómez,PF,25,MIN,13,6,242,5.9,14.7,0.4,2.7,8.6,0.318,3.1,6.1,0.516,1.8,2.7,0.643,2.5,10.2,12.7,1.4,1.0,0.4,1.2,2.4,16.3,106,114,2021,hernaju01
194,Willy Hernangómez,C,26,NOP,11,0,174,7.3,13.2,0.5529999999999999,0.0,1.1,0.0,7.3,12.0,0.605,3.1,5.3,0.579,5.9,10.6,16.5,3.9,1.4,1.4,0.8,2.8,17.6,132,113,2021,hernawi01
195,Tyler Herro,SG,21,MIA,19,14,648,9.5,21.1,0.45,3.0,8.7,0.345,6.5,12.3,0.524,2.7,3.5,0.7659999999999999,0.7,7.7,8.3,5.6,0.7,0.5,3.8,2.4,24.7,100,113,2021,herroty01
196,Buddy Hield,SG,28,SAC,27,27,940,7.3,19.5,0.377,5.4,14.3,0.377,1.9,5.2,0.376,2.1,2.4,0.872,0.5,6.1,6.6,4.1,1.2,0.5,2.7,3.8,22.2,104,120,2021,hieldbu01
197,George Hill,PG,34,OKC,14,14,369,7.8,15.4,0.508,2.8,7.3,0.386,5.0,8.1,0.619,2.7,3.2,0.84,1.0,2.7,3.7,5.5,1.5,0.3,1.5,1.5,21.2,125,114,2021,hillge01
198,Solomon Hill,PF,29,ATL,27,1,514,4.0,11.1,0.35600000000000004,2.7,8.4,0.326,1.2,2.7,0.44799999999999995,0.8,0.9,0.8,1.0,5.0,6.0,2.2,1.6,0.6,1.4,4.1,11.4,100,114,2021,hillso01
199,Nate Hinton,SG,21,DAL,6,0,19,7.7,33.2,0.231,2.6,12.8,0.2,5.1,20.4,0.25,2.6,5.1,0.5,0.0,0.0,0.0,0.0,2.6,2.6,5.1,2.6,20.4,52,114,2021,hintona01
200,Aaron Holiday,PG,24,IND,28,6,549,6.7,18.4,0.36200000000000004,2.5,7.9,0.322,4.1,10.5,0.392,1.7,2.2,0.76,0.5,2.6,3.2,4.5,1.2,0.4,1.9,4.3,17.6,93,115,2021,holidaa01
201,Jrue Holiday,PG,30,MIL,23,23,747,9.5,18.9,0.502,2.7,7.0,0.387,6.8,11.9,0.569,2.1,2.7,0.7909999999999999,1.8,5.1,7.0,7.8,2.8,0.9,2.3,2.5,23.8,124,110,2021,holidjr01
202,Justin Holiday,SG,31,IND,28,19,898,6.0,12.8,0.469,3.7,8.7,0.42,2.4,4.1,0.5710000000000001,1.7,2.1,0.775,1.0,5.1,6.1,2.4,1.8,0.5,1.0,3.6,17.3,122,112,2021,holidju01
203,Richaun Holmes,C,27,SAC,25,25,739,8.8,13.6,0.648,0.1,0.3,0.2,8.8,13.3,0.659,3.0,3.8,0.7929999999999999,4.0,8.5,12.5,2.9,1.1,2.7,2.5,6.7,20.7,128,116,2021,holmeri01
204,Rodney Hood,SF,28,POR,22,5,417,5.3,14.5,0.368,1.6,5.2,0.311,3.7,9.3,0.4,0.3,0.6,0.6,0.5,3.9,4.4,3.3,1.7,0.2,2.0,3.8,12.7,89,118,2021,hoodro01
205,Al Horford,C,34,OKC,18,18,507,10.0,22.0,0.45299999999999996,3.7,9.4,0.396,6.3,12.6,0.496,1.2,1.5,0.813,1.5,10.3,11.8,6.2,1.7,1.5,2.1,2.8,24.9,110,108,2021,horfoal01
206,Talen Horton-Tucker,SG,20,LAL,24,0,408,8.0,17.6,0.45299999999999996,1.4,5.0,0.28600000000000003,6.5,12.6,0.519,2.7,3.3,0.821,1.1,6.1,7.1,5.2,2.5,1.4,3.7,5.7,20.1,100,103,2021,hortota01
207,Danuel House,SF,27,HOU,16,6,453,5.1,14.0,0.363,2.3,8.4,0.272,2.8,5.6,0.5,2.4,3.1,0.767,0.8,5.4,6.2,3.6,1.4,0.9,1.6,3.1,14.9,100,110,2021,houseda01
208,Dwight Howard,C,35,PHI,28,4,471,6.1,10.9,0.565,0.3,0.8,0.375,5.8,10.1,0.58,4.2,8.3,0.512,7.7,14.2,21.9,1.9,1.2,2.5,5.0,8.8,16.8,105,105,2021,howardw01
209,Markus Howard,SG,21,DEN,13,0,38,7.8,32.5,0.24,3.9,23.4,0.16699999999999998,3.9,9.1,0.429,0.0,0.0,0.0,0.0,5.2,5.2,5.2,0.0,0.0,3.9,6.5,19.5,65,118,2021,howarma02
210,Kevin Huerter,SG,22,ATL,27,16,855,7.0,16.6,0.423,3.5,8.9,0.389,3.6,7.7,0.46299999999999997,1.1,1.4,0.792,1.1,4.5,5.7,6.0,1.8,0.3,2.0,3.6,18.6,112,114,2021,huertke01
211,Elijah Hughes,SF,22,UTA,6,0,27,9.0,27.1,0.33299999999999996,5.4,18.1,0.3,3.6,9.0,0.4,5.4,7.2,0.75,0.0,7.2,7.2,5.4,1.8,1.8,7.2,0.0,28.9,87,106,2021,hugheel01
212,De'Andre Hunter,SF,23,ATL,18,18,579,9.0,17.6,0.514,2.5,6.9,0.366,6.5,10.7,0.609,5.4,6.1,0.877,1.3,6.8,8.1,3.3,1.4,0.8,2.1,3.9,25.9,124,113,2021,huntede01
213,Chandler Hutchison,SF,24,CHI,7,0,64,3.7,13.2,0.278,0.7,2.2,0.33299999999999996,2.9,11.0,0.267,1.5,1.5,1.0,0.7,14.0,14.7,2.9,0.7,0.0,3.7,6.6,9.5,67,112,2021,hutchch01
214,Serge Ibaka,C,31,LAC,28,28,681,9.7,18.7,0.519,2.0,5.3,0.37,7.7,13.4,0.578,2.6,3.2,0.818,3.9,9.8,13.7,3.6,0.5,2.6,2.7,3.8,23.9,118,110,2021,ibakase01
215,Andre Iguodala,SF,37,MIA,25,2,532,3.4,9.4,0.359,2.3,7.4,0.309,1.1,2.0,0.545,0.5,1.0,0.455,1.1,7.3,8.4,5.5,2.5,1.1,2.4,3.3,9.5,97,108,2021,iguodan01
216,Joe Ingles,SF,33,UTA,24,7,641,7.4,14.5,0.511,4.3,9.8,0.442,3.0,4.6,0.6559999999999999,2.2,2.5,0.879,0.8,5.6,6.4,8.5,0.7,0.4,3.0,3.0,21.3,132,112,2021,inglejo01
217,Brandon Ingram,SF,23,NOP,26,26,910,11.6,25.0,0.466,3.5,9.0,0.391,8.1,15.9,0.508,6.6,7.7,0.867,0.9,6.7,7.6,6.5,0.9,1.3,3.3,2.4,33.4,118,116,2021,ingrabr01
218,Kyrie Irving,PG,28,BRK,20,20,707,14.3,26.7,0.534,4.1,9.2,0.442,10.2,17.5,0.5820000000000001,5.2,5.7,0.9179999999999999,1.2,5.0,6.2,7.6,1.4,1.0,3.2,4.0,37.8,125,115,2021,irvinky01
219,Wesley Iwundu,SF,26,DAL,17,3,232,2.7,9.6,0.28300000000000003,0.6,4.8,0.13,2.1,4.8,0.435,1.7,2.1,0.8,1.0,5.9,6.9,1.7,1.5,0.4,0.8,4.2,7.7,84,116,2021,iwundwe01
220,Frank Jackson,PG,22,DET,7,0,39,5.0,20.2,0.25,3.8,12.6,0.3,1.3,7.6,0.16699999999999998,0.0,0.0,0.0,0.0,6.3,6.3,10.1,1.3,0.0,5.0,5.0,13.9,76,115,2021,jacksfr01
221,Josh Jackson,SG,23,DET,25,6,600,9.3,21.7,0.43,3.0,9.4,0.322,6.3,12.3,0.513,4.8,7.0,0.6940000000000001,1.4,6.5,7.9,4.0,1.9,1.9,4.8,6.0,26.5,97,111,2021,jacksjo02
222,Justin Jackson,SF,25,OKC,16,2,298,7.9,17.2,0.46299999999999997,2.9,8.4,0.34,5.1,8.7,0.5820000000000001,2.1,2.5,0.813,1.1,5.4,6.5,4.6,1.1,0.0,2.1,3.0,20.8,110,113,2021,jacksju01
223,Reggie Jackson,SG,30,LAC,26,13,531,7.4,17.3,0.428,2.9,8.1,0.35600000000000004,4.5,9.3,0.49,2.3,3.2,0.735,0.7,5.6,6.3,7.7,1.6,0.3,2.1,4.4,20.0,115,113,2021,jacksre01
224,Justin James,SF,24,SAC,8,0,50,5.8,14.4,0.4,0.0,3.8,0.0,5.8,10.5,0.545,1.0,6.7,0.14300000000000002,1.9,4.8,6.7,2.9,1.0,1.0,0.0,1.0,12.5,88,121,2021,jamesju01
225,LeBron James,PG,36,LAL,28,28,968,13.1,26.2,0.498,3.6,9.5,0.381,9.5,16.8,0.564,6.0,8.5,0.71,0.9,10.4,11.2,11.2,1.5,0.7,5.2,2.3,35.7,115,104,2021,jamesle01
226,DaQuan Jeffries,SG,23,SAC,3,1,41,3.5,14.0,0.25,0.0,7.0,0.0,3.5,7.0,0.5,0.0,0.0,0.0,2.3,4.7,7.0,2.3,3.5,2.3,2.3,3.5,7.0,63,113,2021,jeffrda01
227,Isaiah Joe,SG,21,PHI,15,1,200,6.2,15.4,0.4,4.7,12.1,0.392,1.4,3.3,0.429,1.2,1.2,1.0,0.9,3.6,4.5,3.3,0.9,0.9,1.2,4.7,18.3,118,114,2021,joeis01
228,Cameron Johnson,PF,24,PHO,26,9,668,7.4,17.0,0.43700000000000006,4.3,11.8,0.36700000000000005,3.1,5.3,0.5920000000000001,1.9,2.2,0.862,1.3,5.7,7.0,2.9,1.3,0.6,1.5,2.6,21.1,114,111,2021,johnsca02
229,James Johnson,PF,33,DAL,23,0,424,6.9,14.1,0.488,1.6,5.7,0.28,5.3,8.3,0.63,1.5,2.7,0.542,1.3,6.9,8.1,4.2,2.3,2.2,2.9,5.5,16.8,103,111,2021,johnsja01
230,Keldon Johnson,SF,21,SAS,27,27,812,8.5,18.1,0.46799999999999997,1.5,4.7,0.325,6.9,13.4,0.518,4.5,5.8,0.778,2.8,8.3,11.0,3.6,1.2,0.8,2.3,3.6,23.0,110,110,2021,johnske04
231,Stanley Johnson,PF,24,TOR,25,1,368,3.3,8.1,0.40299999999999997,2.0,4.8,0.405,1.3,3.3,0.4,1.4,1.8,0.7859999999999999,1.8,6.4,8.2,4.7,2.7,1.0,2.3,5.6,9.9,111,110,2021,johnsst04
232,Tyler Johnson,SG,28,BRK,12,0,127,6.0,13.8,0.43200000000000005,3.7,8.9,0.41700000000000004,2.2,4.8,0.462,0.0,0.0,0.0,0.7,3.0,3.7,4.1,1.5,0.0,1.5,2.2,15.7,113,118,2021,johnsty01
233,Nikola Jokić,C,25,DEN,26,26,932,14.1,25.0,0.564,2.0,5.1,0.381,12.1,19.9,0.611,6.4,7.5,0.858,4.2,11.6,15.8,12.0,2.1,0.9,4.8,4.2,36.5,129,108,2021,jokicni01
234,Damian Jones,C,25,PHO,11,0,78,2.5,6.4,0.4,0.0,0.6,0.0,2.5,5.7,0.444,3.2,5.7,0.556,4.5,5.7,10.2,0.0,0.6,3.2,3.2,11.5,8.3,89,108,2021,jonesda03
235,Derrick Jones Jr.,SF,23,POR,22,21,588,4.8,10.4,0.46,1.2,4.6,0.268,3.5,5.8,0.614,2.1,3.5,0.605,3.2,4.9,8.2,1.1,1.5,1.6,1.2,4.7,12.9,115,116,2021,jonesde02
236,Mason Jones,SG,22,HOU,17,1,192,8.1,16.9,0.478,4.2,9.6,0.436,3.9,7.4,0.5329999999999999,3.9,7.1,0.552,0.7,7.6,8.3,5.9,1.2,0.0,4.7,4.4,24.3,105,110,2021,jonesma05
237,Tre Jones,PG,21,SAS,9,0,27,10.6,21.2,0.5,1.8,1.8,1.0,8.8,19.4,0.455,8.8,8.8,1.0,7.1,0.0,7.1,1.8,0.0,0.0,3.5,3.5,31.8,122,119,2021,jonestr01
238,Tyus Jones,PG,24,MEM,22,8,525,7.1,16.8,0.426,1.6,6.0,0.262,5.6,10.8,0.517,0.9,1.2,0.769,1.2,4.5,5.7,11.1,2.7,0.3,2.1,1.2,16.8,112,112,2021,jonesty01
239,DeAndre Jordan,C,32,BRK,27,21,578,7.0,8.9,0.78,0.0,0.0,0.0,7.0,8.9,0.78,1.8,3.4,0.537,3.8,11.8,15.6,4.1,0.7,2.9,3.8,4.7,15.7,124,111,2021,jordade01
240,Cory Joseph,PG,29,SAC,27,1,534,6.6,13.9,0.47100000000000003,1.6,4.9,0.327,4.9,9.0,0.55,1.8,2.4,0.741,1.0,4.0,5.0,5.8,2.0,0.5,2.6,5.4,16.5,109,119,2021,josepco01
241,Mfiondu Kabengele,PF,23,LAC,16,0,64,3.8,15.4,0.25,1.5,8.5,0.182,2.3,6.9,0.33299999999999996,2.3,3.1,0.75,0.8,6.9,7.7,2.3,1.5,1.5,3.8,10.8,11.5,68,110,2021,kabenmf01
242,Frank Kaminsky,C,27,PHO,20,6,316,8.2,18.1,0.452,2.4,6.1,0.385,5.8,12.0,0.48700000000000004,2.2,3.6,0.609,3.0,11.0,14.0,6.3,0.6,1.6,1.6,5.0,20.9,116,108,2021,kaminfr01
243,Enes Kanter,C,28,POR,26,14,639,9.8,16.2,0.603,0.0,0.0,0.0,9.8,16.2,0.603,3.3,4.3,0.772,8.0,13.6,21.6,2.2,1.1,1.6,2.3,4.9,22.9,131,112,2021,kanteen01
244,Luke Kennard,SG,24,LAC,29,7,639,6.7,14.5,0.46299999999999997,3.5,8.0,0.442,3.2,6.5,0.488,1.0,1.2,0.867,0.6,5.8,6.4,4.0,0.8,0.5,2.1,3.6,18.0,114,114,2021,kennalu01
245,Maxi Kleber,PF,29,DAL,17,11,435,4.1,9.6,0.43,3.2,7.1,0.45299999999999996,0.9,2.5,0.364,1.9,2.0,0.9440000000000001,1.8,8.4,10.1,2.8,0.7,1.4,1.1,4.5,13.4,128,115,2021,klebima01
246,Nathan Knight,PF,23,ATL,9,0,54,8.1,19.7,0.409,2.7,8.1,0.33299999999999996,5.4,11.7,0.462,6.3,7.2,0.875,7.2,5.4,12.6,0.9,1.8,2.7,3.6,6.3,25.1,110,111,2021,knighna01
247,Kevin Knox,SF,21,NYK,22,0,372,5.9,15.1,0.39299999999999996,3.4,8.8,0.385,2.6,6.3,0.40399999999999997,1.4,1.6,0.833,1.2,5.3,6.5,2.3,1.1,0.8,2.2,4.5,16.6,101,111,2021,knoxke01
248,John Konchar,SG,24,MEM,14,0,235,4.7,10.2,0.46,1.4,3.7,0.389,3.3,6.6,0.5,2.7,2.9,0.929,3.3,8.8,12.1,3.7,2.9,1.0,1.2,4.3,13.5,127,108,2021,konchjo01
249,Furkan Korkmaz,SG,23,PHI,17,1,335,6.7,17.6,0.379,3.3,10.1,0.324,3.4,7.5,0.45299999999999996,2.0,2.3,0.875,0.6,5.5,6.1,1.8,1.7,0.3,2.3,2.7,18.6,96,112,2021,korkmfu01
250,Luke Kornet,PF,25,CHI,5,0,37,3.8,16.5,0.231,1.3,12.7,0.1,2.5,3.8,0.667,2.5,2.5,1.0,0.0,10.2,10.2,1.3,1.3,0.0,1.3,1.3,11.4,69,113,2021,kornelu01
251,Rodions Kurucs,SF-PF,22,TOT,14,0,73,3.9,12.9,0.3,1.9,9.0,0.214,1.9,3.9,0.5,0.6,1.3,0.5,1.3,6.5,7.8,2.6,3.2,1.3,4.5,5.2,10.3,68,106,2021,kurucro01
252,Kyle Kuzma,SF,25,LAL,28,6,697,8.5,18.8,0.452,3.3,9.1,0.359,5.2,9.7,0.54,1.1,1.8,0.615,3.5,8.3,11.8,2.2,0.6,1.3,2.4,3.0,21.3,107,107,2021,kuzmaky01
253,Jeremy Lamb,SG,28,IND,15,8,373,7.8,15.0,0.517,3.7,7.4,0.509,4.0,7.6,0.525,4.1,4.4,0.941,1.8,6.1,7.9,3.2,1.8,1.0,1.8,4.0,23.4,131,111,2021,lambje01
254,Zach LaVine,SG,25,CHI,26,26,927,13.2,25.7,0.515,4.7,11.0,0.431,8.5,14.8,0.5770000000000001,5.9,6.9,0.8540000000000001,1.1,6.2,7.3,6.8,1.4,0.6,5.0,3.4,37.1,116,113,2021,lavinza01
255,Jake Layman,SF,26,MIN,19,3,292,7.3,14.9,0.489,1.8,6.0,0.297,5.5,8.9,0.618,2.9,3.7,0.7829999999999999,0.8,3.7,4.5,1.6,2.8,1.5,1.6,3.7,19.3,111,113,2021,laymaja01
256,Jalen Lecque,PG,20,IND,3,0,9,5.4,21.4,0.25,0.0,5.4,0.0,5.4,16.1,0.33299999999999996,16.1,16.1,1.0,5.4,16.1,21.4,10.7,0.0,0.0,0.0,0.0,26.8,125,111,2021,lecquja01
257,Damion Lee,SG,28,GSW,28,0,535,5.1,11.7,0.44,3.6,9.3,0.38299999999999995,1.6,2.3,0.667,1.7,1.9,0.909,1.0,7.2,8.3,3.6,1.5,0.3,1.0,4.0,15.6,124,111,2021,leeda03
258,Saben Lee,PG,21,DET,8,0,70,3.5,9.8,0.35700000000000004,0.0,0.7,0.0,3.5,9.1,0.385,5.6,7.0,0.8,0.7,1.4,2.1,5.6,2.8,0.7,3.5,6.3,12.6,96,113,2021,leesa01
259,Alex Len,C,27,TOT,19,6,275,7.1,11.4,0.627,1.0,3.2,0.316,6.1,8.1,0.75,3.4,5.4,0.625,2.2,8.3,10.5,3.4,1.4,3.6,3.7,5.9,18.7,113,110,2021,lenal01
260,Kawhi Leonard,SF,29,LAC,23,23,792,13.9,27.2,0.513,2.7,7.0,0.389,11.2,20.1,0.556,7.6,8.7,0.879,1.2,7.2,8.4,7.2,2.5,0.9,2.6,2.1,38.2,126,109,2021,leonaka01
261,Meyers Leonard,C,28,MIA,3,2,29,5.0,11.8,0.429,5.0,11.8,0.429,0.0,0.0,0.0,1.7,3.4,0.5,0.0,11.8,11.8,3.4,0.0,0.0,3.4,8.4,16.8,101,112,2021,leoname01
262,Caris LeVert,SG,26,BRK,12,4,334,12.3,28.3,0.435,3.1,8.9,0.349,9.2,19.4,0.474,3.7,4.8,0.765,1.4,6.0,7.4,10.2,1.8,0.9,3.7,2.8,31.5,108,114,2021,leverca01
263,Kira Lewis Jr.,PG,19,NOP,15,0,184,8.2,19.9,0.413,2.4,6.1,0.391,5.8,13.8,0.423,3.4,4.8,0.722,0.3,2.9,3.2,5.8,2.4,0.3,1.9,4.0,22.2,108,116,2021,lewiski01
264,Damian Lillard,PG,30,POR,25,25,895,12.1,27.0,0.447,5.4,14.2,0.382,6.7,12.8,0.519,10.0,10.7,0.934,0.5,5.3,5.8,9.9,1.4,0.3,4.2,2.1,39.5,125,118,2021,lillada01
265,Nassir Little,PF,20,POR,11,2,120,6.9,13.7,0.5,3.2,5.6,0.5710000000000001,3.6,8.1,0.45,3.2,3.6,0.889,4.0,5.2,9.3,0.8,0.8,1.6,2.4,3.6,20.2,124,117,2021,littlna01
266,Kevon Looney,C,24,GSW,21,5,308,5.0,8.0,0.623,0.3,0.8,0.4,4.7,7.3,0.6459999999999999,1.4,2.0,0.6920000000000001,4.8,8.3,13.1,5.6,1.1,0.9,2.1,5.6,11.6,134,110,2021,looneke01
267,Brook Lopez,C,32,MIL,27,27,731,6.9,15.0,0.461,2.9,8.1,0.35700000000000004,4.0,6.8,0.585,2.1,2.6,0.825,2.6,6.2,8.8,1.1,0.8,2.4,1.3,3.4,18.9,119,111,2021,lopezbr01
268,Robin Lopez,C,32,WAS,25,9,478,7.4,12.7,0.588,0.4,1.2,0.33299999999999996,7.1,11.5,0.613,3.9,5.8,0.667,5.2,4.9,10.2,2.4,0.5,1.4,2.4,4.6,19.1,122,117,2021,lopezro01
269,Kevin Love,PF,32,CLE,2,2,46,6.4,19.2,0.33299999999999996,3.2,9.6,0.33299999999999996,3.2,9.6,0.33299999999999996,4.3,5.3,0.8,2.1,10.7,12.8,5.3,1.1,0.0,3.2,1.1,20.3,98,114,2021,loveke01
270,Kyle Lowry,PG,34,TOR,24,24,837,8.1,18.2,0.447,3.8,9.9,0.382,4.4,8.3,0.524,4.3,4.9,0.872,1.1,6.3,7.4,8.9,1.5,0.2,4.0,4.4,24.3,115,114,2021,lowryky01
271,Timothé Luwawu-Cabarrot,SF,25,BRK,29,5,567,6.3,15.8,0.397,3.7,10.2,0.361,2.6,5.6,0.46299999999999997,1.3,1.8,0.727,1.4,4.4,5.8,3.0,1.6,0.4,1.7,3.9,17.5,106,116,2021,luwawti01
272,Trey Lyles,PF,25,SAS,14,2,165,5.2,10.4,0.5,1.2,4.3,0.267,4.0,6.1,0.667,2.6,4.3,0.6,2.0,10.4,12.4,2.0,0.0,0.0,0.0,1.4,14.2,128,113,2021,lylestr01
273,Thon Maker,C,23,CLE,8,0,76,6.5,11.6,0.556,0.0,1.3,0.0,6.5,10.3,0.625,6.5,7.1,0.909,5.2,6.5,11.6,2.6,1.3,2.6,1.9,4.5,19.4,133,113,2021,makerth01
274,Théo Maledon,PG,19,OKC,21,6,476,5.8,14.5,0.397,3.0,8.2,0.366,2.8,6.4,0.43799999999999994,1.2,1.9,0.632,0.5,5.0,5.5,6.0,2.0,0.1,3.8,4.5,15.7,93,112,2021,maledth01
275,Karim Mané,PG,20,ORL,6,0,56,0.9,7.8,0.111,0.9,1.7,0.5,0.0,6.1,0.0,3.5,3.5,1.0,0.0,8.7,8.7,0.9,0.0,0.9,2.6,2.6,6.1,60,115,2021,maneka01
276,Terance Mann,SG,24,LAC,26,3,377,5.2,11.5,0.455,0.8,2.9,0.273,4.4,8.6,0.515,2.9,3.9,0.733,3.0,8.2,11.2,3.7,1.7,0.7,2.2,5.0,14.1,112,111,2021,mannte01
277,Nico Mannion,PG,19,GSW,6,0,36,3.9,16.8,0.231,2.6,11.6,0.222,1.3,5.2,0.25,1.3,5.2,0.25,0.0,10.3,10.3,15.5,2.6,0.0,2.6,6.5,11.6,88,106,2021,mannini01
278,Boban Marjanović,C,32,DAL,15,0,108,12.6,24.2,0.519,0.0,1.3,0.0,12.6,22.9,0.5489999999999999,4.0,5.8,0.6920000000000001,9.0,13.5,22.5,0.4,0.0,0.0,1.3,5.4,29.2,118,116,2021,marjabo01
279,Lauri Markkanen,PF,23,CHI,14,14,426,10.5,20.4,0.514,4.4,11.1,0.396,6.1,9.3,0.655,4.2,5.0,0.8440000000000001,0.9,8.5,9.4,1.3,1.0,0.6,2.6,3.4,29.6,116,113,2021,markkla01
280,Naji Marshall,SF,23,NOP,3,0,8,0.0,12.2,0.0,0.0,6.1,0.0,0.0,6.1,0.0,6.1,12.2,0.5,0.0,12.2,12.2,6.1,0.0,0.0,0.0,0.0,6.1,61,118,2021,marshna01
281,Caleb Martin,SF,25,CHO,23,1,363,6.7,15.8,0.42,2.0,6.7,0.3,4.7,9.2,0.507,1.9,3.3,0.56,2.5,6.0,8.5,3.9,2.7,0.9,2.1,3.3,17.2,103,110,2021,martica02
282,Cody Martin,SF,25,CHO,17,0,159,6.1,11.6,0.526,0.9,4.0,0.231,5.2,7.6,0.68,2.4,3.0,0.8,3.0,7.3,10.3,4.9,2.1,0.0,2.7,2.7,15.5,117,112,2021,martico01
283,Kelan Martin,SF,25,IND,11,0,43,6.7,20.2,0.33299999999999996,2.2,9.0,0.25,4.5,11.2,0.4,0.0,0.0,0.0,1.1,11.2,12.3,0.0,2.2,0.0,4.5,4.5,15.7,65,108,2021,martike03
284,Kenyon Martin Jr.,SF,20,HOU,7,0,69,6.8,18.4,0.37,0.7,2.7,0.25,6.1,15.7,0.391,1.4,3.4,0.4,5.5,7.5,13.0,2.7,1.4,3.4,3.4,6.1,15.7,85,106,2021,martike04
285,Frank Mason III,G,26,ORL,4,1,79,5.5,14.8,0.375,1.2,3.1,0.4,4.3,11.7,0.368,3.1,4.3,0.7140000000000001,1.8,5.5,7.4,7.4,0.0,0.0,3.1,4.3,15.4,99,118,2021,masonfr01
286,Garrison Mathews,SG,24,WAS,19,3,305,5.3,13.5,0.39299999999999996,4.1,10.6,0.386,1.2,2.9,0.42100000000000004,5.3,5.8,0.9209999999999999,1.2,3.2,4.4,1.4,2.7,0.6,0.5,4.4,20.0,130,114,2021,mathega01
287,Dakota Mathias,SG,25,PHI,8,2,123,7.3,18.5,0.396,3.1,10.0,0.308,4.2,8.5,0.5,0.8,2.3,0.33299999999999996,0.4,2.3,2.7,5.0,0.4,1.2,0.4,2.7,18.5,108,116,2021,mathida01
288,Wesley Matthews,SG,34,LAL,21,1,426,4.0,10.0,0.39799999999999996,3.1,8.1,0.38,0.9,1.9,0.47100000000000003,1.4,1.7,0.8,0.9,2.3,3.2,2.6,1.1,0.9,0.8,3.6,12.4,120,109,2021,matthwe02
289,Tyrese Maxey,SG,20,PHI,27,6,460,10.2,22.6,0.452,1.5,5.6,0.278,8.7,17.0,0.509,2.1,2.4,0.87,0.6,4.6,5.3,5.0,1.5,0.3,1.8,3.4,24.0,106,113,2021,maxeyty01
290,Skylar Mays,SG,23,ATL,9,0,55,9.7,22.9,0.423,4.4,10.6,0.41700000000000004,5.3,12.3,0.429,5.3,5.3,1.0,1.8,3.5,5.3,4.4,0.9,0.0,0.9,2.6,29.1,124,118,2021,mayssk01
291,CJ McCollum,SG,29,POR,13,13,440,13.5,28.6,0.473,6.9,15.7,0.441,6.6,12.9,0.513,4.2,5.0,0.8440000000000001,0.8,4.8,5.6,7.2,1.9,0.4,1.4,3.1,38.2,130,117,2021,mccolcj01
292,T.J. McConnell,PG,28,IND,25,1,594,5.4,10.8,0.504,0.5,1.3,0.375,5.0,9.5,0.521,0.3,1.0,0.33299999999999996,1.5,5.5,7.0,13.5,3.7,0.7,3.7,3.2,11.7,113,108,2021,mccontj01
293,Jaden McDaniels,PF,20,MIN,21,0,376,5.4,13.4,0.406,2.6,7.1,0.375,2.8,6.3,0.44,0.8,1.9,0.4,1.9,7.2,9.1,2.8,0.9,2.5,2.1,6.7,14.2,98,113,2021,mcdanja02
294,Jalen McDaniels,SF,23,CHO,10,0,108,7.2,14.8,0.485,0.9,4.0,0.222,6.3,10.7,0.583,3.1,4.9,0.636,1.8,7.6,9.4,2.7,0.9,0.0,4.0,6.7,18.3,95,114,2021,mcdanja01
295,Doug McDermott,PF,29,IND,27,7,706,9.6,18.6,0.515,2.9,8.1,0.361,6.6,10.4,0.634,2.4,3.0,0.795,1.8,5.8,7.6,2.5,0.5,0.1,1.9,3.3,24.5,116,116,2021,mcderdo01
296,Sean McDermott,SF,24,MEM,4,0,57,2.5,7.6,0.33299999999999996,0.8,5.1,0.16699999999999998,1.7,2.5,0.667,1.7,1.7,1.0,2.5,3.4,5.9,2.5,0.0,0.8,2.5,1.7,7.6,92,117,2021,mcderse01
297,JaVale McGee,C,33,CLE,20,1,313,9.7,21.2,0.45899999999999996,0.8,2.5,0.313,8.9,18.6,0.479,4.1,6.9,0.591,5.3,12.2,17.5,3.1,1.4,3.8,3.9,7.7,24.3,99,108,2021,mcgeeja01
298,Rodney McGruder,SG,29,DET,8,0,64,6.9,14.6,0.474,2.3,5.4,0.429,4.6,9.2,0.5,2.3,2.3,1.0,2.3,4.6,6.9,4.6,0.0,0.8,3.1,3.1,18.4,111,118,2021,mcgruro01
299,Alfonzo McKinnie,SF,28,LAL,14,0,44,11.0,17.6,0.625,3.3,5.5,0.6,7.7,12.1,0.636,2.2,4.4,0.5,6.6,6.6,13.2,1.1,1.1,0.0,1.1,4.4,27.5,140,108,2021,mckinal01
300,Jordan McLaughlin,PG,24,MIN,15,0,272,5.6,13.4,0.41600000000000004,1.0,3.3,0.316,4.5,10.1,0.44799999999999995,1.2,1.6,0.778,1.4,4.2,5.6,11.9,2.3,0.5,3.0,2.1,13.4,109,115,2021,mclaujo01
301,Ben McLemore,SG,27,HOU,19,2,283,6.3,17.2,0.369,4.5,12.7,0.355,1.8,4.5,0.40700000000000003,2.2,3.0,0.722,1.0,5.3,6.3,3.2,1.5,0.2,3.3,3.8,19.3,95,111,2021,mclembe01
302,Nicolò Melli,PF,30,NOP,12,0,135,2.5,9.7,0.259,1.8,7.6,0.23800000000000002,0.7,2.2,0.33299999999999996,1.4,1.8,0.8,0.7,9.0,9.7,4.0,2.2,0.4,2.2,5.8,8.3,87,113,2021,mellini01
303,De'Anthony Melton,PG,22,MEM,12,0,258,9.0,18.6,0.48,3.5,8.0,0.442,5.4,10.6,0.509,0.9,1.5,0.625,0.7,6.0,6.7,7.1,2.1,2.2,3.2,4.7,22.4,110,109,2021,meltode01
304,Sam Merrill,SG,24,MIL,9,0,55,3.4,8.6,0.4,3.4,6.9,0.5,0.0,1.7,0.0,1.7,1.7,1.0,2.6,6.0,8.6,8.6,0.9,0.0,2.6,2.6,12.0,133,115,2021,merrisa01
305,Chimezie Metu,C,23,SAC,11,0,71,10.1,20.3,0.5,0.7,2.0,0.33299999999999996,9.5,18.2,0.519,4.1,6.1,0.667,7.4,8.1,15.5,3.4,2.0,4.1,4.1,6.8,25.0,109,113,2021,metuch01
306,Khris Middleton,SF,29,MIL,27,27,886,10.9,21.4,0.51,3.6,8.0,0.444,7.4,13.4,0.55,4.3,4.8,0.9,1.1,7.2,8.3,8.7,1.4,0.2,3.5,3.9,29.7,124,112,2021,middlkh01
307,Darius Miller,SF,30,OKC,10,0,98,4.8,11.1,0.435,3.9,9.7,0.4,1.0,1.4,0.667,1.4,1.4,1.0,0.5,6.3,6.8,3.9,1.9,1.4,1.4,3.9,15.0,121,109,2021,milleda01
308,Patty Mills,PG,32,SAS,27,0,687,8.8,19.6,0.449,4.9,12.1,0.4,4.0,7.5,0.528,2.3,2.4,0.943,0.5,3.1,3.5,5.1,1.2,0.1,1.8,2.7,24.8,116,114,2021,millspa02
309,Paul Millsap,PF,35,DEN,26,26,621,7.9,15.0,0.524,2.5,6.2,0.41,5.3,8.8,0.604,3.3,4.7,0.695,3.3,7.4,10.6,3.4,1.7,1.1,2.1,4.3,21.5,125,111,2021,millspa01
310,Shake Milton,SG,24,PHI,22,1,536,9.6,21.2,0.452,1.9,6.4,0.306,7.6,14.8,0.515,6.2,7.1,0.875,1.1,2.7,3.7,5.8,1.4,0.4,3.0,4.3,27.3,113,114,2021,miltosh01
311,Donovan Mitchell,SG,24,UTA,26,26,874,12.0,28.0,0.428,5.0,12.7,0.392,7.0,15.3,0.45799999999999996,6.1,7.3,0.84,1.3,4.9,6.2,7.4,1.1,0.5,4.3,3.2,35.1,113,111,2021,mitchdo01
312,Adam Mokoka,SG,22,CHI,7,0,42,5.6,15.7,0.35700000000000004,1.1,9.0,0.125,4.5,6.7,0.667,0.0,0.0,0.0,1.1,3.4,4.5,4.5,2.2,1.1,2.2,5.6,12.3,85,112,2021,mokokad01
313,Malik Monk,SG,22,CHO,15,0,316,8.3,18.4,0.45,5.0,10.1,0.5,3.2,8.3,0.389,2.6,3.1,0.85,0.8,4.6,5.4,4.1,0.6,0.3,2.6,2.9,24.2,114,117,2021,monkma01
314,E'Twaun Moore,SG,31,PHO,13,1,216,7.1,16.3,0.43700000000000006,0.9,3.9,0.235,6.2,12.4,0.5,1.4,1.8,0.75,1.2,3.5,4.6,4.8,2.5,0.2,2.8,4.8,16.6,96,109,2021,mooreet01
315,Ja Morant,PG,21,MEM,14,14,418,10.7,23.9,0.447,1.4,5.3,0.261,9.3,18.6,0.5,6.8,8.5,0.797,1.0,2.5,3.6,12.9,1.5,0.5,4.8,2.5,29.6,110,115,2021,moranja01
316,Juwan Morgan,PF,23,UTA,11,0,62,4.7,10.2,0.462,2.4,7.1,0.33299999999999996,2.4,3.1,0.75,0.0,2.4,0.0,2.4,7.9,10.2,2.4,2.4,0.0,1.6,7.9,11.8,107,107,2021,morgaju01
317,Marcus Morris,PF,31,LAC,20,1,492,9.1,19.6,0.46399999999999997,5.2,10.3,0.505,3.9,9.3,0.419,3.5,3.7,0.946,1.6,6.0,7.6,1.8,1.2,0.6,2.0,3.5,26.9,121,113,2021,morrima03
318,Markieff Morris,PF,31,LAL,22,2,335,4.8,12.7,0.375,2.5,8.2,0.298,2.3,4.5,0.516,1.9,2.6,0.722,2.0,9.2,11.3,2.9,0.4,0.9,1.6,4.6,13.9,105,107,2021,morrima02
319,Monte Morris,PG,25,DEN,26,3,682,7.9,16.0,0.493,2.4,6.1,0.38799999999999996,5.5,9.8,0.5589999999999999,2.4,3.4,0.7020000000000001,0.4,3.5,3.9,6.4,1.2,0.5,1.2,1.4,20.5,125,116,2021,morrimo01
320,Mychal Mulder,PG,26,GSW,27,0,289,6.1,12.4,0.494,5.0,10.9,0.456,1.1,1.4,0.778,1.1,1.8,0.636,0.2,4.0,4.2,1.8,1.0,1.0,0.8,4.2,18.4,126,113,2021,muldemy01
321,Dejounte Murray,PG,24,SAS,27,27,821,9.7,21.7,0.447,1.6,5.2,0.315,8.1,16.5,0.488,2.7,3.4,0.81,1.0,10.3,11.3,7.9,2.4,0.1,2.6,3.4,23.7,105,108,2021,murrade01
322,Jamal Murray,PG,23,DEN,24,24,835,9.7,22.0,0.442,3.0,8.7,0.34,6.8,13.4,0.509,3.8,4.8,0.802,0.9,4.8,5.7,6.3,1.5,0.4,2.9,3.1,26.3,110,114,2021,murraja01
323,Mike Muscala,C,29,OKC,24,0,452,8.1,19.1,0.423,4.8,13.2,0.365,3.2,5.9,0.5539999999999999,2.6,2.8,0.9259999999999999,1.4,7.9,9.2,2.4,0.7,0.7,1.7,3.7,23.6,111,112,2021,muscami01
324,Sviatoslav Mykhailiuk,SF,23,DET,26,0,398,7.0,18.0,0.39,4.6,13.9,0.327,2.5,4.1,0.606,2.6,3.0,0.875,0.9,4.8,5.7,4.1,1.9,0.6,2.0,2.8,21.2,109,114,2021,mykhasv01
325,Abdel Nader,SF,27,PHO,11,0,163,8.8,18.0,0.49200000000000005,2.7,7.0,0.391,6.1,11.0,0.556,4.3,5.5,0.778,0.0,8.5,8.5,3.4,1.2,0.3,2.4,3.7,24.7,112,110,2021,naderab01
326,Larry Nance Jr.,PF,28,CLE,19,18,635,5.4,11.2,0.483,1.9,4.9,0.381,3.6,6.3,0.561,0.9,1.6,0.5710000000000001,2.1,7.9,10.0,4.7,2.9,0.8,2.2,3.2,13.6,112,111,2021,nancela02
327,Aaron Nesmith,SF,21,BOS,11,0,146,4.3,13.7,0.317,3.3,11.0,0.303,1.0,2.7,0.375,0.7,1.0,0.667,1.0,5.7,6.7,1.7,0.0,0.7,2.7,6.3,12.7,85,116,2021,nesmiaa01
328,Raul Neto,PG,28,WAS,20,6,375,7.5,16.8,0.449,2.5,6.9,0.35700000000000004,5.1,9.9,0.513,1.6,2.1,0.765,1.2,4.3,5.5,4.2,2.5,0.2,1.6,3.3,19.1,109,114,2021,netora01
329,Georges Niang,PF,27,UTA,28,0,358,6.9,17.3,0.402,4.0,11.7,0.337,3.0,5.6,0.537,0.4,0.4,1.0,1.2,7.2,8.4,3.0,1.5,0.4,2.6,5.9,18.3,102,109,2021,niangge01
330,Zeke Nnaji,PF,20,DEN,13,0,72,9.6,17.1,0.56,6.2,10.3,0.6,3.4,6.9,0.5,1.4,2.7,0.5,2.7,3.4,6.2,0.0,0.7,0.7,0.0,3.4,26.7,145,116,2021,nnajize01
331,Nerlens Noel,C,26,NYK,24,2,445,4.6,8.0,0.5770000000000001,0.0,0.2,0.0,4.6,7.8,0.594,1.4,2.3,0.6,4.1,9.9,14.0,1.2,2.5,5.4,2.6,5.9,10.6,107,99,2021,noelne01
332,Jaylen Nowell,SG,21,MIN,13,0,220,11.0,23.5,0.46799999999999997,3.7,10.1,0.36200000000000004,7.3,13.4,0.5479999999999999,3.9,5.2,0.75,1.5,3.7,5.2,2.4,1.1,0.9,1.9,5.0,29.5,111,117,2021,nowelja01
333,Frank Ntilikina,PG,22,NYK,4,0,42,7.2,16.7,0.429,6.0,10.8,0.556,1.2,6.0,0.2,1.2,3.6,0.33299999999999996,1.2,3.6,4.8,3.6,3.6,0.0,2.4,8.4,21.5,111,107,2021,ntilila01
334,Kendrick Nunn,PG,25,MIA,19,7,526,9.3,19.6,0.47200000000000003,3.1,9.3,0.33,6.2,10.4,0.598,1.9,2.2,0.875,0.8,5.0,5.8,4.0,2.0,0.4,3.7,3.2,23.5,100,111,2021,nunnke01
335,Jusuf Nurkić,C,26,POR,12,12,280,8.6,17.8,0.485,0.5,2.1,0.25,8.1,15.7,0.516,2.6,4.7,0.556,4.0,11.9,15.9,5.7,1.9,1.9,4.0,5.7,20.4,104,111,2021,nurkiju01
336,David Nwaba,SF,28,HOU,23,9,535,6.9,14.2,0.484,1.1,4.5,0.255,5.7,9.7,0.591,3.0,4.4,0.68,2.3,4.6,6.9,2.2,2.2,1.4,1.1,4.2,17.9,114,108,2021,nwabada01
337,Jordan Nwora,SF,22,MIL,10,0,82,9.8,21.3,0.45899999999999996,4.6,9.2,0.5,5.2,12.1,0.429,5.2,5.8,0.9,0.6,8.1,8.6,0.0,2.3,1.2,5.8,5.2,29.4,97,109,2021,nworajo01
338,Royce O'Neale,SF,27,UTA,28,28,910,3.9,8.6,0.45299999999999996,2.6,6.1,0.43,1.3,2.5,0.511,1.2,1.4,0.846,1.6,8.6,10.2,3.5,1.2,1.0,1.7,4.4,11.6,125,108,2021,onealro01
339,Semi Ojeleye,PF,26,BOS,25,4,476,4.8,11.5,0.42,3.0,8.0,0.37200000000000005,1.8,3.5,0.529,1.8,2.6,0.72,1.6,6.1,7.8,2.3,0.6,0.0,1.1,3.1,14.4,119,115,2021,ojelese01
340,Jahlil Okafor,C,25,DET,12,0,120,10.2,17.2,0.595,0.0,1.2,0.0,10.2,16.0,0.6409999999999999,0.4,0.8,0.5,5.3,5.7,11.1,1.2,0.8,0.8,1.6,4.1,20.9,118,115,2021,okafoja01
341,Chuma Okeke,PF,22,ORL,12,0,266,3.8,10.0,0.382,1.5,4.9,0.29600000000000004,2.4,5.1,0.46399999999999997,0.5,1.1,0.5,2.9,4.9,7.9,4.9,1.6,0.7,1.6,2.4,9.7,106,114,2021,okekech01
342,Josh Okogie,SG,22,MIN,21,18,437,3.9,11.4,0.34299999999999997,0.9,4.7,0.18600000000000003,3.0,6.7,0.452,2.7,3.7,0.735,2.2,3.9,6.1,2.6,1.8,1.5,1.7,4.2,11.4,95,115,2021,okogijo01
343,Onyeka Okongwu,C,20,ATL,9,1,93,5.2,9.9,0.526,0.0,0.0,0.0,5.2,9.9,0.526,3.6,6.3,0.583,3.1,9.9,13.0,2.1,2.1,3.1,2.6,7.8,14.1,106,107,2021,okongon01
344,Isaac Okoro,SG,20,CLE,24,24,792,4.1,10.5,0.38799999999999996,1.0,4.0,0.25,3.1,6.6,0.47200000000000003,1.9,2.8,0.674,1.3,2.2,3.5,2.8,1.7,0.6,2.0,4.3,11.1,94,117,2021,okorois01
345,KZ Okpala,PF,21,MIA,14,5,168,3.5,9.0,0.387,2.0,5.5,0.368,1.5,3.5,0.41700000000000004,0.6,1.7,0.33299999999999996,1.2,4.6,5.8,1.7,0.9,0.6,2.3,5.5,9.6,86,114,2021,okpalkz01
346,Victor Oladipo,SG,28,TOT,20,20,640,10.4,26.0,0.401,3.6,10.9,0.32899999999999996,6.8,15.1,0.45299999999999996,4.0,5.4,0.74,0.3,7.4,7.7,6.8,2.0,0.6,3.3,3.6,28.4,99,109,2021,oladivi01
347,Kelly Olynyk,C,29,MIA,26,21,680,6.8,15.9,0.428,4.1,11.8,0.348,2.7,4.2,0.655,0.9,1.3,0.667,1.8,9.1,10.9,3.7,1.4,1.3,2.4,4.7,18.6,105,109,2021,olynyke01
348,Miye Oni,SG,23,UTA,22,0,170,2.3,8.3,0.276,2.3,7.2,0.32,0.0,1.1,0.0,1.4,1.7,0.833,3.2,8.3,11.5,1.7,0.9,1.1,2.0,6.6,8.3,100,108,2021,onimi01
349,Cedi Osman,SF,25,CLE,29,13,766,7.7,20.2,0.381,3.8,11.3,0.341,3.8,8.9,0.43200000000000005,2.1,2.7,0.7859999999999999,1.3,4.9,6.2,4.7,1.6,0.2,1.9,3.9,21.3,105,116,2021,osmande01
350,Daniel Oturu,C,21,LAC,10,0,42,10.6,17.6,0.6,0.0,1.2,0.0,10.6,16.4,0.643,2.3,2.3,1.0,5.9,10.6,16.4,4.7,0.0,3.5,2.3,7.0,23.5,130,109,2021,oturuda01
351,Kelly Oubre Jr.,SF,25,GSW,28,28,809,8.2,20.3,0.402,2.5,8.5,0.297,5.6,11.8,0.478,3.6,4.7,0.765,2.2,7.2,9.4,2.2,1.7,1.3,2.2,3.8,22.4,99,109,2021,oubreke01
352,Eric Paschall,PF,24,GSW,25,2,427,10.7,21.4,0.5,1.3,3.8,0.34299999999999997,9.4,17.5,0.534,4.6,6.2,0.737,2.5,6.3,8.8,3.3,0.5,0.3,2.0,4.6,27.2,112,113,2021,pascher01
353,Anžejs Pasečņiks,C,25,WAS,1,0,6,0.0,7.7,0.0,0.0,7.7,0.0,0.0,0.0,0.0,0.0,0.0,0.0,7.7,0.0,7.7,7.7,0.0,0.0,38.5,15.4,0.0,20,122,2021,pasecan01
354,Patrick Patterson,PF,31,LAC,9,1,115,5.6,13.3,0.419,3.9,10.3,0.375,1.7,3.0,0.5710000000000001,1.3,1.7,0.75,1.3,4.7,6.0,2.1,1.3,0.4,2.6,5.1,16.3,105,114,2021,pattepa01
355,Chris Paul,PG,35,PHO,25,25,807,9.7,20.2,0.48200000000000004,2.1,5.9,0.358,7.6,14.4,0.532,4.2,4.3,0.971,0.9,6.4,7.3,12.7,1.9,0.4,3.8,4.4,25.7,119,109,2021,paulch01
356,Cameron Payne,PG,26,PHO,15,0,261,7.2,16.0,0.452,2.3,6.5,0.353,5.0,9.5,0.52,1.7,1.7,1.0,0.4,5.3,5.7,10.3,1.7,0.6,3.4,5.9,18.5,111,110,2021,payneca01
357,Elfrid Payton,PG,26,NYK,29,29,808,9.3,21.3,0.43700000000000006,0.9,3.4,0.255,8.5,17.9,0.47200000000000003,2.5,3.5,0.7140000000000001,2.4,4.6,7.0,6.3,1.2,0.4,3.4,3.5,22.0,99,112,2021,paytoel01
358,Norvel Pelle,F-C,27,BRK,3,0,28,5.1,11.8,0.429,0.0,0.0,0.0,5.1,11.8,0.429,0.0,0.0,0.0,5.1,6.8,11.8,0.0,0.0,5.1,5.1,15.2,10.1,76,112,2021,pelleno01
359,Reggie Perry,PF,20,BRK,14,0,147,6.8,16.4,0.41200000000000003,0.6,3.9,0.16699999999999998,6.1,12.6,0.48700000000000004,1.9,2.9,0.667,5.5,10.9,16.4,3.9,0.6,1.6,3.5,8.7,16.1,99,113,2021,perryre01
360,Theo Pinson,SG,25,NYK,9,0,21,2.4,16.7,0.14300000000000002,0.0,14.3,0.0,2.4,2.4,1.0,0.0,0.0,0.0,0.0,2.4,2.4,0.0,0.0,0.0,0.0,7.2,4.8,33,116,2021,pinsoth01
361,Mason Plumlee,C,30,DET,25,25,693,7.4,12.3,0.598,0.0,0.4,0.0,7.4,12.0,0.615,3.3,4.6,0.708,5.5,10.3,15.7,6.1,1.7,1.2,3.7,6.2,18.0,120,110,2021,plumlma01
362,Jakob Poeltl,C,25,SAS,27,9,600,6.4,10.4,0.611,0.0,0.0,0.0,6.4,10.4,0.611,1.0,3.0,0.316,6.4,8.6,15.0,3.7,1.3,3.3,2.5,4.4,13.7,118,107,2021,poeltja01
363,Vincent Poirier,C,27,PHI,4,0,18,2.6,7.9,0.33299999999999996,0.0,0.0,0.0,2.6,7.9,0.33299999999999996,5.3,10.5,0.5,5.3,5.3,10.5,2.6,0.0,5.3,2.6,2.6,10.5,97,110,2021,poirivi01
364,Aleksej Pokusevski,PF,19,OKC,17,0,296,3.7,14.9,0.247,1.6,9.0,0.179,2.1,5.9,0.35100000000000003,0.0,0.0,0.0,0.8,8.8,9.6,3.4,1.3,3.0,3.5,2.6,9.0,61,107,2021,pokusal01
365,Jordan Poole,SG,21,GSW,15,0,143,8.5,19.9,0.426,4.2,12.7,0.33299999999999996,4.2,7.2,0.591,5.9,6.2,0.9470000000000001,0.7,5.2,5.9,4.2,1.0,0.7,2.6,4.6,27.0,113,112,2021,poolejo01
366,Michael Porter Jr.,SF,22,DEN,16,9,432,9.9,20.0,0.49700000000000005,4.1,10.3,0.4,5.8,9.7,0.6,2.5,3.2,0.7859999999999999,2.2,8.8,11.0,1.7,1.9,2.2,1.9,3.9,26.5,118,109,2021,portemi01
367,Otto Porter,SF,27,CHI,16,6,372,8.1,18.2,0.444,3.5,8.8,0.4,4.5,9.3,0.486,3.8,4.5,0.833,2.5,10.1,12.6,4.0,1.1,0.4,1.9,3.2,23.5,118,112,2021,porteot01
368,Bobby Portis,C,25,MIL,27,1,586,10.7,19.4,0.552,2.3,4.8,0.475,8.5,14.7,0.5770000000000001,1.5,2.3,0.679,4.4,11.5,16.0,2.3,1.9,0.9,1.6,4.1,25.2,126,108,2021,portibo01
369,Kristaps Porziņģis,C,25,DAL,17,17,509,12.6,26.6,0.473,3.6,10.3,0.35200000000000004,9.0,16.3,0.55,4.5,5.2,0.855,3.3,10.0,13.3,2.1,0.6,2.6,2.0,5.3,33.3,114,113,2021,porzikr01
370,Dwight Powell,C,29,DAL,17,6,277,4.2,8.2,0.511,0.2,1.2,0.14300000000000002,4.0,7.0,0.575,5.4,7.9,0.6890000000000001,3.5,7.2,10.7,2.8,2.3,1.1,1.9,7.2,14.0,123,113,2021,poweldw01
371,Norman Powell,SG,27,TOR,25,14,701,9.5,20.6,0.462,4.0,9.2,0.43,5.5,11.4,0.488,5.2,5.9,0.8740000000000001,0.8,4.2,4.9,2.4,1.8,0.3,2.3,3.4,28.2,115,115,2021,powelno01
372,Taurean Prince,PF,26,TOT,27,10,592,6.2,15.9,0.392,3.1,7.8,0.4,3.1,8.1,0.384,3.7,4.3,0.8490000000000001,1.0,7.0,8.0,3.8,1.6,1.6,2.5,4.1,19.2,105,113,2021,princta02
373,Payton Pritchard,SG,23,BOS,20,1,426,6.6,14.1,0.47200000000000003,3.4,8.0,0.429,3.2,6.1,0.528,1.3,1.4,0.917,1.1,4.7,5.8,5.0,1.5,0.6,2.9,4.2,18.0,115,113,2021,pritcpa01
374,Immanuel Quickley,PG,21,NYK,25,0,483,10.4,25.4,0.41,4.6,12.1,0.379,5.8,13.3,0.43799999999999994,7.2,7.6,0.945,1.0,5.1,6.1,7.1,1.0,0.8,2.5,5.5,32.5,118,111,2021,quickim01
375,Jahmi'us Ramsey,SG,19,SAC,4,0,16,6.0,12.0,0.5,3.0,9.0,0.33299999999999996,3.0,3.0,1.0,0.0,0.0,0.0,0.0,12.0,12.0,3.0,0.0,3.0,3.0,0.0,15.0,102,116,2021,ramseja01
376,Julius Randle,PF,26,NYK,29,29,1065,10.9,23.0,0.47600000000000003,2.5,6.0,0.406,8.5,16.9,0.501,7.3,9.1,0.802,1.9,13.1,15.0,7.7,1.0,0.3,4.4,4.3,31.6,114,107,2021,randlju01
377,Cam Reddish,SF,21,ATL,23,18,657,6.3,17.3,0.368,2.2,8.5,0.261,4.1,8.8,0.47100000000000003,4.4,5.5,0.8,1.3,5.2,6.6,2.3,1.8,0.6,2.4,4.5,19.3,99,114,2021,reddica01
378,J.J. Redick,SG,36,NOP,23,0,417,6.5,18.0,0.364,4.3,12.3,0.35200000000000004,2.2,5.7,0.38799999999999996,3.7,3.7,1.0,0.4,3.7,4.1,2.9,0.7,0.2,1.9,3.2,21.2,109,120,2021,redicjj01
379,Paul Reed,PF,21,PHI,5,0,55,7.8,19.0,0.409,0.0,2.6,0.0,7.8,16.4,0.474,0.0,0.0,0.0,6.0,2.6,8.6,2.6,0.9,3.5,4.3,3.5,15.5,86,112,2021,reedpa01
380,Naz Reid,C,21,MIN,25,13,548,10.3,19.8,0.52,2.2,5.9,0.382,8.0,13.9,0.578,3.9,5.3,0.738,2.9,7.6,10.6,2.8,1.4,2.6,2.6,6.8,26.7,115,112,2021,reidna01
381,Nick Richards,PF,23,CHO,8,0,23,6.3,12.6,0.5,0.0,0.0,0.0,6.3,12.6,0.5,10.5,12.6,0.833,4.2,8.4,12.6,0.0,0.0,0.0,2.1,8.4,23.1,127,116,2021,richani01
382,Josh Richardson,SG,27,DAL,19,19,601,6.7,15.8,0.423,2.3,7.9,0.29600000000000004,4.4,7.9,0.551,3.4,3.6,0.9329999999999999,1.5,2.9,4.4,4.1,1.3,0.3,2.1,4.6,19.1,110,118,2021,richajo01
383,Austin Rivers,SG,28,NYK,21,2,442,6.6,15.3,0.43,3.2,8.7,0.364,3.4,6.6,0.517,1.1,1.6,0.7140000000000001,0.6,4.8,5.3,4.8,1.4,0.0,2.5,3.6,17.5,105,112,2021,riverau01
384,Duncan Robinson,SF,26,MIA,27,27,891,5.9,14.2,0.415,4.8,12.2,0.39299999999999996,1.1,2.0,0.556,1.9,2.2,0.8540000000000001,0.1,5.5,5.6,2.4,0.5,0.4,2.1,3.3,18.5,106,115,2021,robindu01
385,Glenn Robinson III,SF,27,SAC,22,1,346,5.5,12.9,0.43,2.2,6.0,0.37200000000000005,3.3,6.9,0.48,2.9,3.2,0.9129999999999999,1.0,4.0,5.0,2.8,0.4,0.4,1.4,2.9,16.2,115,123,2021,robingl02
386,Jerome Robinson,SG,23,WAS,13,3,221,4.6,14.0,0.32799999999999996,1.9,6.5,0.29,2.7,7.5,0.361,3.1,3.6,0.882,0.4,6.5,6.9,3.8,1.3,0.4,2.3,4.4,14.2,92,116,2021,robinje01
387,Mitchell Robinson,C,22,NYK,27,27,778,6.6,10.1,0.66,0.0,0.0,0.0,6.6,10.1,0.66,1.4,3.0,0.478,6.3,8.3,14.6,0.9,2.1,2.6,1.4,5.0,14.7,131,105,2021,robinmi01
388,Isaiah Roby,PF,22,OKC,20,8,398,7.9,14.5,0.541,1.2,3.7,0.32299999999999995,6.7,10.8,0.615,3.0,4.3,0.6940000000000001,3.8,7.6,11.4,3.3,1.5,1.5,2.4,5.6,19.9,117,109,2021,robyis01
389,Rajon Rondo,PG,34,ATL,14,2,214,4.3,12.5,0.345,1.8,5.9,0.308,2.5,6.6,0.379,0.2,0.5,0.5,0.9,6.3,7.2,12.2,2.0,0.2,4.3,2.9,10.6,95,113,2021,rondora01
390,Derrick Rose,PG,32,TOT,19,0,428,11.4,25.8,0.442,1.8,5.4,0.34,9.6,20.4,0.469,5.9,7.0,0.836,0.7,3.6,4.3,9.0,2.7,0.8,4.1,2.4,30.5,106,112,2021,rosede01
391,Terrence Ross,SG,29,ORL,27,1,776,9.0,22.3,0.40399999999999997,3.1,9.6,0.327,5.9,12.7,0.46299999999999997,3.8,4.3,0.884,0.5,4.8,5.3,3.5,1.6,0.8,2.9,3.3,25.0,100,114,2021,rosste01
392,Terry Rozier,SG,26,CHO,26,26,867,10.8,22.1,0.49,5.0,11.1,0.445,5.9,10.9,0.536,3.2,4.1,0.795,0.8,5.1,5.9,4.4,1.8,0.7,2.5,2.8,29.8,118,113,2021,roziete01
393,Ricky Rubio,PG,30,MIN,25,10,614,4.3,12.0,0.359,0.9,3.8,0.245,3.4,8.3,0.41100000000000003,2.9,3.4,0.841,0.7,5.8,6.5,12.0,2.5,0.0,4.1,4.3,12.4,100,114,2021,rubiori01
394,D'Angelo Russell,PG,24,MIN,20,19,583,11.3,26.5,0.426,4.8,12.0,0.39899999999999997,6.5,14.5,0.449,3.9,5.2,0.75,0.7,3.5,4.2,8.2,1.8,0.8,4.4,3.2,31.3,105,116,2021,russeda01
395,Domantas Sabonis,PF,24,IND,28,28,1010,10.7,20.4,0.523,1.3,3.8,0.354,9.4,16.7,0.562,5.3,7.5,0.703,3.7,11.6,15.3,7.4,1.2,0.9,4.5,4.7,28.0,113,109,2021,sabondo01
396,Luka Šamanić,PF,21,SAS,4,0,11,8.7,26.0,0.33299999999999996,8.7,13.0,0.667,0.0,13.0,0.0,4.3,8.7,0.5,0.0,0.0,0.0,0.0,0.0,0.0,0.0,0.0,30.3,101,119,2021,samanlu01
397,JaKarr Sampson,PF,27,IND,13,0,78,6.8,15.5,0.44,0.0,1.9,0.0,6.8,13.6,0.5,4.9,6.2,0.8,4.3,11.7,16.1,0.0,0.6,1.9,1.9,5.6,18.5,105,109,2021,sampsja02
398,Dario Šarić,PF,26,PHO,9,0,167,9.8,22.3,0.44,3.3,10.1,0.324,6.5,12.2,0.537,5.7,6.0,0.95,2.1,9.5,11.6,3.3,2.4,0.6,4.2,5.7,28.6,105,106,2021,saricda01
399,Tomáš Satoranský,SG,29,CHI,15,0,293,5.5,10.6,0.515,1.8,3.8,0.45799999999999996,3.7,6.7,0.5479999999999999,3.0,3.4,0.905,0.6,5.8,6.4,11.7,1.6,0.5,3.7,2.9,15.7,125,113,2021,satorto01
400,Dennis Schröder,SG,27,LAL,28,28,869,7.7,17.7,0.434,1.6,5.0,0.315,6.1,12.8,0.48,4.7,5.7,0.825,0.9,4.8,5.8,6.8,1.3,0.2,3.3,4.2,21.7,107,108,2021,schrode01
401,Mike Scott,PF,32,PHI,10,3,182,4.2,12.3,0.34,2.9,9.9,0.289,1.3,2.3,0.556,0.5,0.8,0.667,1.0,5.5,6.5,0.3,0.8,0.5,1.3,3.9,11.7,92,114,2021,scottmi01
402,Collin Sexton,SG,22,CLE,24,24,847,11.7,24.1,0.484,2.0,5.0,0.40700000000000003,9.7,19.2,0.505,6.2,7.7,0.805,1.0,2.5,3.5,5.9,1.5,0.2,3.4,4.1,31.6,112,118,2021,sextoco01
403,Landry Shamet,SG,23,BRK,25,0,466,5.7,15.5,0.366,3.9,11.4,0.33899999999999997,1.8,4.2,0.439,2.9,3.4,0.879,0.5,3.4,3.9,3.4,1.2,0.3,1.9,3.4,18.2,106,118,2021,shamela01
404,Pascal Siakam,PF,26,TOR,24,24,856,10.2,22.2,0.461,1.6,5.4,0.302,8.6,16.9,0.512,5.4,6.8,0.795,2.8,7.3,10.1,6.0,1.6,0.8,3.0,4.3,27.5,112,112,2021,siakapa01
405,Chris Silva,PF,24,MIA,6,0,53,5.5,8.3,0.667,0.9,0.9,1.0,4.6,7.4,0.625,9.2,11.0,0.833,6.4,10.1,16.5,5.5,0.9,1.8,7.4,12.9,21.1,120,109,2021,silvach01
406,Ben Simmons,PG,24,PHI,25,25,835,8.3,14.8,0.562,0.1,0.3,0.16699999999999998,8.2,14.4,0.5710000000000001,5.0,7.5,0.667,2.3,9.5,11.8,11.4,2.4,1.1,4.8,4.5,21.7,117,107,2021,simmobe01
407,Anfernee Simons,SG,21,POR,23,0,404,8.3,20.4,0.406,5.9,14.3,0.41200000000000003,2.4,6.1,0.392,2.0,2.4,0.85,0.6,5.9,6.5,3.2,0.6,0.6,2.2,4.3,24.4,112,119,2021,simonan01
408,Deividas Sirvydis,SG,20,DET,4,0,5,0.0,19.6,0.0,0.0,19.6,0.0,0.0,0.0,0.0,0.0,0.0,0.0,0.0,0.0,0.0,9.8,0.0,0.0,0.0,0.0,0.0,32,122,2021,sirvyde01
409,Marcus Smart,PG,26,BOS,17,17,549,6.6,16.7,0.39399999999999996,2.5,8.0,0.311,4.1,8.7,0.469,4.1,5.5,0.742,0.6,3.6,4.2,9.1,2.8,0.8,2.7,3.5,19.7,112,111,2021,smartma01
410,Dennis Smith Jr.,PG,23,TOT,6,0,69,5.0,17.2,0.292,0.7,5.7,0.125,4.3,11.5,0.375,5.0,6.5,0.778,1.4,4.3,5.7,7.2,2.2,0.7,3.6,3.6,15.8,87,112,2021,smithde03
411,Ish Smith,PG,32,WAS,19,1,391,5.2,13.7,0.379,0.6,2.4,0.25,4.6,11.3,0.406,0.7,1.8,0.4,1.2,6.6,7.8,10.6,1.8,0.5,2.2,2.1,11.7,99,114,2021,smithis01
412,Jalen Smith,PF,20,PHO,8,0,50,6.0,16.9,0.353,2.0,7.0,0.28600000000000003,4.0,9.9,0.4,0.0,2.0,0.0,5.0,5.0,9.9,2.0,0.0,2.0,1.0,3.0,13.9,94,112,2021,smithja04
413,Tony Snell,SG,29,ATL,14,0,176,4.1,10.2,0.405,3.9,7.4,0.519,0.3,2.8,0.1,0.0,0.0,0.0,1.7,4.7,6.3,3.9,0.3,0.6,1.7,3.9,12.1,117,118,2021,snellto01
414,Ray Spalding,F,23,HOU,2,0,19,5.0,9.9,0.5,0.0,2.5,0.0,5.0,7.4,0.667,0.0,5.0,0.0,5.0,5.0,9.9,0.0,0.0,5.0,7.4,7.4,9.9,61,108,2021,spaldra01
415,Cassius Stanley,SG,21,IND,8,0,23,4.2,14.7,0.28600000000000003,2.1,4.2,0.5,2.1,10.5,0.2,8.4,10.5,0.8,4.2,2.1,6.3,0.0,0.0,4.2,2.1,14.7,18.9,103,113,2021,stanlca01
416,Lamar Stevens,PF,23,CLE,18,0,265,5.7,14.2,0.40299999999999997,0.4,2.8,0.133,5.4,11.5,0.46799999999999997,3.3,5.0,0.667,1.3,7.2,8.5,3.5,1.5,0.9,1.5,4.1,15.2,100,114,2021,stevela01
417,Isaiah Stewart,C,19,DET,25,2,451,6.2,11.5,0.5379999999999999,0.1,0.4,0.25,6.1,11.1,0.5489999999999999,2.3,3.3,0.7,6.9,7.7,14.6,1.7,1.3,2.6,2.1,7.5,14.8,119,111,2021,stewais01
418,Max Strus,SF,24,MIA,16,0,235,8.5,16.4,0.519,5.6,13.3,0.42200000000000004,2.9,3.1,0.9329999999999999,1.5,1.9,0.778,0.2,3.3,3.5,1.7,0.4,0.0,0.6,3.9,24.1,128,117,2021,strusma01
419,Edmond Sumner,SG,25,IND,16,4,150,7.7,15.4,0.5,1.6,5.1,0.313,6.1,10.3,0.594,2.9,4.5,0.643,1.9,4.8,6.8,2.6,2.6,0.3,3.2,5.5,19.9,103,111,2021,sumneed01
420,Jae'Sean Tate,SF,25,HOU,27,17,730,6.8,12.5,0.544,1.2,3.6,0.327,5.6,8.9,0.63,1.9,2.6,0.725,2.8,6.0,8.8,3.0,1.4,1.1,2.1,5.0,16.6,117,110,2021,tateja01
421,Jayson Tatum,SF,22,BOS,21,21,742,13.0,28.9,0.45,3.9,9.5,0.40700000000000003,9.1,19.4,0.47100000000000003,5.5,6.2,0.8740000000000001,0.8,9.0,9.8,6.2,1.7,0.6,3.2,2.6,35.4,113,111,2021,tatumja01
422,Jeff Teague,PG,32,BOS,23,3,388,5.3,16.1,0.32799999999999996,2.0,4.6,0.43200000000000005,3.3,11.4,0.28600000000000003,3.4,3.8,0.9,0.8,3.6,4.4,5.8,2.6,0.4,2.8,2.6,16.0,96,112,2021,teaguje01
423,Garrett Temple,SG,34,CHI,25,4,681,5.5,13.2,0.419,2.7,7.5,0.358,2.8,5.7,0.5,1.5,1.9,0.815,0.9,4.4,5.3,3.5,1.9,0.8,1.8,4.2,15.3,107,113,2021,templga01
424,Tyrell Terry,PG,20,DAL,11,0,56,4.3,13.9,0.313,0.0,6.1,0.0,4.3,7.8,0.556,0.9,2.6,0.33299999999999996,0.0,5.2,5.2,5.2,4.3,0.0,1.7,1.7,9.5,74,111,2021,terryty01
425,Daniel Theis,C,28,BOS,26,21,623,7.5,13.1,0.5710000000000001,1.8,4.5,0.397,5.7,8.6,0.664,2.2,3.2,0.6829999999999999,2.7,7.7,10.4,2.8,1.2,2.0,2.1,5.8,19.0,124,110,2021,theisda01
426,Brodric Thomas,SG,24,HOU,4,0,24,3.9,13.8,0.28600000000000003,2.0,11.8,0.16699999999999998,2.0,2.0,1.0,9.8,13.8,0.7140000000000001,2.0,5.9,7.9,7.9,2.0,2.0,7.9,9.8,19.6,89,107,2021,thomabr01
427,Matt Thomas,SG,26,TOR,13,0,78,6.8,16.6,0.40700000000000003,5.5,12.3,0.45,1.2,4.3,0.28600000000000003,2.5,2.5,1.0,0.6,4.3,4.9,3.7,1.2,0.0,2.5,3.1,21.5,114,116,2021,thomama02
428,Tristan Thompson,PF,29,BOS,24,19,531,6.0,12.3,0.485,0.0,0.1,0.0,6.0,12.2,0.489,2.6,4.4,0.583,6.2,11.8,18.1,1.9,0.6,0.8,1.9,4.7,14.5,113,111,2021,thomptr01
429,Sindarius Thornwell,SG,26,NOP,9,1,48,4.1,11.2,0.364,2.0,5.1,0.4,2.0,6.1,0.33299999999999996,0.0,2.0,0.0,1.0,2.0,3.0,2.0,4.1,0.0,1.0,3.0,10.2,91,113,2021,thornsi01
430,Matisse Thybulle,SG,23,PHI,25,0,430,3.3,8.9,0.37,1.5,5.6,0.275,1.8,3.3,0.5329999999999999,0.7,1.3,0.5,0.8,2.9,3.6,2.0,4.1,2.3,0.9,5.3,8.8,99,106,2021,thybuma01
431,Xavier Tillman Sr.,PF,22,MEM,17,6,364,7.9,14.7,0.541,0.9,2.9,0.318,7.0,11.8,0.596,1.6,2.1,0.75,3.3,7.3,10.6,3.7,2.1,1.6,1.5,5.9,18.4,122,109,2021,tillmxa01
432,Obi Toppin,PF,22,NYK,19,0,228,8.6,17.8,0.48100000000000004,2.2,7.7,0.28600000000000003,6.4,10.1,0.63,1.5,2.2,0.7,1.1,9.5,10.6,2.0,0.7,1.8,2.2,3.7,20.9,105,108,2021,toppiob01
433,Juan Toscano-Anderson,SG,27,GSW,15,9,328,5.8,10.5,0.5539999999999999,1.6,3.7,0.423,4.3,6.8,0.625,1.4,2.0,0.7140000000000001,1.7,8.8,10.5,4.3,1.1,1.4,2.4,4.7,14.6,116,109,2021,toscaju01
434,Karl-Anthony Towns,C,25,MIN,7,7,228,11.2,22.3,0.505,3.1,7.1,0.441,8.1,15.2,0.534,5.8,6.4,0.903,4.8,11.6,16.4,5.2,1.2,3.1,4.4,4.6,31.4,117,109,2021,townska01
435,Gary Trent Jr.,SG,22,POR,24,11,713,8.7,20.0,0.434,5.2,11.5,0.447,3.5,8.5,0.41600000000000004,1.7,2.2,0.758,0.9,2.6,3.5,2.1,1.1,0.3,1.1,2.3,24.2,117,120,2021,trentga02
436,P.J. Tucker,PF,35,HOU,26,26,780,2.5,6.8,0.375,1.5,4.4,0.32899999999999996,1.1,2.4,0.462,0.8,1.0,0.8240000000000001,1.6,5.7,7.3,2.2,1.3,0.8,1.6,4.8,7.4,100,110,2021,tuckepj01
437,Myles Turner,C,24,IND,26,26,812,7.3,14.6,0.5,2.3,7.0,0.331,5.0,7.6,0.6559999999999999,3.8,4.9,0.7709999999999999,2.0,8.4,10.4,1.6,1.7,5.3,2.1,5.6,20.7,115,105,2021,turnemy01
438,Jonas Valančiūnas,C,28,MEM,17,16,466,11.4,19.5,0.5820000000000001,0.8,2.1,0.4,10.5,17.4,0.604,5.6,7.3,0.7609999999999999,5.6,13.8,19.4,3.7,1.2,1.4,4.0,5.8,29.1,119,108,2021,valanjo01
439,Denzel Valentine,SG,27,CHI,22,3,436,7.8,19.1,0.40700000000000003,4.5,11.4,0.396,3.2,7.7,0.423,0.6,0.6,1.0,0.9,8.0,8.8,4.1,1.8,0.1,1.4,3.0,20.7,109,112,2021,valende01
440,Jarred Vanderbilt,PF,21,MIN,25,8,470,6.6,10.6,0.619,0.1,0.2,0.5,6.5,10.4,0.621,2.6,5.1,0.51,4.1,10.5,14.6,4.5,2.6,1.8,2.4,5.3,15.8,121,109,2021,vandeja01
441,Fred VanVleet,SG,26,TOR,27,27,981,8.9,21.6,0.41100000000000003,4.3,11.3,0.375,4.6,10.3,0.45,4.3,4.7,0.9059999999999999,0.9,4.6,5.6,8.7,2.2,0.9,2.6,2.9,26.3,116,112,2021,vanvlfr01
442,Devin Vassell,SF,20,SAS,26,1,451,5.3,13.3,0.397,2.6,6.7,0.397,2.6,6.7,0.397,1.9,2.2,0.857,1.7,7.1,8.8,3.0,3.1,1.0,1.3,3.4,15.1,108,107,2021,vassede01
443,Gabe Vincent,PG,24,MIA,17,5,281,6.9,19.6,0.354,2.9,12.1,0.243,4.0,7.5,0.535,2.6,2.9,0.882,0.5,3.1,3.6,4.5,1.2,0.2,3.1,5.9,19.4,89,115,2021,vincega01
444,Noah Vonleh,F,25,BRK,3,0,8,0.0,11.8,0.0,0.0,5.9,0.0,0.0,5.9,0.0,0.0,0.0,0.0,0.0,5.9,5.9,5.9,0.0,0.0,11.8,11.8,0.0,17,119,2021,vonleno01
445,Nikola Vučević,C,30,ORL,28,28,936,13.6,28.3,0.483,3.9,9.0,0.431,9.8,19.2,0.507,3.2,3.9,0.816,3.0,13.6,16.6,4.9,1.6,0.8,2.4,2.5,34.4,116,109,2021,vucevni01
446,Dean Wade,PF,24,CLE,23,0,192,4.3,12.5,0.34700000000000003,2.8,8.4,0.33299999999999996,1.5,4.1,0.375,1.0,1.3,0.8,2.0,5.4,7.4,2.6,1.3,0.5,2.6,4.1,12.5,94,116,2021,wadede01
447,Moritz Wagner,C,23,WAS,13,2,188,7.9,13.0,0.604,1.5,4.2,0.353,6.4,8.8,0.722,3.9,6.1,0.64,1.5,9.1,10.6,3.2,2.2,1.0,2.0,8.6,21.1,125,111,2021,wagnemo01
448,Kemba Walker,PG,30,BOS,12,12,333,9.7,26.6,0.363,4.5,12.7,0.35600000000000004,5.1,13.9,0.368,4.8,5.4,0.892,1.0,5.9,6.9,7.0,2.0,0.3,3.8,2.5,28.7,102,112,2021,walkeke02
449,Lonnie Walker,SG,22,SAS,25,22,666,7.2,17.8,0.406,2.8,7.9,0.355,4.4,9.9,0.446,2.0,2.5,0.8,0.4,4.9,5.2,3.0,0.9,0.6,1.9,3.8,19.3,98,113,2021,walkelo01
450,John Wall,PG,30,HOU,18,18,555,11.0,25.1,0.439,3.1,8.7,0.359,7.9,16.4,0.48200000000000004,5.4,7.2,0.741,0.8,4.8,5.7,9.5,1.4,1.0,5.0,2.0,30.6,104,110,2021,walljo01
451,Brad Wanamaker,PG,31,GSW,28,0,455,4.0,11.7,0.342,1.0,4.5,0.22699999999999998,3.0,7.2,0.414,3.6,4.1,0.875,0.6,4.4,5.0,7.6,2.2,0.4,2.4,4.3,12.6,103,110,2021,wanambr01
452,T.J. Warren,SF,27,IND,4,4,117,11.1,21.0,0.529,0.0,2.9,0.0,11.1,18.1,0.614,3.3,4.1,0.8,0.8,4.9,5.8,2.1,0.8,0.0,1.6,6.6,25.6,107,115,2021,warretj01
453,P.J. Washington,PF,22,CHO,24,24,691,6.8,16.2,0.42,1.8,5.5,0.32899999999999996,5.0,10.6,0.467,3.4,4.5,0.738,2.8,8.2,11.0,5.1,1.5,2.2,3.4,4.5,18.7,103,110,2021,washipj01
454,Yuta Watanabe,SF,26,TOR,18,0,223,3.9,11.0,0.353,2.6,6.0,0.429,1.3,4.9,0.261,1.7,1.7,1.0,3.4,9.2,12.7,1.5,1.9,2.4,1.7,4.1,12.0,107,109,2021,watanyu01
455,Tremont Waters,PG,23,BOS,9,1,90,3.3,14.6,0.222,1.6,6.5,0.25,1.6,8.1,0.2,3.8,4.3,0.875,1.1,3.3,4.3,13.5,2.7,0.0,7.0,3.3,11.9,82,112,2021,watertr01
456,Paul Watson,SF,26,TOR,13,0,42,10.3,16.0,0.643,9.1,12.6,0.727,1.1,3.4,0.33299999999999996,0.0,0.0,0.0,1.1,9.1,10.3,2.3,0.0,2.3,1.1,8.0,29.7,159,113,2021,watsopa01
457,Quinndary Weatherspoon,SG,24,SAS,5,0,24,2.0,9.9,0.2,0.0,2.0,0.0,2.0,7.9,0.25,4.0,4.0,1.0,0.0,4.0,4.0,6.0,2.0,0.0,11.9,13.9,7.9,46,111,2021,weathqu01
458,Russell Westbrook,PG,32,WAS,18,18,591,10.4,25.4,0.409,1.8,5.9,0.303,8.6,19.5,0.442,4.5,7.1,0.637,2.3,10.6,13.0,13.2,1.1,0.5,6.7,3.8,27.1,96,114,2021,westbru01
459,Coby White,PG,20,CHI,26,26,880,7.9,19.3,0.406,3.4,9.5,0.35600000000000004,4.5,9.9,0.45399999999999996,2.7,3.1,0.879,0.5,6.0,6.5,7.6,0.5,0.2,3.4,3.4,21.8,105,116,2021,whiteco01
460,Derrick White,SG,26,SAS,8,4,189,8.6,21.7,0.395,3.8,11.1,0.341,4.8,10.6,0.452,2.8,3.8,0.733,0.3,3.3,3.5,7.8,2.0,2.0,1.8,4.5,23.7,107,110,2021,whitede01
461,Hassan Whiteside,C,31,SAC,20,0,296,11.3,18.3,0.619,0.0,0.2,0.0,11.3,18.1,0.625,4.4,8.3,0.529,5.0,13.3,18.3,1.5,1.0,4.4,3.1,5.7,27.0,115,112,2021,whiteha01
462,Andrew Wiggins,PF,25,GSW,28,28,896,9.7,20.8,0.466,2.7,7.3,0.369,7.0,13.5,0.519,3.3,5.0,0.667,1.4,5.3,6.8,3.2,1.0,2.0,2.4,3.5,25.4,105,111,2021,wiggian01
463,Grant Williams,PF,22,BOS,23,6,440,4.9,10.6,0.45799999999999996,2.4,5.7,0.431,2.4,5.0,0.489,1.7,3.2,0.517,2.7,5.3,8.0,2.2,1.2,1.1,2.4,7.6,13.9,108,113,2021,willigr01
464,Kenrich Williams,PF,26,OKC,26,5,468,6.4,11.9,0.534,1.4,3.3,0.424,5.0,8.6,0.5760000000000001,1.2,1.9,0.632,3.8,6.0,9.8,4.5,1.9,0.5,2.2,4.2,15.4,119,111,2021,willike04
465,Lou Williams,PG,34,LAC,27,2,590,9.8,22.8,0.429,2.4,6.3,0.382,7.3,16.4,0.447,5.6,6.5,0.8590000000000001,0.8,4.3,5.2,8.7,1.8,0.3,3.2,2.3,27.5,113,113,2021,willilo02
466,Patrick Williams,PF,19,CHI,25,25,690,6.2,13.9,0.446,1.5,3.8,0.39299999999999996,4.7,10.1,0.466,2.9,3.7,0.7959999999999999,1.5,6.3,7.8,1.8,1.2,1.2,2.7,3.8,16.8,100,113,2021,willipa01
467,Robert Williams,C,23,BOS,19,0,278,8.4,11.9,0.706,0.0,0.2,0.0,8.4,11.8,0.716,2.8,3.9,0.727,7.4,10.2,17.5,2.3,3.0,3.9,3.7,5.3,19.6,128,103,2021,williro04
468,Zion Williamson,PF,20,NOP,25,25,818,14.0,23.1,0.607,0.2,0.8,0.308,13.8,22.3,0.618,8.0,11.3,0.711,3.7,6.4,10.1,4.3,1.4,1.1,3.5,3.9,36.3,125,116,2021,willizi01
469,D.J. Wilson,PF,24,MIL,10,0,94,7.0,18.6,0.37799999999999995,4.0,11.6,0.348,3.0,7.0,0.429,0.5,1.0,0.5,1.5,9.5,11.0,1.5,0.5,1.5,2.0,6.0,18.6,96,112,2021,wilsodj01
470,Dylan Windler,SF,24,CLE,15,0,262,5.8,12.2,0.47700000000000004,2.4,7.9,0.31,3.4,4.3,0.7829999999999999,2.8,3.2,0.882,2.1,8.4,10.5,3.4,1.7,1.5,2.8,3.6,16.8,114,112,2021,windldy01
471,Cassius Winston,PG,22,WAS,6,0,44,4.2,10.5,0.4,3.2,7.4,0.429,1.1,3.2,0.33299999999999996,2.1,2.1,1.0,0.0,4.2,4.2,6.3,0.0,1.1,1.1,4.2,13.7,127,119,2021,winstca01
472,James Wiseman,C,19,GSW,20,16,419,10.9,21.7,0.503,1.0,2.4,0.409,9.9,19.2,0.514,4.2,6.8,0.623,3.3,10.2,13.5,1.6,0.9,2.9,3.6,7.0,27.0,100,107,2021,wisemja01
473,Christian Wood,C,25,HOU,17,17,530,13.3,23.8,0.5579999999999999,2.8,6.8,0.42100000000000004,10.4,17.0,0.613,3.9,5.7,0.688,2.8,12.7,15.5,2.0,1.4,2.3,2.8,2.8,33.3,116,104,2021,woodch01
474,Robert Woodard,SF,21,SAC,6,0,17,16.9,31.0,0.545,2.8,8.5,0.33299999999999996,14.1,22.6,0.625,0.0,5.6,0.0,8.5,14.1,22.6,0.0,0.0,0.0,2.8,0.0,36.7,103,119,2021,woodaro01
475,Delon Wright,SG,28,DET,27,22,785,6.2,13.7,0.452,1.5,4.1,0.364,4.7,9.6,0.49,3.8,4.8,0.779,2.0,5.9,7.9,8.3,2.3,0.9,2.0,1.8,17.6,122,112,2021,wrighde01
476,Thaddeus Young,PF,32,CHI,22,0,568,9.4,15.8,0.597,0.4,1.7,0.25,9.0,14.1,0.637,1.3,2.5,0.5329999999999999,4.3,6.0,10.3,7.8,2.5,0.8,3.6,5.0,20.6,119,111,2021,youngth01
477,Trae Young,PG,22,ATL,25,25,866,10.2,24.6,0.41700000000000004,3.1,8.4,0.364,7.2,16.1,0.444,12.7,14.4,0.883,1.0,4.4,5.4,13.0,1.0,0.4,5.8,2.9,36.3,117,116,2021,youngtr01
478,Cody Zeller,C,28,CHO,15,12,361,8.4,16.1,0.525,0.4,2.1,0.188,8.0,13.9,0.5770000000000001,2.9,3.9,0.759,5.2,10.8,16.1,5.0,1.3,1.2,1.9,5.0,20.2,123,110,2021,zelleco01
479,Ivica Zubac,C,23,LAC,29,1,564,7.9,11.9,0.669,0.0,0.1,0.0,7.9,11.8,0.674,5.2,6.2,0.845,5.8,10.7,16.5,2.6,1.0,2.1,2.5,6.5,21.1,140,109,2021,zubaciv01
