,Rk,Player,Pos,Age,Tm,G,GS,MP,FG,FGA,FGPc,_3P,_3PA,_3PTPc,_2P,_2PA,_2PTPc,FT,FTA,FTPc,ORB,DRB,TRB,AST,STL,BLK,TOV,PF,PTS,Unnamed: 29,ORtg,DRtg,Season
0,1,Kareem Abdul-Jabbar*,C,40,LAL,80,80,2308,10.1,19.0,.532,0.0,0.0,.000,10.1,18.9,.532,4.3,5.6,.762,2.5,7.6,10.0,2.8,1.0,1.9,3.3,4.5,24.4,,109,107,1988
1,2,Mark Acres,C,25,BOS,79,5,1151,4.6,8.6,.532,0.0,0.0,,4.6,8.6,.532,3.0,4.7,.640,4.5,7.0,11.5,1.8,1.2,1.1,2.3,8.4,12.2,,113,109,1988
2,3,Alvan Adams,C,33,PHO,82,25,1646,7.2,14.6,.496,0.0,0.1,.500,7.2,14.5,.496,3.1,3.7,.844,3.4,7.1,10.5,5.3,2.4,1.2,4.0,7.1,17.6,,103,109,1988
3,4,Michael Adams,PG,25,DEN,82,75,2778,6.8,15.2,.449,2.3,6.2,.367,4.5,9.0,.505,2.7,3.3,.834,0.7,3.0,3.7,8.2,2.8,0.3,2.4,2.3,18.6,,115,107,1988
4,5,Mark Aguirre,SF,28,DAL,77,77,2610,14.1,29.8,.475,1.0,3.3,.302,13.2,26.5,.496,7.4,9.6,.770,3.5,4.8,8.2,5.3,1.3,1.1,3.8,4.2,36.6,,113,109,1988
5,6,Danny Ainge,SG,28,BOS,81,81,3018,7.8,15.9,.491,2.4,5.8,.415,5.4,10.1,.534,2.6,2.9,.878,1.0,3.1,4.0,8.2,1.9,0.3,2.5,3.3,20.6,,121,112,1988
6,7,Mark Alarie,PF,24,WSB,63,0,769,9.2,19.1,.480,0.3,1.1,.222,8.9,17.9,.496,2.2,3.1,.714,4.5,5.7,10.2,2.5,0.6,0.8,3.2,6.8,20.8,,103,110,1988
7,8,Steve Alford,PG,23,DAL,28,0,197,5.3,13.8,.382,0.3,2.0,.125,5.0,11.8,.426,4.0,4.3,.941,0.8,5.0,5.8,5.8,4.3,0.8,3.0,5.8,14.8,,101,103,1988
8,9,Greg Anderson,PF,23,SAS,82,45,1984,8.8,17.5,.501,0.0,0.1,.200,8.8,17.4,.503,4.6,7.6,.604,3.7,8.2,11.9,1.8,1.3,2.8,3.3,5.3,22.2,,103,110,1988
9,10,Richard Anderson,PF,27,TOT,74,3,1350,5.9,15.1,.390,1.6,5.2,.320,4.2,9.9,.426,2.0,2.6,.753,3.1,7.3,10.4,3.8,1.8,0.5,2.1,4.7,15.4,,105,107,1988
10,10,Richard Anderson,PF,27,HOU,12,0,53,9.8,23.1,.423,5.3,13.3,.400,4.4,9.8,.455,3.6,4.4,.800,8.0,7.1,15.1,3.6,0.9,0.0,0.9,3.6,28.5,,132,108,1988
11,10,Richard Anderson,PF,27,POR,62,3,1297,5.7,14.8,.387,1.5,4.8,.311,4.2,9.9,.424,1.9,2.6,.750,2.9,7.3,10.2,3.9,1.8,0.6,2.1,4.8,14.9,,103,107,1988
12,11,Ron Anderson,SF,29,IND,74,1,1097,9.7,19.5,.498,0.0,0.1,.000,9.7,19.4,.500,4.8,6.3,.766,4.0,5.7,9.6,3.5,1.8,0.3,3.3,4.4,24.2,,108,108,1988
13,12,Joe Arlauckas,SF,22,SAC,9,0,85,7.8,24.1,.326,0.0,0.0,,7.8,24.1,.326,3.4,4.5,.750,3.4,3.9,7.3,4.5,1.7,2.2,2.2,9.0,19.0,,88,112,1988
14,13,Vincent Askew,SG,21,PHI,14,2,234,4.7,15.8,.297,0.0,0.0,,4.7,15.8,.297,1.7,2.3,.727,1.3,3.4,4.7,7.0,2.1,1.3,2.6,2.6,11.1,,83,111,1988
15,14,John Bagley,PG,27,NJN,82,74,2774,6.9,15.7,.439,0.8,2.8,.292,6.1,12.9,.471,2.6,3.2,.822,1.1,3.4,4.5,8.4,1.9,0.2,3.5,2.8,17.2,,102,111,1988
16,15,James Bailey,PF,30,PHO,65,0,869,5.9,13.2,.452,0.0,0.2,.000,5.9,12.9,.460,3.8,4.9,.787,4.0,7.5,11.5,2.3,0.9,1.5,3.8,9.8,15.7,,97,111,1988
17,16,Thurl Bailey,SF,26,UTA,82,10,2804,10.7,21.7,.492,0.0,0.1,.333,10.7,21.6,.493,5.7,6.9,.826,2.3,6.7,9.0,2.7,0.8,2.1,3.2,3.1,27.0,,106,104,1988
18,17,Charles Barkley*,PF,24,PHI,80,80,3170,11.9,20.2,.587,0.7,2.5,.280,11.2,17.8,.630,11.3,15.0,.751,6.1,8.9,15.0,4.0,1.6,1.6,4.8,4.4,35.7,,126,108,1988
19,18,John Battle,SG,25,ATL,67,1,1227,11.3,24.9,.454,0.6,1.7,.390,10.6,23.2,.458,5.7,7.6,.750,1.1,3.5,4.6,6.4,1.3,0.2,3.0,3.4,28.9,,108,111,1988
20,19,William Bedford,C,24,DET,38,0,298,7.2,16.5,.436,0.0,0.0,,7.2,16.5,.436,2.1,3.8,.565,4.4,6.2,10.6,0.7,1.3,2.8,3.1,7.7,16.5,,92,104,1988
21,20,Benoit Benjamin,C,23,LAC,66,59,2171,7.5,15.2,.491,0.0,0.2,.000,7.5,15.0,.496,3.9,5.6,.706,2.5,9.2,11.6,3.8,1.1,4.9,4.9,4.5,18.9,,94,103,1988
22,Rk,Player,Pos,Age,Tm,G,GS,MP,FG,FGA,FG%,3P,3PA,3P%,2P,2PA,2P%,FT,FTA,FT%,ORB,DRB,TRB,AST,STL,BLK,TOV,PF,PTS,,ORtg,DRtg,1988
23,21,Kent Benson,C,33,CLE,2,0,12,8.2,8.2,1.000,0.0,0.0,,8.2,8.2,1.000,4.1,8.2,.500,0.0,4.1,4.1,0.0,4.1,4.1,8.2,8.2,20.5,,82,100,1988
24,22,Walter Berry,SF,23,SAS,73,56,1922,12.9,23.0,.563,0.0,0.0,,12.9,23.0,.563,4.6,7.7,.600,4.2,5.2,9.5,2.6,1.3,1.5,3.9,5.0,30.4,,109,113,1988
25,23,Larry Bird*,SF,31,BOS,76,75,2965,14.6,27.6,.527,1.6,3.9,.414,12.9,23.7,.546,6.9,7.5,.916,1.8,9.8,11.6,7.7,2.1,0.9,3.5,2.6,37.6,,121,106,1988
26,24,Otis Birdsong,SG,32,NJN,67,59,1882,8.7,19.0,.458,0.2,0.6,.360,8.5,18.4,.461,1.2,2.4,.511,1.9,2.4,4.3,5.7,1.4,0.3,3.3,3.7,18.9,,95,113,1988
27,25,Uwe Blab,C,25,DAL,73,1,658,4.4,9.9,.439,0.0,0.0,,4.4,9.9,.439,3.5,4.9,.708,3.9,6.2,10.1,2.6,0.6,2.2,3.7,8.1,12.2,,97,109,1988
28,26,Rolando Blackman,SG,28,DAL,71,69,2580,9.5,20.1,.473,0.0,0.1,.000,9.5,20.0,.476,6.3,7.3,.873,1.6,3.1,4.7,5.0,1.2,0.3,2.8,2.1,25.4,,115,111,1988
29,27,Nate Blackwell,PG,22,SAS,10,0,112,6.2,16.8,.366,0.8,4.5,.182,5.3,12.3,.433,2.1,2.5,.833,0.8,1.6,2.5,7.4,1.2,0.0,3.3,6.6,15.2,,92,117,1988
30,28,Muggsy Bogues,PG,23,WSB,79,14,1628,5.0,12.8,.390,0.1,0.5,.188,4.9,12.3,.398,1.7,2.2,.784,1.1,3.0,4.1,12.1,3.8,0.1,3.0,4.1,11.8,,101,106,1988
31,29,Manute Bol,C,25,WSB,77,4,1136,3.2,7.1,.455,0.0,0.0,.000,3.2,7.1,.457,1.1,2.1,.531,3.1,8.7,11.8,0.6,0.5,9.0,1.5,6.9,7.6,,98,101,1988
32,30,Dudley Bradley,SG,30,TOT,65,15,1437,5.3,12.4,.427,1.3,3.5,.363,4.0,8.9,.452,2.5,3.3,.763,0.8,3.5,4.3,5.1,3.9,1.5,3.0,5.8,14.3,,100,106,1988
33,30,Dudley Bradley,SG,30,MIL,2,0,5,0.0,9.8,.000,0.0,9.8,.000,0.0,0.0,,0.0,0.0,,0.0,9.8,9.8,9.8,0.0,0.0,0.0,19.7,0.0,,52,108,1988
34,30,Dudley Bradley,SG,30,NJN,63,15,1432,5.3,12.4,.429,1.3,3.4,.366,4.0,8.9,.452,2.5,3.3,.763,0.9,3.4,4.3,5.1,3.9,1.5,3.0,5.8,14.4,,100,106,1988
35,31,Adrian Branch,SF,24,NJN,20,3,308,8.9,21.2,.418,0.2,0.8,.200,8.7,20.4,.426,3.2,3.6,.870,3.2,4.4,7.6,2.5,2.5,1.7,4.6,6.5,21.0,,89,108,1988
36,32,Randy Breuer,C,27,MIL,81,73,2258,8.5,17.2,.495,0.0,0.0,,8.5,17.2,.495,4.1,6.2,.657,4.2,7.8,12.0,2.2,1.0,2.3,2.3,4.3,21.1,,109,106,1988
37,33,Frank Brickowski,C,28,SAS,70,68,2227,8.8,16.6,.528,0.0,0.1,.200,8.8,16.5,.530,5.5,7.2,.768,3.4,6.5,10.0,5.5,1.5,0.7,4.3,5.7,23.1,,110,113,1988
38,34,Michael Brooks,SF,29,DEN,16,0,133,6.8,16.8,.408,0.0,0.0,,6.8,16.8,.408,1.0,1.4,.750,6.5,8.6,15.1,4.4,1.4,0.3,4.1,7.2,14.7,,91,106,1988
39,35,Mike Brown,C,24,CHI,46,27,591,6.6,14.8,.448,0.0,0.1,.000,6.6,14.7,.451,3.5,6.0,.577,5.6,7.9,13.5,2.4,0.9,0.3,3.2,7.2,16.8,,100,107,1988
40,36,Steve Burtt,SG,25,LAC,19,0,312,9.5,21.1,.449,0.0,0.6,.000,9.5,20.4,.463,7.2,10.5,.681,0.9,3.2,4.1,5.8,1.5,0.8,6.1,8.5,26.1,,92,110,1988
41,37,Michael Cage,PF,26,LAC,72,70,2660,6.4,13.7,.470,0.0,0.0,.000,6.4,13.7,.471,5.8,8.5,.688,6.6,10.1,16.8,2.0,1.6,1.0,2.9,3.5,18.7,,109,105,1988
42,38,Tony Campbell,SF,25,LAL,13,1,242,11.4,20.2,.564,0.2,0.6,.333,11.2,19.6,.571,5.6,7.8,.718,1.6,3.8,5.4,3.0,2.2,0.4,5.2,8.2,28.6,,104,108,1988
43,39,Rick Carlisle,SG,28,NYK,26,0,204,6.9,15.9,.433,1.4,4.0,.353,5.5,11.9,.460,2.4,2.6,.909,1.4,1.7,3.1,7.6,2.6,1.0,5.2,9.3,17.6,,97,108,1988
44,40,Antoine Carr,PF,26,ATL,80,2,1483,9.4,17.4,.544,0.0,0.1,.250,9.4,17.2,.546,4.8,6.1,.780,3.2,6.5,9.7,3.5,1.3,2.8,3.9,9.1,23.7,,110,106,1988
45,Rk,Player,Pos,Age,Tm,G,GS,MP,FG,FGA,FG%,3P,3PA,3P%,2P,2PA,2P%,FT,FTA,FT%,ORB,DRB,TRB,AST,STL,BLK,TOV,PF,PTS,,ORtg,DRtg,1988
46,41,Joe Barry Carroll,C,29,TOT,77,30,2004,9.5,21.8,.435,0.0,0.0,.000,9.5,21.7,.436,4.0,5.3,.764,3.1,8.4,11.5,2.7,1.2,2.5,3.9,4.6,23.0,,95,105,1988
47,41,Joe Barry Carroll,C,29,GSW,14,14,408,9.1,24.2,.378,0.0,0.1,.000,9.1,24.1,.380,6.8,8.6,.797,2.4,8.3,10.8,2.2,1.5,2.9,5.0,5.3,25.1,,88,109,1988
48,41,Joe Barry Carroll,C,29,HOU,63,16,1596,9.5,21.1,.452,0.0,0.0,.000,9.5,21.1,.452,3.3,4.5,.748,3.3,8.5,11.7,2.8,1.1,2.4,3.6,4.4,22.4,,98,104,1988
49,42,Bill Cartwright,C,30,NYK,82,4,1676,8.3,15.3,.544,0.0,0.0,,8.3,15.3,.544,9.8,12.3,.798,3.7,7.4,11.1,2.5,1.2,1.2,3.9,6.8,26.4,,120,106,1988
50,43,Terry Catledge,PF,24,WSB,70,40,1610,9.0,17.8,.506,0.0,0.1,.000,9.0,17.7,.508,4.7,7.1,.655,5.5,6.6,12.1,1.9,1.0,0.3,3.1,5.2,22.7,,109,109,1988
51,44,Tom Chambers,PF,28,SEA,82,82,2680,10.9,24.4,.448,0.6,1.9,.303,10.3,22.4,.461,7.5,9.3,.807,2.4,6.3,8.8,3.8,1.6,0.9,3.7,5.3,29.9,,108,108,1988
52,45,Maurice Cheeks*,PG,31,PHI,79,79,2871,7.5,15.1,.495,0.1,0.4,.136,7.4,14.7,.504,4.0,4.8,.825,1.0,3.4,4.4,11.1,2.9,0.4,2.8,2.0,18.9,,119,110,1988
53,46,Ben Coleman,PF,26,TOT,70,24,1498,7.5,14.9,.499,0.0,0.1,.000,7.5,14.8,.502,4.7,6.1,.762,3.8,7.7,11.5,2.0,1.4,1.4,4.2,7.6,19.6,,102,109,1988
54,46,Ben Coleman,PF,26,NJN,27,10,657,8.6,17.8,.483,0.0,0.1,.000,8.6,17.6,.487,4.8,6.2,.774,4.3,8.5,12.8,2.9,2.1,1.2,5.3,8.2,22.0,,97,107,1988
55,46,Ben Coleman,PF,26,PHI,43,14,841,6.5,12.7,.516,0.0,0.1,.000,6.5,12.6,.519,4.5,6.0,.752,3.4,7.1,10.5,1.4,0.9,1.5,3.3,7.1,17.6,,107,111,1988
56,47,Norris Coleman,SF,26,LAC,29,11,431,7.3,21.1,.346,0.1,0.2,.500,7.2,20.9,.344,2.2,4.0,.556,4.0,5.0,8.9,1.4,1.2,0.7,1.8,5.6,16.9,,84,110,1988
57,48,Steve Colter,PG,25,TOT,68,53,1513,6.6,14.3,.460,0.1,0.3,.300,6.5,14.0,.464,2.4,3.1,.789,1.9,3.7,5.6,8.5,2.0,0.5,2.9,4.3,15.7,,107,109,1988
58,48,Steve Colter,PG,25,PHI,12,0,152,4.9,13.2,.375,0.0,0.0,,4.9,13.2,.375,2.3,3.0,.778,2.3,3.6,5.9,8.6,2.0,0.0,3.6,6.6,12.2,,95,112,1988
59,48,Steve Colter,PG,25,WSB,56,53,1361,6.8,14.4,.469,0.1,0.4,.300,6.7,14.1,.473,2.4,3.1,.791,1.8,3.7,5.6,8.4,2.0,0.5,2.8,4.0,16.1,,109,109,1988
60,49,Dallas Comegys,PF,23,NJN,75,17,1122,6.8,15.8,.430,0.0,0.0,.000,6.8,15.7,.431,4.6,6.5,.707,2.3,7.1,9.5,2.8,1.6,3.0,5.0,7.6,18.1,,88,107,1988
61,50,Lester Conner,PG,28,HOU,52,3,399,5.9,12.8,.463,0.0,0.8,.000,5.9,11.9,.495,3.8,4.8,.780,2.4,2.1,4.5,7.0,4.5,0.1,3.9,3.7,15.6,,103,104,1988
62,51,Jeff Cook,PF,31,PHO,33,0,359,1.8,7.8,.237,0.0,0.1,.000,1.8,7.7,.241,3.0,3.7,.821,4.9,9.1,14.0,1.8,1.2,1.1,1.8,8.5,6.7,,92,110,1988
63,52,Michael Cooper,SG,31,LAL,61,8,1793,5.1,13.0,.392,1.5,4.8,.320,3.6,8.2,.434,2.6,3.1,.858,1.4,4.8,6.2,7.8,1.8,0.7,2.7,3.7,14.4,,107,108,1988
64,53,Wayne Cooper,C,31,DEN,45,32,865,6.2,14.2,.437,0.0,0.1,.000,6.2,14.2,.439,2.6,3.5,.746,5.2,9.0,14.2,1.6,0.6,4.9,3.1,7.6,15.0,,97,103,1988
65,54,Tyrone Corbin,SF,25,TOT,84,5,1739,7.2,14.7,.490,0.0,0.2,.167,7.2,14.5,.493,3.1,3.9,.797,3.6,6.2,9.8,3.2,2.0,0.5,2.9,5.1,17.5,,106,108,1988
66,54,Tyrone Corbin,SF,25,CLE,54,4,1148,6.8,13.8,.491,0.0,0.1,.000,6.8,13.7,.495,3.3,4.2,.786,3.4,6.1,9.4,2.4,1.8,0.6,2.8,5.5,16.9,,105,106,1988
67,54,Tyrone Corbin,SF,25,PHO,30,1,591,7.9,16.3,.488,0.1,0.2,.333,7.9,16.0,.490,2.6,3.2,.825,3.9,6.6,10.4,4.7,2.4,0.2,3.0,4.3,18.6,,106,110,1988
68,55,Dave Corzine,C,31,CHI,80,32,2328,7.4,15.4,.481,0.0,0.2,.111,7.4,15.2,.486,2.5,3.3,.752,3.7,7.7,11.4,3.3,0.8,2.1,2.4,3.2,17.4,,108,106,1988
69,56,Winston Crite,SF,22,PHO,29,0,258,6.2,12.5,.500,0.0,0.0,,6.2,12.5,.500,3.5,4.6,.760,5.0,6.8,11.8,2.8,0.9,1.5,4.6,7.7,16.0,,98,111,1988
70,57,Pat Cummings,PF,31,NYK,62,9,946,7.2,15.7,.456,0.0,0.1,.000,7.2,15.7,.458,3.0,4.1,.738,4.2,7.8,12.0,1.9,1.0,0.5,3.3,7.3,17.4,,99,107,1988
71,58,Terry Cummings,PF,26,MIL,76,76,2629,12.6,26.1,.485,0.0,0.1,.333,12.6,26.0,.485,5.1,7.6,.665,3.4,6.9,10.3,3.4,1.5,0.9,3.2,5.1,30.3,,105,107,1988
72,59,Earl Cureton,PF,30,LAC,69,11,1128,5.6,13.1,.429,0.0,0.1,.000,5.6,13.0,.433,1.4,2.7,.524,4.1,7.3,11.4,2.7,1.4,1.5,2.4,5.7,12.6,,93,107,1988
73,60,Dell Curry,SG,23,CLE,79,8,1499,11.2,24.4,.458,0.9,2.7,.346,10.3,21.7,.472,2.6,3.3,.782,1.4,4.0,5.5,4.9,3.1,0.7,3.6,4.2,25.9,,99,105,1988
74,Rk,Player,Pos,Age,Tm,G,GS,MP,FG,FGA,FG%,3P,3PA,3P%,2P,2PA,2P%,FT,FTA,FT%,ORB,DRB,TRB,AST,STL,BLK,TOV,PF,PTS,,ORtg,DRtg,1988
75,61,Quintin Dailey,SG,27,LAC,67,7,1282,12.2,28.0,.434,0.1,0.4,.167,12.1,27.6,.439,9.0,11.6,.776,2.3,3.4,5.7,4.0,2.6,0.1,4.6,4.8,33.5,,100,109,1988
76,62,Adrian Dantley*,SF,32,DET,69,50,2144,10.1,19.6,.514,0.0,0.0,.000,10.1,19.6,.516,11.2,13.0,.860,1.9,3.3,5.2,3.9,0.9,0.2,3.1,3.3,31.4,,124,109,1988
77,63,Brad Daugherty,C,22,CLE,79,78,2957,9.2,18.0,.510,0.0,0.0,.000,9.2,18.0,.511,6.3,8.8,.716,2.5,8.6,11.1,5.6,0.8,0.9,4.5,3.9,24.7,,107,107,1988
78,64,Brad Davis,PG,32,DAL,75,12,1480,7.0,13.9,.501,1.0,2.5,.405,6.0,11.4,.522,3.0,3.6,.843,0.6,2.8,3.4,10.1,1.7,0.6,3.0,5.0,18.0,,119,110,1988
79,65,Charles Davis,SF,29,TOT,21,0,226,9.9,23.7,.417,0.2,3.5,.059,9.7,20.2,.480,1.4,2.1,.700,3.3,5.1,8.4,4.1,0.4,0.8,3.7,6.0,21.4,,90,115,1988
80,65,Charles Davis,SF,29,MIL,5,0,39,7.6,22.7,.333,0.0,2.5,.000,7.6,20.2,.375,0.0,0.0,,1.3,2.5,3.8,3.8,2.5,1.3,6.3,5.0,15.1,,63,108,1988
81,65,Charles Davis,SF,29,SAS,16,0,187,10.3,23.9,.433,0.2,3.7,.067,10.1,20.2,.500,1.7,2.5,.700,3.7,5.7,9.3,4.2,0.0,0.7,3.2,6.1,22.6,,96,116,1988
82,66,Walter Davis,SF,33,PHO,68,48,1951,11.9,25.1,.473,0.9,2.3,.375,11.0,22.7,.483,5.0,5.6,.887,0.8,3.1,3.9,6.8,2.1,0.1,3.1,3.2,29.6,,110,113,1988
83,67,Darryl Dawkins,C,31,TOT,6,0,33,2.9,13.0,.222,0.0,0.0,,2.9,13.0,.222,8.7,21.6,.400,2.9,4.3,7.2,2.9,0.0,2.9,10.1,20.2,14.4,,55,106,1988
84,67,Darryl Dawkins,C,31,UTA,4,0,26,1.8,12.7,.143,0.0,0.0,,1.8,12.7,.143,7.3,21.8,.333,3.6,5.5,9.1,1.8,0.0,1.8,7.3,18.2,10.9,,50,107,1988
85,67,Darryl Dawkins,C,31,DET,2,0,7,7.0,13.9,.500,0.0,0.0,,7.0,13.9,.500,13.9,20.9,.667,0.0,0.0,0.0,7.0,0.0,7.0,20.9,27.9,27.9,,68,106,1988
86,68,Johnny Dawkins,PG,24,SAS,65,61,2179,8.5,17.6,.485,0.4,1.3,.311,8.1,16.3,.499,4.2,4.7,.896,1.4,2.9,4.3,10.1,1.9,0.0,3.3,2.0,21.7,,114,115,1988
87,69,Darren Daye,SF,27,BOS,47,8,655,8.4,16.2,.516,0.0,0.1,.000,8.4,16.2,.519,4.4,6.5,.678,2.2,3.4,5.7,5.3,2.2,0.3,3.3,5.1,21.2,,108,111,1988
88,70,James Donaldson,C,30,DAL,81,81,2523,4.2,7.5,.558,0.0,0.0,,4.2,7.5,.558,2.9,3.7,.778,4.8,10.0,14.8,1.3,0.8,2.0,2.2,3.4,11.2,,119,106,1988
89,71,Billy Donovan,PG,22,NYK,44,0,364,5.9,14.5,.404,0.0,0.9,.000,5.9,13.6,.431,2.3,2.8,.810,0.7,2.7,3.3,11.6,2.1,0.1,5.6,4.4,14.0,,90,109,1988
90,72,Greg Dreiling,C,25,IND,20,0,74,5.3,11.3,.471,0.0,0.0,,5.3,11.3,.471,11.9,17.2,.692,2.0,9.3,11.3,3.3,1.3,2.6,7.3,12.6,22.5,,95,104,1988
91,73,Larry Drew,PG,29,LAC,74,51,2024,7.7,16.9,.456,0.6,2.1,.289,7.1,14.8,.479,2.0,2.5,.769,0.5,2.3,2.8,9.0,1.5,0.0,3.6,2.7,18.0,,100,112,1988
92,74,Clyde Drexler*,SG,25,POR,81,80,3060,12.9,25.4,.506,0.2,0.8,.212,12.7,24.6,.515,7.2,8.9,.811,4.0,4.1,8.1,7.1,3.1,0.8,3.6,3.8,33.1,,118,106,1988
93,75,Kevin Duckworth,C,23,POR,78,50,2223,9.4,18.9,.496,0.0,0.0,,9.4,18.9,.496,6.9,9.0,.770,4.7,7.3,12.0,1.4,0.6,0.7,3.7,5.8,25.7,,110,109,1988
94,76,Chris Dudley,C,22,CLE,55,1,513,6.2,13.2,.474,0.0,0.0,,6.2,13.2,.474,3.8,6.8,.563,7.1,6.7,13.8,2.2,1.2,1.8,3.0,8.4,16.3,,106,106,1988
95,77,Joe Dumars*,SG,24,DET,82,82,2732,8.1,17.2,.472,0.1,0.3,.211,8.0,16.8,.477,4.5,5.5,.815,1.1,2.4,3.6,6.9,1.6,0.3,3.1,2.8,20.7,,109,108,1988
96,78,T.R. Dunn,SG,32,DEN,82,1,1534,2.1,4.6,.449,0.0,0.0,.000,2.1,4.6,.452,1.2,1.5,.769,3.3,3.9,7.1,2.6,3.0,0.3,0.8,4.5,5.3,,121,106,1988
97,79,Mark Eaton,C,31,UTA,82,82,2731,3.9,9.4,.418,0.0,0.0,,3.9,9.4,.418,2.1,3.3,.623,4.0,8.4,12.4,1.0,0.7,5.3,2.3,5.5,9.9,,94,101,1988
98,80,Franklin Edwards,PG,28,SAC,16,11,414,6.2,13.2,.470,0.0,0.2,.000,6.2,13.0,.478,2.8,3.7,.750,0.5,1.7,2.2,10.6,1.1,0.1,5.4,1.1,15.2,,95,117,1988
99,Rk,Player,Pos,Age,Tm,G,GS,MP,FG,FGA,FG%,3P,3PA,3P%,2P,2PA,2P%,FT,FTA,FT%,ORB,DRB,TRB,AST,STL,BLK,TOV,PF,PTS,,ORtg,DRtg,1988
100,81,James Edwards,C,32,TOT,69,44,1705,8.4,18.0,.470,0.0,0.0,.000,8.4,18.0,.470,5.9,9.0,.654,3.3,8.2,11.5,2.2,0.4,1.0,3.6,6.0,22.8,,101,111,1988
101,81,James Edwards,C,32,PHO,43,42,1377,8.7,18.7,.469,0.0,0.0,.000,8.7,18.6,.470,5.7,9.0,.635,3.3,8.2,11.5,2.5,0.5,1.1,3.7,5.5,23.2,,100,112,1988
102,81,James Edwards,C,32,DET,26,2,328,7.1,15.0,.475,0.0,0.0,,7.1,15.0,.475,6.7,9.1,.738,3.3,8.2,11.5,0.7,0.3,0.7,3.3,8.5,21.0,,107,106,1988
103,82,Craig Ehlo,SG,26,CLE,79,27,1709,6.5,14.0,.466,0.6,1.8,.344,5.9,12.1,.485,2.6,3.8,.674,2.5,5.4,7.9,5.9,2.4,0.9,3.1,5.3,16.2,,104,106,1988
104,83,Dale Ellis,SG,27,SEA,75,73,2790,13.1,26.1,.503,1.8,4.4,.413,11.3,21.6,.521,5.2,6.8,.767,2.9,3.0,5.8,3.4,1.3,0.2,3.0,3.8,33.3,,117,112,1988
105,84,Chris Engler,C,28,NJN,54,0,399,4.4,10.7,.409,0.0,0.0,,4.4,10.7,.409,3.8,4.3,.886,3.9,8.1,12.0,1.8,1.1,0.7,3.5,8.9,12.6,,95,109,1988
106,85,Alex English*,SF,34,DEN,80,80,2818,13.6,27.5,.495,0.0,0.1,.000,13.6,27.4,.496,5.1,6.1,.828,2.7,3.3,6.0,6.1,1.1,0.4,2.9,3.1,32.3,,111,110,1988
107,86,Mike Evans,PG,32,DEN,56,0,656,9.6,21.3,.453,2.5,6.3,.396,7.1,15.0,.477,2.1,2.6,.811,0.6,2.7,3.3,5.6,2.4,0.4,3.0,5.4,23.9,,105,108,1988
108,87,Patrick Ewing*,C,25,NYK,82,82,2546,12.5,22.5,.555,0.0,0.1,.000,12.5,22.5,.556,6.5,9.1,.716,4.7,8.2,12.9,2.4,2.0,4.7,5.5,6.3,31.5,,108,101,1988
109,88,Jim Farmer,SG,23,DAL,30,0,157,8.2,21.7,.377,0.0,1.9,.000,8.2,19.9,.413,2.8,3.2,.900,2.8,2.8,5.7,5.0,0.9,0.3,6.9,5.7,19.2,,80,112,1988
110,89,Dave Feitl,C,25,GSW,70,19,1128,7.6,16.9,.450,0.0,0.2,.000,7.6,16.8,.455,3.9,5.6,.701,3.5,10.6,14.0,2.2,0.6,0.4,3.6,6.1,19.2,,96,112,1988
111,90,Kenny Fields,SF,25,LAC,7,0,154,4.9,11.1,.444,0.0,0.0,,4.9,11.1,.444,6.2,8.0,.769,4.0,4.9,9.0,3.1,1.5,0.6,5.9,5.3,16.1,,91,109,1988
112,91,Vern Fleming,PG,25,IND,80,80,2733,7.9,15.1,.523,0.0,0.2,.000,7.9,14.9,.531,4.1,5.1,.802,1.9,4.6,6.5,10.2,2.1,0.2,3.1,4.0,19.9,,117,108,1988
113,92,Sleepy Floyd,PG,27,TOT,77,73,2514,7.9,18.2,.433,0.3,1.4,.194,7.6,16.8,.453,5.6,6.6,.850,1.4,4.1,5.6,10.2,1.8,0.2,4.2,3.6,21.7,,106,110,1988
114,92,Sleepy Floyd,PG,27,GSW,18,18,680,9.2,20.9,.439,0.1,1.4,.050,9.1,19.5,.466,8.1,9.7,.835,1.8,4.5,6.3,12.4,1.9,0.1,4.7,3.2,26.5,,109,114,1988
115,92,Sleepy Floyd,PG,27,HOU,59,55,1834,7.4,17.2,.431,0.3,1.3,.250,7.1,15.8,.446,4.8,5.5,.860,1.3,4.0,5.3,9.4,1.7,0.3,4.0,3.7,19.9,,104,108,1988
116,93,Tellis Frank,PF,22,GSW,78,29,1597,7.2,16.7,.428,0.0,0.0,.000,7.2,16.7,.429,4.4,6.1,.725,2.8,7.0,9.8,3.3,1.6,0.7,3.2,7.9,18.8,,98,112,1988
117,94,World B. Free,SG,34,HOU,58,0,682,9.9,24.2,.409,0.6,2.4,.229,9.3,21.8,.429,5.5,6.9,.800,1.0,2.1,3.0,4.1,1.4,0.2,3.4,5.1,25.9,,98,110,1988
118,95,Kevin Gamble,SF,22,POR,9,0,19,0.0,7.3,.000,0.0,2.4,.000,0.0,4.9,.000,0.0,0.0,,4.9,2.4,7.3,2.4,4.9,0.0,4.9,4.9,0.0,,36,104,1988
119,96,Winston Garland,PG,23,GSW,67,62,2122,7.6,17.3,.439,0.3,0.9,.333,7.3,16.4,.444,3.1,3.5,.879,1.5,3.5,5.1,9.6,2.6,0.2,3.7,4.2,18.5,,102,113,1988
120,97,Armen Gilliam,PF,23,PHO,55,53,1807,9.0,18.9,.475,0.0,0.0,,9.0,18.9,.475,3.4,5.1,.679,3.5,7.9,11.4,1.9,1.5,0.8,3.2,3.8,21.4,,99,110,1988
121,98,Artis Gilmore*,C,38,TOT,71,27,893,5.5,10.0,.547,0.0,0.0,,5.5,10.0,.547,3.7,7.1,.523,3.8,7.9,11.7,1.2,0.8,1.7,3.7,8.2,14.7,,98,108,1988
122,98,Artis Gilmore*,C,38,CHI,24,23,372,5.5,10.8,.513,0.0,0.0,,5.5,10.8,.513,2.6,5.0,.514,2.0,6.5,8.5,1.2,0.7,1.6,3.8,7.3,13.7,,89,107,1988
123,98,Artis Gilmore*,C,38,BOS,47,4,521,5.5,9.5,.574,0.0,0.0,,5.5,9.5,.574,4.5,8.6,.527,5.1,8.8,13.9,1.1,0.9,1.7,3.7,8.8,15.4,,104,108,1988
124,99,Mike Gminski,C,28,TOT,81,81,2961,8.4,18.8,.448,0.0,0.0,.000,8.4,18.8,.449,5.9,6.5,.906,4.1,9.5,13.6,2.3,1.1,2.0,3.0,2.9,22.8,,109,108,1988
125,99,Mike Gminski,C,28,NJN,34,34,1194,8.8,19.3,.454,0.0,0.1,.000,8.8,19.3,.456,5.8,6.8,.861,3.3,9.7,13.1,2.2,1.1,1.3,3.4,3.2,23.4,,104,108,1988
126,99,Mike Gminski,C,28,PHI,47,47,1767,8.2,18.4,.445,0.0,0.0,,8.2,18.4,.445,6.0,6.4,.938,4.6,9.4,14.0,2.4,1.0,2.4,2.7,2.8,22.4,,113,108,1988
127,100,Lancaster Gordon,SG,25,LAC,8,0,65,8.1,22.7,.355,0.0,0.0,,8.1,22.7,.355,4.4,4.4,1.000,1.5,1.5,2.9,5.1,0.7,1.5,2.9,5.9,20.5,,90,113,1988
128,Rk,Player,Pos,Age,Tm,G,GS,MP,FG,FGA,FG%,3P,3PA,3P%,2P,2PA,2P%,FT,FTA,FT%,ORB,DRB,TRB,AST,STL,BLK,TOV,PF,PTS,,ORtg,DRtg,1988
129,101,Horace Grant,PF,22,CHI,81,6,1827,7.0,14.0,.501,0.0,0.1,.000,7.0,13.9,.503,3.1,5.0,.626,4.3,8.0,12.3,2.4,1.4,1.5,2.4,6.1,17.1,,109,105,1988
130,102,Stuart Gray,C,24,IND,74,0,807,5.5,11.7,.466,0.0,0.1,.000,5.5,11.7,.469,2.7,4.4,.603,4.2,10.9,15.2,2.7,0.7,1.9,3.0,9.2,13.6,,99,105,1988
131,103,A.C. Green,PF,24,LAL,82,64,2636,5.9,11.8,.503,0.0,0.0,.000,5.9,11.7,.505,5.4,7.0,.773,4.5,8.5,13.0,1.7,1.6,0.8,2.2,3.7,17.2,,119,106,1988
132,104,Rickey Green,PG,33,UTA,81,3,1116,6.7,15.7,.424,0.2,0.8,.211,6.5,14.9,.436,3.2,3.5,.904,0.6,2.8,3.4,12.7,2.4,0.0,4.0,3.5,16.6,,102,106,1988
133,105,Sidney Green,PF,27,NYK,82,65,2049,6.1,13.8,.441,0.0,0.0,.000,6.1,13.8,.443,3.0,4.5,.663,5.2,10.0,15.2,2.2,1.5,0.8,3.5,7.5,15.2,,97,104,1988
134,106,Dave Greenwood,PF,30,SAS,45,40,1236,5.6,12.2,.460,0.0,0.1,.000,5.6,12.1,.463,3.1,4.1,.748,3.4,7.7,11.2,3.6,1.2,0.8,2.8,5.0,14.3,,104,112,1988
135,107,Claude Gregory,PF,29,LAC,23,2,313,9.3,20.4,.455,0.0,0.2,.000,9.3,20.2,.459,1.8,5.5,.333,5.6,8.8,14.4,2.4,1.4,2.0,3.3,5.6,20.4,,91,105,1988
136,108,Darrell Griffith,SG,29,UTA,52,11,1052,11.3,26.3,.429,1.3,4.6,.275,10.0,21.7,.462,2.7,4.1,.641,1.6,4.1,5.7,4.1,2.3,0.2,3.0,4.6,26.5,,95,105,1988
137,109,Pétur Guðmundsson,C,29,SAS,69,9,1017,6.3,12.7,.496,0.0,0.0,.000,6.3,12.6,.498,5.3,6.6,.807,4.2,10.4,14.6,3.9,0.8,2.8,4.7,8.9,17.9,,104,110,1988
138,110,Bob Hansen,SG,27,UTA,81,51,1796,8.3,16.1,.517,0.8,2.6,.330,7.5,13.5,.553,3.0,4.0,.743,1.7,3.2,4.9,4.6,1.7,0.1,2.4,5.1,20.5,,112,107,1988
139,111,Bill Hanzlik,SF,30,DEN,77,0,1334,3.7,9.8,.380,0.1,0.5,.188,3.6,9.2,.391,4.4,5.6,.791,1.3,4.5,5.8,5.7,2.2,0.6,3.2,6.3,11.9,,97,107,1988
140,112,Derek Harper,PG,26,DAL,82,82,3032,8.7,19.0,.459,1.0,3.1,.313,7.8,15.9,.488,4.3,5.6,.759,1.2,2.9,4.0,10.3,2.7,0.6,3.1,2.7,22.7,,115,108,1988
141,113,Ron Harper,SG,24,CLE,57,52,1830,9.2,19.7,.464,0.1,0.5,.150,9.1,19.2,.473,5.3,7.5,.705,1.7,4.3,6.0,7.6,3.3,1.4,4.3,4.2,23.7,,102,104,1988
142,114,Steve Harris,SG,24,TOT,58,26,1084,9.7,21.2,.458,0.0,0.3,.000,9.7,20.9,.465,3.9,4.9,.788,2.3,3.2,5.5,3.8,2.2,0.3,2.4,3.9,23.3,,104,113,1988
143,114,Steve Harris,SG,24,HOU,14,10,199,8.1,20.4,.395,0.0,0.2,.000,8.1,20.1,.400,3.6,3.8,.938,2.8,2.1,5.0,4.0,1.9,0.5,1.4,3.6,19.7,,104,109,1988
144,114,Steve Harris,SG,24,GSW,44,16,885,10.1,21.4,.471,0.0,0.3,.000,10.1,21.1,.478,4.0,5.2,.763,2.2,3.4,5.6,3.7,2.2,0.3,2.7,4.0,24.1,,104,114,1988
145,115,Scott Hastings,PF,27,ATL,55,0,403,4.9,10.1,.488,0.6,1.5,.417,4.3,8.7,.500,3.1,3.3,.926,3.3,8.7,12.0,2.0,1.0,1.2,1.7,8.3,13.6,,120,107,1988
146,116,Dave Henderson,SG,23,PHI,22,1,351,6.7,16.5,.405,0.0,0.1,.000,6.7,16.4,.409,4.6,6.7,.681,1.6,3.4,5.0,4.8,1.7,0.7,5.7,5.8,17.9,,86,112,1988
147,117,Gerald Henderson,PG,32,TOT,75,5,1505,6.4,15.0,.428,2.3,5.4,.423,4.1,9.6,.431,4.6,5.6,.812,0.9,2.7,3.5,7.7,2.3,0.2,4.4,6.2,19.7,,107,112,1988
148,117,Gerald Henderson,PG,32,NYK,6,2,69,3.5,9.8,.357,1.4,2.8,.500,2.1,7.0,.300,1.4,1.4,1.000,0.7,6.3,7.0,9.1,1.4,0.0,5.6,9.8,9.8,,85,107,1988
149,117,Gerald Henderson,PG,32,PHI,69,3,1436,6.6,15.3,.431,2.3,5.5,.421,4.2,9.7,.436,4.7,5.8,.810,0.9,2.5,3.4,7.6,2.3,0.2,4.4,6.0,20.2,,108,112,1988
150,118,Kevin Henderson,SG,23,TOT,17,2,190,5.2,13.2,.396,0.0,0.2,.000,5.2,13.0,.404,3.7,6.5,.577,2.2,3.0,5.2,5.7,2.0,0.0,4.2,6.5,14.2,,88,114,1988
151,118,Kevin Henderson,SG,23,GSW,12,2,170,5.3,13.3,.396,0.0,0.3,.000,5.3,13.1,.404,2.8,3.9,.714,1.7,3.1,4.7,5.8,2.2,0.0,4.2,6.7,13.3,,87,114,1988
152,118,Kevin Henderson,SG,23,CLE,5,0,20,4.9,12.3,.400,0.0,0.0,,4.9,12.3,.400,12.3,29.6,.417,7.4,2.5,9.9,4.9,0.0,0.0,4.9,4.9,22.2,,92,113,1988
153,119,Conner Henry,SG,24,TOT,39,2,433,6.9,16.8,.413,2.2,5.0,.444,4.7,11.7,.400,4.4,5.3,.830,1.5,4.0,5.5,7.5,1.3,0.6,4.4,4.1,20.4,,104,112,1988
154,119,Conner Henry,SG,24,BOS,10,0,81,6.7,16.9,.393,1.8,4.8,.375,4.8,12.1,.400,5.4,6.1,.900,1.2,4.8,6.1,7.3,0.6,0.6,5.4,6.7,20.6,,98,112,1988
155,119,Conner Henry,SG,24,MIL,14,2,145,4.4,13.9,.317,0.7,2.0,.333,3.7,11.9,.314,1.4,2.4,.571,1.7,4.8,6.4,9.8,1.4,0.3,4.8,3.7,10.9,,81,110,1988
156,119,Conner Henry,SG,24,SAC,15,0,207,8.7,18.6,.469,3.4,7.1,.484,5.3,11.5,.460,6.0,6.9,.867,1.4,3.2,4.6,6.0,1.6,0.7,3.7,3.4,26.9,,119,114,1988
157,120,Rod Higgins,SF,28,GSW,68,67,2188,8.2,15.7,.526,0.4,0.8,.487,7.8,14.8,.528,5.9,7.0,.848,2.0,4.3,6.3,4.1,1.5,0.7,2.4,4.1,22.8,,121,114,1988
158,Rk,Player,Pos,Age,Tm,G,GS,MP,FG,FGA,FG%,3P,3PA,3P%,2P,2PA,2P%,FT,FTA,FT%,ORB,DRB,TRB,AST,STL,BLK,TOV,PF,PTS,,ORtg,DRtg,1988
159,121,Roy Hinson,SF,26,TOT,77,57,2592,8.6,17.6,.487,0.0,0.0,.000,8.6,17.6,.488,5.2,6.7,.775,3.0,6.8,9.8,1.9,1.3,2.7,3.2,5.2,22.3,,106,108,1988
160,121,Roy Hinson,SF,26,PHI,29,10,845,7.3,16.1,.452,0.0,0.1,.000,7.3,16.0,.454,5.3,7.3,.718,3.1,6.9,10.0,1.6,1.4,4.0,3.7,5.3,19.8,,99,108,1988
161,121,Roy Hinson,SF,26,NJN,48,47,1747,9.2,18.3,.502,0.0,0.0,.000,9.2,18.3,.502,5.1,6.3,.806,3.0,6.7,9.7,2.0,1.3,2.0,3.0,5.2,23.5,,109,109,1988
162,122,Craig Hodges,SG,27,TOT,66,0,1445,8.1,17.6,.463,2.9,5.9,.491,5.2,11.7,.448,2.0,2.4,.831,0.6,2.0,2.6,5.1,1.5,0.1,2.6,4.0,21.2,,110,113,1988
163,122,Craig Hodges,SG,27,MIL,43,0,983,7.8,17.3,.449,2.8,5.9,.466,5.0,11.4,.441,1.6,2.0,.821,0.6,1.7,2.3,5.5,1.5,0.0,2.5,4.0,19.9,,109,112,1988
164,122,Craig Hodges,SG,27,PHO,23,0,462,8.9,18.3,.489,3.2,5.9,.544,5.7,12.4,.463,2.8,3.3,.844,0.7,2.6,3.3,4.5,1.6,0.2,2.9,3.9,23.8,,114,114,1988
165,123,Michael Holton,PG,26,POR,82,2,1279,5.9,12.8,.462,0.1,0.5,.200,5.8,12.2,.473,3.9,4.7,.829,1.8,3.6,5.4,7.6,1.5,0.4,3.1,5.6,15.8,,110,110,1988
166,124,Dave Hoppen,C,23,TOT,39,8,642,6.2,13.5,.459,0.0,0.1,.000,6.2,13.4,.462,4.0,4.6,.871,4.3,8.6,12.8,2.4,1.0,0.4,2.7,6.4,16.4,,107,112,1988
167,124,Dave Hoppen,C,23,MIL,3,0,35,5.6,15.5,.364,0.0,0.0,,5.6,15.5,.364,4.2,4.2,1.000,5.6,4.2,9.8,2.8,0.0,0.0,2.8,4.2,15.5,,100,113,1988
168,124,Dave Hoppen,C,23,GSW,36,8,607,6.2,13.4,.465,0.0,0.1,.000,6.2,13.3,.468,4.0,4.6,.864,4.2,8.8,13.0,2.3,1.0,0.5,2.7,6.5,16.4,,107,112,1988
169,125,Dennis Hopson,SG,22,NJN,61,19,1365,7.9,19.6,.404,0.4,1.6,.267,7.5,18.0,.417,4.7,6.3,.740,2.2,2.9,5.1,4.2,2.0,0.9,4.2,5.2,20.9,,92,111,1988
170,126,Jeff Hornacek,SG,24,PHO,82,49,2243,6.5,12.8,.506,0.4,1.2,.293,6.1,11.6,.528,3.2,3.9,.822,1.5,4.0,5.5,11.4,2.3,0.2,3.3,3.2,16.5,,115,112,1988
171,127,Phil Hubbard,SF,31,CLE,78,59,1631,7.2,14.7,.489,0.0,0.2,.000,7.2,14.5,.494,5.5,7.3,.749,3.5,5.0,8.5,2.4,1.5,0.2,3.6,5.0,19.8,,105,108,1988
172,128,Eddie Hughes,PG,27,UTA,11,0,42,5.6,14.6,.385,1.1,6.8,.167,4.5,7.9,.571,6.8,6.8,1.000,3.4,1.1,4.5,9.0,0.0,0.0,6.8,5.6,19.1,,99,112,1988
173,129,Jay Humphries,PG,25,TOT,68,33,1809,7.5,14.2,.528,0.1,0.5,.167,7.4,13.7,.540,3.0,4.0,.732,1.3,3.3,4.6,10.4,2.1,0.1,3.3,4.7,18.0,,113,112,1988
174,129,Jay Humphries,PG,25,PHO,50,33,1557,8.0,14.7,.545,0.1,0.5,.188,7.9,14.3,.558,3.1,4.2,.741,1.3,3.3,4.6,10.8,1.9,0.1,3.3,4.7,19.3,,116,113,1988
175,129,Jay Humphries,PG,25,MIL,18,0,252,3.9,10.5,.370,0.0,0.4,.000,3.9,10.2,.385,1.8,2.7,.643,1.0,3.5,4.5,8.0,3.9,0.2,3.7,4.5,9.6,,86,105,1988
176,130,Marc Iavaroni,PF,31,UTA,81,71,1238,5.5,11.8,.464,0.0,0.1,.000,5.5,11.7,.467,3.0,3.8,.788,3.6,6.6,10.2,2.6,0.9,1.0,3.2,6.2,13.9,,99,105,1988
177,131,Mark Jackson,PG,22,NYK,82,80,3249,6.5,15.1,.432,0.5,1.9,.254,6.1,13.2,.458,3.1,4.0,.774,1.8,4.1,5.9,12.9,3.1,0.1,3.8,3.6,16.6,,109,106,1988
178,132,Michael Jackson,PG,23,SAC,58,0,760,4.0,10.7,.374,0.4,1.6,.240,3.6,9.1,.397,1.4,2.0,.719,1.1,2.6,3.7,11.2,1.3,0.3,3.6,5.1,9.8,,95,115,1988
179,133,Buck Johnson,SF,24,HOU,70,2,879,8.3,16.0,.520,0.1,0.4,.125,8.3,15.6,.531,3.6,4.9,.736,4.1,4.9,9.0,2.6,1.6,1.4,2.9,6.8,20.3,,111,106,1988
180,134,Clemon Johnson,C,31,SEA,74,26,723,3.2,7.0,.467,0.0,0.0,,3.2,7.0,.467,1.5,2.1,.688,4.4,7.2,11.5,1.1,0.9,1.6,1.9,6.9,7.9,,105,108,1988
181,135,Dennis Johnson*,PG,33,BOS,77,74,2670,6.5,14.7,.438,0.2,0.8,.261,6.2,13.9,.449,4.7,5.5,.856,1.1,3.3,4.4,11.0,1.7,0.5,3.6,3.7,17.8,,110,111,1988
182,136,Eddie Johnson,SF,28,PHO,73,59,2177,11.6,24.2,.480,0.5,2.0,.255,11.1,22.1,.501,4.4,5.2,.850,2.6,4.3,6.9,3.9,0.7,0.2,3.0,4.1,28.2,,107,115,1988
183,137,Frank Johnson,PG,29,WSB,75,17,1258,8.4,19.4,.434,0.0,0.4,.111,8.4,19.0,.440,4.7,5.8,.812,1.5,3.2,4.7,7.3,2.7,0.2,3.9,4.7,21.5,,102,108,1988
184,138,Kannard Johnson,SF,22,CLE,4,0,12,4.1,12.3,.333,0.0,0.0,,4.1,12.3,.333,0.0,0.0,,0.0,0.0,0.0,0.0,4.1,0.0,8.2,4.1,8.2,,39,107,1988
185,139,Kevin Johnson,PG,21,TOT,80,28,1917,6.9,15.1,.461,0.1,0.6,.208,6.8,14.5,.472,4.5,5.3,.839,0.9,3.9,4.8,11.0,2.6,0.6,3.7,3.9,18.5,,109,109,1988
186,139,Kevin Johnson,PG,21,CLE,52,3,1043,6.8,14.7,.460,0.1,0.4,.222,6.7,14.3,.467,4.3,5.3,.821,0.5,2.9,3.4,9.1,2.8,0.8,3.9,4.5,18.0,,104,107,1988
187,139,Kevin Johnson,PG,21,PHO,28,25,874,7.2,15.5,.463,0.2,0.8,.200,7.0,14.7,.478,4.6,5.4,.859,1.4,5.0,6.5,13.2,2.3,0.4,3.5,3.2,19.1,,114,111,1988
188,140,Magic Johnson*,PG,28,LAL,72,70,2637,9.0,18.3,.492,0.2,1.0,.196,8.8,17.3,.510,7.7,9.0,.853,1.6,6.6,8.2,15.8,2.1,0.2,4.9,2.7,25.9,,118,107,1988
189,Rk,Player,Pos,Age,Tm,G,GS,MP,FG,FGA,FG%,3P,3PA,3P%,2P,2PA,2P%,FT,FTA,FT%,ORB,DRB,TRB,AST,STL,BLK,TOV,PF,PTS,,ORtg,DRtg,1988
190,141,Steve Johnson,C,30,POR,43,33,1050,11.4,21.5,.529,0.0,0.0,.000,11.4,21.5,.530,6.4,11.0,.586,3.7,7.0,10.7,2.5,0.8,1.4,5.4,6.7,29.2,,100,108,1988
191,142,Vinnie Johnson,SG,31,DET,82,1,1935,10.7,24.2,.443,0.1,0.6,.208,10.6,23.6,.449,3.7,5.5,.677,2.3,3.6,5.8,6.7,1.5,0.5,3.8,4.1,25.3,,100,108,1988
192,143,Caldwell Jones,C,37,POR,79,77,1778,3.3,6.9,.487,0.0,0.1,.000,3.3,6.7,.494,2.0,2.8,.736,2.7,7.9,10.6,2.1,0.8,2.6,2.1,6.5,8.7,,104,106,1988
193,144,Charles Jones,PF,30,WSB,69,49,1313,2.7,6.6,.407,0.0,0.0,.000,2.7,6.6,.409,2.0,2.8,.707,3.9,8.2,12.1,2.2,2.0,4.2,2.1,8.4,7.3,,99,102,1988
194,145,Charles Jones,PF,26,POR,37,0,186,4.0,10.0,.400,0.0,0.2,.000,4.0,9.7,.410,4.7,8.2,.576,2.7,5.0,7.7,2.0,0.7,1.5,3.0,7.0,12.7,,93,109,1988
195,146,Michael Jordan*,SG,24,CHI,82,82,3311,16.2,30.3,.535,0.1,0.8,.132,16.1,29.5,.546,11.0,13.1,.841,2.1,4.7,6.8,7.4,3.9,2.0,3.8,4.1,43.6,,123,101,1988
196,147,Jerome Kersey,SF,25,POR,79,75,2888,9.8,19.7,.499,0.0,0.2,.200,9.8,19.4,.502,4.7,6.4,.735,3.4,7.2,10.5,3.9,2.0,1.0,2.6,4.8,24.3,,113,106,1988
197,148,Albert King,SF,28,PHI,72,44,1593,6.6,16.9,.391,0.5,1.5,.347,6.1,15.4,.395,2.4,3.2,.757,2.2,4.5,6.8,3.4,1.2,0.6,2.9,6.9,16.2,,94,113,1988
198,149,Bernard King*,SF,31,WSB,69,38,2044,11.2,22.5,.501,0.0,0.1,.167,11.2,22.3,.503,5.9,7.8,.762,2.1,4.6,6.7,4.6,1.2,0.2,5.1,4.8,28.4,,103,110,1988
199,150,Greg Kite,C,26,TOT,53,19,1063,4.1,9.2,.449,0.0,0.0,.000,4.1,9.2,.451,1.8,3.5,.506,3.8,8.0,11.9,2.1,0.9,2.6,3.3,6.9,10.1,,88,107,1988
200,150,Greg Kite,C,26,BOS,13,0,86,5.1,13.1,.391,0.0,0.0,,5.1,13.1,.391,0.6,3.4,.167,5.7,8.0,13.7,1.1,1.7,4.6,5.1,9.1,10.8,,73,104,1988
201,150,Greg Kite,C,26,LAC,40,19,977,4.0,8.9,.456,0.0,0.0,.000,4.0,8.8,.459,1.9,3.6,.534,3.7,8.0,11.7,2.2,0.8,2.4,3.1,6.7,10.0,,89,107,1988
202,151,Joe Kleine,C,26,SAC,82,60,1999,7.7,16.3,.472,0.0,0.0,,7.7,16.3,.472,3.6,4.5,.814,4.3,9.5,13.8,2.2,0.7,1.4,2.5,5.4,19.1,,108,111,1988
203,152,Bart Kofoed,SG,23,UTA,36,0,225,3.8,10.1,.375,0.4,1.5,.286,3.4,8.6,.390,1.7,2.7,.615,0.8,2.3,3.2,4.8,1.3,0.2,3.8,8.8,9.7,,80,108,1988
204,153,Jon Koncak,C,24,ATL,49,22,1073,4.5,9.4,.483,0.0,0.1,.000,4.5,9.3,.488,3.9,6.3,.610,4.8,10.7,15.5,0.9,1.7,2.6,2.5,7.5,13.0,,106,103,1988
205,154,Larry Krystkowiak,PF,23,MIL,50,7,1050,6.0,12.5,.481,0.0,0.1,.000,6.0,12.3,.487,4.8,6.0,.811,4.1,6.7,10.8,2.3,0.8,0.4,2.7,6.4,16.8,,111,109,1988
206,155,Bill Laimbeer,C,30,DET,82,82,2897,7.7,15.6,.493,0.2,0.7,.333,7.4,14.9,.500,3.2,3.6,.874,2.8,11.2,14.0,3.4,1.1,1.3,2.3,4.8,18.7,,113,102,1988
207,156,Jeff Lamp,SF,28,LAL,3,0,7,0.0,0.0,,0.0,0.0,,0.0,0.0,,13.8,13.8,1.000,0.0,0.0,0.0,0.0,0.0,0.0,0.0,6.9,13.8,,250,116,1988
208,157,Allen Leavell,SG,30,HOU,80,54,2150,6.4,14.6,.437,0.4,1.9,.216,6.0,12.7,.471,4.8,5.5,.869,0.5,2.8,3.2,8.9,2.7,0.2,2.9,3.6,18.0,,111,107,1988
209,158,Fat Lever,SG,27,DEN,82,82,3061,9.6,20.2,.473,0.2,0.8,.211,9.4,19.4,.484,3.7,4.7,.785,3.0,6.9,9.9,9.5,3.3,0.3,2.7,3.2,23.0,,113,103,1988
210,159,Cliff Levingston,PF,27,ATL,82,32,2135,7.3,13.2,.557,0.0,0.0,.500,7.3,13.1,.557,4.4,5.7,.772,5.3,6.4,11.8,1.7,1.2,2.0,2.2,6.7,19.1,,123,108,1988
211,160,Ralph Lewis,SG,24,DET,50,0,310,4.3,13.7,.310,0.0,0.2,.000,4.3,13.5,.314,4.6,7.6,.604,2.7,5.4,8.0,2.2,2.0,0.6,3.0,5.7,13.1,,84,105,1988
212,Rk,Player,Pos,Age,Tm,G,GS,MP,FG,FGA,FG%,3P,3PA,3P%,2P,2PA,2P%,FT,FTA,FT%,ORB,DRB,TRB,AST,STL,BLK,TOV,PF,PTS,,ORtg,DRtg,1988
213,161,Reggie Lewis,SG,22,BOS,49,0,405,10.9,23.4,.466,0.0,0.5,.000,10.9,22.9,.476,4.8,6.9,.702,3.4,4.2,7.6,3.1,1.9,1.8,3.6,6.5,26.6,,100,109,1988
214,162,Alton Lister,C,29,SEA,82,55,1812,4.6,9.1,.504,0.0,0.1,.500,4.5,9.0,.504,3.0,5.0,.606,5.3,11.3,16.6,1.5,0.7,3.7,2.4,8.4,12.2,,110,104,1988
215,163,Brad Lohaus,PF,23,BOS,70,4,718,8.3,16.8,.496,0.2,0.9,.231,8.1,15.9,.511,3.4,4.2,.806,3.1,6.3,9.4,3.3,1.4,2.8,4.0,8.4,20.3,,102,108,1988
216,164,John Long,SG,31,IND,81,81,2022,10.1,21.3,.474,0.8,1.9,.442,9.3,19.4,.478,4.0,4.4,.907,1.7,3.8,5.5,4.2,2.0,0.3,3.1,4.0,25.0,,107,109,1988
217,165,John Lucas,PG,34,MIL,81,22,1766,7.8,17.6,.445,1.4,4.2,.338,6.4,13.4,.479,3.6,4.5,.802,0.8,3.6,4.4,10.9,2.5,0.1,3.5,2.8,20.7,,109,109,1988
218,166,Maurice Lucas,PF,35,POR,73,0,1191,6.5,14.5,.450,0.0,0.1,.000,6.5,14.4,.454,4.2,5.8,.736,3.9,8.3,12.3,3.7,1.3,0.4,2.8,7.3,17.3,,106,107,1988
219,167,Rick Mahorn,PF,29,DET,67,64,1963,6.9,12.0,.574,0.0,0.0,.500,6.8,11.9,.574,4.1,5.4,.756,4.0,10.1,14.0,1.5,1.1,1.0,3.0,6.5,17.8,,115,103,1988
220,168,Jeff Malone,SG,26,WSB,80,80,2655,11.9,25.1,.476,0.2,0.4,.417,11.8,24.6,.478,6.2,7.0,.882,0.8,3.0,3.8,4.4,0.9,0.2,3.2,3.6,30.2,,110,112,1988
221,169,Karl Malone*,PF,24,UTA,82,82,3198,12.7,24.4,.520,0.0,0.1,.000,12.7,24.3,.522,8.2,11.7,.700,4.1,10.5,14.6,2.9,1.7,0.7,4.8,4.4,33.5,,107,101,1988
222,170,Moses Malone*,C,32,WSB,79,78,2692,9.7,19.8,.487,0.0,0.1,.286,9.6,19.7,.488,9.9,12.5,.788,6.8,9.3,16.1,2.0,1.1,1.3,4.5,2.9,29.2,,113,106,1988
223,171,Pace Mannion,SF,27,MIL,35,1,477,5.0,12.2,.407,0.2,1.2,.167,4.7,10.9,.434,2.6,3.8,.676,1.8,3.5,5.3,5.7,1.3,0.7,2.5,5.5,12.7,,98,110,1988
224,172,Bill Martin,SF,25,PHO,10,0,101,7.5,23.9,.314,0.0,0.5,.000,7.5,23.5,.320,3.8,6.1,.615,4.2,8.5,12.7,2.8,2.3,0.0,4.2,7.5,18.8,,77,109,1988
225,173,Maurice Martin,SF,23,DEN,26,0,136,7.7,20.4,.377,0.3,1.3,.250,7.4,19.1,.386,3.3,7.0,.476,4.3,3.7,8.0,4.7,2.0,1.0,3.3,7.0,19.1,,89,107,1988
226,174,Wes Matthews,PG,28,LAL,51,8,706,7.8,17.0,.460,0.5,2.1,.233,7.3,15.0,.491,3.7,4.5,.831,1.1,3.4,4.5,9.5,1.7,0.2,4.7,4.5,19.8,,102,110,1988
227,175,Cedric Maxwell,SF,32,HOU,71,0,848,4.4,9.5,.468,0.0,0.1,.000,4.4,9.4,.473,6.1,8.0,.769,4.1,5.8,10.0,3.3,1.2,0.7,3.0,4.2,15.0,,113,107,1988
228,176,Tim McCormick,C,25,TOT,70,55,2114,8.1,15.0,.537,0.0,0.0,.000,8.1,15.0,.539,3.4,5.0,.674,3.4,7.4,10.8,2.7,0.7,0.5,2.6,5.4,19.5,,111,111,1988
229,176,Tim McCormick,C,25,PHI,23,17,601,5.9,11.5,.514,0.0,0.0,,5.9,11.5,.514,3.1,4.4,.698,4.1,7.9,12.0,2.2,1.2,0.7,2.9,6.2,14.9,,107,110,1988
230,176,Tim McCormick,C,25,NJN,47,38,1513,8.9,16.4,.543,0.0,0.1,.000,8.9,16.4,.545,3.5,5.2,.667,3.1,7.3,10.4,3.0,0.6,0.5,2.4,5.1,21.3,,112,111,1988
231,177,Rodney McCray,SF,26,HOU,81,80,2689,6.3,13.1,.481,0.0,0.1,.000,6.3,13.0,.484,5.1,6.4,.785,4.1,7.0,11.1,4.6,1.0,0.9,2.5,2.9,17.6,,116,107,1988
232,178,Xavier McDaniel,SF,24,SEA,78,77,2703,12.2,24.9,.488,0.2,0.9,.280,11.9,24.0,.496,5.0,7.0,.715,3.7,5.5,9.2,4.7,1.7,0.9,4.0,4.1,29.6,,108,109,1988
233,179,Ben McDonald,PF,25,GSW,81,41,2039,6.0,12.8,.467,0.2,0.8,.257,5.8,12.0,.482,2.0,2.6,.784,3.1,4.7,7.8,3.2,0.9,0.2,2.2,5.7,14.2,,105,116,1988
234,180,Mike McGee,SF-SG,28,TOT,48,0,1003,10.6,25.3,.421,2.5,7.6,.331,8.1,17.6,.459,3.6,4.9,.745,2.6,3.5,6.1,3.4,2.5,0.3,3.1,3.9,27.4,,103,112,1988
235,180,Mike McGee,SG,28,ATL,11,0,117,9.4,22.1,.423,2.1,8.1,.263,7.2,14.0,.515,0.9,2.6,.333,1.7,5.1,6.8,5.5,2.1,0.0,3.0,2.6,21.7,,98,109,1988
236,180,Mike McGee,SF,28,SAC,37,0,886,10.8,25.7,.421,2.6,7.6,.340,8.2,18.1,.454,4.0,5.2,.771,2.7,3.3,6.0,3.1,2.5,0.3,3.1,4.0,28.1,,104,112,1988
237,Rk,Player,Pos,Age,Tm,G,GS,MP,FG,FGA,FG%,3P,3PA,3P%,2P,2PA,2P%,FT,FTA,FT%,ORB,DRB,TRB,AST,STL,BLK,TOV,PF,PTS,,ORtg,DRtg,1988
238,181,Kevin McHale*,PF,30,BOS,64,63,2390,11.3,18.7,.604,0.0,0.0,,11.3,18.7,.604,7.1,8.9,.797,3.3,7.7,11.0,3.5,0.6,1.9,2.9,3.7,29.7,,126,110,1988
239,182,Kevin McKenna,SG,29,NJN,31,2,393,5.3,13.5,.394,2.0,6.2,.320,3.3,7.3,.458,3.0,3.1,.960,0.5,3.3,3.8,5.0,1.9,0.2,2.4,6.8,15.6,,107,111,1988
240,183,Derrick McKey,SF,21,SEA,82,4,1706,7.2,14.6,.491,0.3,0.8,.367,6.8,13.7,.499,4.9,6.3,.772,3.2,6.0,9.2,3.0,2.0,1.8,3.0,6.7,19.5,,112,107,1988
241,184,Nate McMillan,PG,23,SEA,82,82,2453,4.6,9.7,.474,0.2,0.5,.375,4.4,9.2,.479,2.8,4.0,.707,2.3,4.3,6.6,13.7,3.3,0.9,3.7,4.6,12.2,,114,106,1988
242,185,Mark McNamara,C,28,PHI,42,18,581,4.5,11.4,.391,0.0,0.0,,4.5,11.4,.391,4.1,5.7,.727,5.7,7.8,13.5,1.5,0.3,1.0,2.2,5.8,13.1,,105,112,1988
243,186,Chris McNealy,PF,26,NYK,19,0,265,4.2,13.5,.311,0.0,0.0,,4.2,13.5,.311,3.8,5.7,.677,4.4,7.3,11.7,4.2,2.9,0.4,3.1,9.1,12.3,,90,103,1988
244,187,Reggie Miller*,SG,22,IND,82,1,1840,8.1,16.7,.488,1.6,4.6,.355,6.5,12.1,.538,4.0,5.0,.801,2.5,2.5,5.1,3.5,1.4,0.5,2.7,4.2,21.9,,114,111,1988
245,188,Dirk Minniefield,PG,27,TOT,72,6,1070,4.9,10.1,.489,0.2,0.7,.250,4.7,9.3,.507,1.9,2.5,.745,1.4,3.0,4.4,10.4,2.7,0.1,4.2,6.0,11.9,,103,111,1988
246,188,Dirk Minniefield,PG,27,GSW,11,0,202,5.8,11.2,.521,0.2,1.2,.200,5.6,10.1,.558,3.3,5.4,.609,1.9,3.0,4.9,8.9,3.5,0.0,3.7,6.1,15.2,,107,112,1988
247,188,Dirk Minniefield,PG,27,BOS,61,6,868,4.7,9.8,.480,0.2,0.6,.273,4.5,9.1,.494,1.5,1.8,.844,1.2,3.0,4.2,10.7,2.5,0.2,4.3,6.0,11.1,,101,110,1988
248,189,Mike Mitchell,SF,32,SAS,68,20,1501,11.6,24.0,.482,0.1,0.4,.250,11.5,23.7,.486,4.9,5.9,.825,1.7,4.4,6.1,2.1,0.9,0.4,1.6,3.1,28.2,,111,116,1988
249,190,Paul Mokeski,C,31,MIL,60,0,848,5.8,12.2,.476,0.0,0.2,.000,5.8,12.0,.485,3.0,4.2,.708,4.1,8.8,12.8,1.3,1.6,1.6,2.8,11.3,14.6,,101,105,1988
250,191,Sidney Moncrief*,SG,30,MIL,56,51,1428,7.5,15.3,.489,0.2,1.1,.161,7.3,14.2,.513,5.7,6.8,.837,2.0,4.2,6.2,7.0,1.4,0.5,3.0,3.8,20.8,,115,110,1988
251,192,Andre Moore,PF-SF,23,TOT,10,0,50,8.4,25.2,.333,0.0,0.0,,8.4,25.2,.333,5.6,7.5,.750,5.6,7.5,13.1,5.6,1.9,0.9,3.7,5.6,22.4,,90,105,1988
252,192,Andre Moore,PF,23,DEN,7,0,34,9.4,32.1,.292,0.0,0.0,,9.4,32.1,.292,8.0,8.0,1.000,6.7,9.4,16.1,6.7,2.7,1.3,4.0,5.4,26.8,,90,102,1988
253,192,Andre Moore,SF,23,MIL,3,0,16,6.2,9.2,.667,0.0,0.0,,6.2,9.2,.667,0.0,6.2,.000,3.1,3.1,6.2,3.1,0.0,0.0,3.1,6.2,12.3,,89,114,1988
254,193,Johnny Moore,PG,29,TOT,5,0,61,3.0,7.6,.400,0.0,0.8,.000,3.0,6.8,.444,0.0,0.0,,1.5,3.0,4.6,9.1,2.3,0.0,5.3,0.8,6.1,,76,114,1988
255,193,Johnny Moore,PG,29,SAS,4,0,51,3.6,8.1,.444,0.0,0.9,.000,3.6,7.2,.500,0.0,0.0,,0.9,2.7,3.6,9.9,2.7,0.0,3.6,0.9,7.2,,92,114,1988
256,193,Johnny Moore,PG,29,NJN,1,0,10,0.0,4.9,.000,0.0,0.0,,0.0,4.9,.000,0.0,0.0,,4.9,4.9,9.7,4.9,0.0,0.0,14.6,0.0,0.0,,24,115,1988
257,194,Ron Moore,C,26,TOT,14,0,59,7.3,23.6,.310,0.0,0.0,,7.3,23.6,.310,4.9,6.5,.750,1.6,4.9,6.5,0.8,4.1,0.0,3.3,17.1,19.5,,78,105,1988
258,194,Ron Moore,C,26,DET,9,0,25,7.8,25.4,.308,0.0,0.0,,7.8,25.4,.308,3.9,7.8,.500,3.9,0.0,3.9,2.0,3.9,0.0,5.9,15.6,19.5,,71,105,1988
259,194,Ron Moore,C,26,PHO,5,0,34,7.0,22.3,.313,0.0,0.0,,7.0,22.3,.313,5.6,5.6,1.000,0.0,8.4,8.4,0.0,4.2,0.0,1.4,18.1,19.5,,85,105,1988
260,195,Chris Mullin*,SF,24,GSW,60,55,2033,10.9,21.5,.508,0.8,2.3,.351,10.1,19.3,.526,5.6,6.3,.885,1.3,3.4,4.8,6.7,2.6,0.7,3.6,3.2,28.2,,114,113,1988
261,196,Jay Murphy,PF,25,WSB,9,0,46,8.5,24.5,.348,0.0,0.0,,8.5,24.5,.348,4.3,5.3,.800,4.3,12.8,17.0,1.1,0.0,0.0,5.3,5.3,21.3,,80,107,1988
262,197,Ronnie Murphy,SF,23,POR,18,0,89,7.3,25.5,.286,0.5,2.1,.250,6.8,23.4,.289,3.6,5.7,.636,2.6,3.1,5.7,3.1,2.6,0.5,4.2,7.3,18.7,,75,108,1988
263,198,Tod Murphy,PF,24,LAC,1,0,19,2.5,2.5,1.000,0.0,0.0,,2.5,2.5,1.000,7.5,10.0,.750,2.5,2.5,5.0,5.0,2.5,0.0,0.0,5.0,12.5,,193,109,1988
264,199,Pete Myers,SG,24,SAS,22,0,328,6.0,13.3,.453,0.0,0.6,.000,6.0,12.8,.473,3.6,5.5,.667,1.5,3.6,5.2,6.7,2.4,0.8,4.6,4.2,15.7,,94,113,1988
265,200,Larry Nance,PF,28,TOT,67,60,2383,9.8,18.6,.529,0.0,0.1,.333,9.8,18.5,.531,6.1,7.9,.779,3.9,8.4,12.3,4.2,1.3,3.2,3.1,4.9,25.8,,116,107,1988
266,200,Larry Nance,PF,28,PHO,40,34,1477,10.5,19.8,.531,0.1,0.2,.400,10.4,19.6,.532,6.0,8.0,.751,3.8,8.8,12.7,3.9,1.4,3.1,3.4,4.9,27.1,,113,108,1988
267,200,Larry Nance,PF,28,CLE,27,26,906,8.7,16.5,.526,0.0,0.1,.000,8.7,16.5,.528,6.4,7.7,.830,4.0,7.6,11.6,4.6,1.0,3.4,2.7,4.9,23.8,,121,105,1988
268,Rk,Player,Pos,Age,Tm,G,GS,MP,FG,FGA,FG%,3P,3PA,3P%,2P,2PA,2P%,FT,FTA,FT%,ORB,DRB,TRB,AST,STL,BLK,TOV,PF,PTS,,ORtg,DRtg,1988
269,201,Calvin Natt,PF,31,DEN,27,7,533,8.7,17.8,.490,0.0,0.1,.000,8.7,17.7,.493,4.6,6.2,.740,3.0,5.2,8.2,4.0,1.1,0.3,2.6,3.7,22.0,,110,109,1988
270,202,Ed Nealy,PF,27,SAS,68,1,837,2.7,6.0,.459,0.1,0.1,.500,2.7,5.9,.458,2.3,3.5,.651,4.5,7.7,12.2,2.7,1.6,0.3,1.5,5.2,7.8,,116,112,1988
271,203,Martin Nessley,C,22,TOT,44,0,336,2.8,7.4,.385,0.0,0.0,,2.8,7.4,.385,1.1,2.6,.444,3.3,8.4,11.6,2.3,1.1,1.7,3.3,12.6,6.8,,77,107,1988
272,203,Martin Nessley,C,22,LAC,35,0,295,2.9,7.9,.367,0.0,0.0,,2.9,7.9,.367,1.1,2.3,.500,3.2,8.6,11.8,2.6,1.1,1.8,3.4,12.6,6.9,,76,106,1988
273,203,Martin Nessley,C,22,SAC,9,0,41,2.3,3.5,.667,0.0,0.0,,2.3,3.5,.667,1.2,4.6,.250,3.5,7.0,10.4,0.0,1.2,1.2,2.3,12.8,5.8,,85,112,1988
274,204,Chuck Nevitt,C,28,DET,17,0,63,5.4,16.3,.333,0.0,0.0,,5.4,16.3,.333,2.3,4.6,.500,3.1,10.8,13.9,0.0,0.8,3.9,1.5,9.3,13.2,,83,101,1988
275,205,Johnny Newman,SF,24,NYK,77,25,1589,8.2,18.9,.435,0.8,2.8,.280,7.4,16.1,.463,6.3,7.5,.841,2.7,2.2,4.8,1.9,2.2,0.3,3.1,6.2,23.6,,108,109,1988
276,206,Kurt Nimphius,C,29,SAS,72,7,919,6.4,12.9,.498,0.0,0.1,.000,6.4,12.8,.500,3.0,4.2,.723,3.1,4.6,7.7,2.7,1.1,2.8,2.5,7.1,15.8,,107,113,1988
277,207,Ken Norman,SF,23,LAC,66,28,1435,8.0,16.6,.482,0.0,0.3,.000,8.0,16.3,.492,2.9,5.6,.512,3.3,5.4,8.7,2.6,1.5,1.1,3.4,4.1,18.9,,95,109,1988
278,208,Mike O'Koren,SF,29,NJN,4,0,52,8.4,15.0,.563,0.0,0.9,.000,8.4,14.0,.600,0.0,3.7,.000,0.9,2.8,3.7,1.9,2.8,1.9,0.0,1.9,16.9,,109,109,1988
279,209,Charles Oakley,PF,24,CHI,82,82,2816,6.7,13.9,.483,0.1,0.2,.250,6.6,13.6,.487,4.7,6.4,.727,5.8,13.2,19.0,4.4,1.2,0.5,4.3,4.9,18.1,,106,103,1988
280,210,Hakeem Olajuwon*,C,25,HOU,79,79,2825,11.9,23.1,.514,0.0,0.1,.000,11.9,23.1,.516,6.4,9.1,.695,5.0,11.0,16.0,2.7,2.7,3.6,4.1,5.4,30.1,,109,98,1988
281,211,Jawann Oldham,C,30,SAC,54,13,946,6.0,12.6,.476,0.0,0.0,,6.0,12.6,.476,3.0,4.4,.678,4.1,11.2,15.3,1.7,0.6,5.5,3.1,7.2,14.9,,100,106,1988
282,212,Louis Orr,SF,29,NYK,29,0,180,4.3,13.5,.320,0.0,0.3,.000,4.3,13.2,.327,2.2,4.3,.500,3.5,5.7,9.2,2.4,1.6,0.0,3.8,7.3,10.8,,75,108,1988
283,213,Robert Parish*,C,34,BOS,74,73,2312,9.4,15.9,.589,0.0,0.0,.000,9.4,15.9,.590,3.8,5.1,.734,3.7,9.6,13.3,2.4,1.2,1.8,3.3,4.2,22.5,,114,107,1988
284,214,Jim Paxson,SG,30,TOT,45,3,801,8.2,17.9,.460,0.3,1.3,.238,7.9,16.6,.477,4.1,4.7,.861,0.9,1.8,2.7,4.6,1.8,0.3,2.3,4.4,20.8,,107,112,1988
285,214,Jim Paxson,SG,30,POR,17,1,263,7.6,18.9,.402,0.5,1.4,.375,7.0,17.4,.404,2.5,3.2,.778,1.4,1.8,3.2,4.8,1.2,0.2,1.9,5.1,18.1,,100,112,1988
286,214,Jim Paxson,SG,30,BOS,28,2,538,8.6,17.4,.492,0.2,1.2,.154,8.4,16.2,.517,4.9,5.6,.885,0.6,1.8,2.5,4.5,2.1,0.4,2.6,4.0,22.2,,111,112,1988
287,215,John Paxson,PG,27,CHI,81,30,1888,7.6,15.5,.493,0.9,2.5,.347,6.8,13.0,.522,0.9,1.2,.733,0.4,2.3,2.8,8.1,1.3,0.0,1.7,4.1,17.0,,115,110,1988
288,216,Sam Perkins,PF,26,DAL,75,75,2499,7.8,17.3,.450,0.1,0.6,.167,7.7,16.8,.460,5.4,6.6,.822,4.0,7.9,11.9,2.3,1.5,1.1,2.4,4.5,21.1,,113,107,1988
289,217,Chuck Person,SF,23,IND,79,71,2807,10.0,21.8,.459,1.0,3.1,.333,9.0,18.8,.480,2.3,3.4,.670,3.0,6.4,9.4,5.4,1.3,0.1,3.7,4.6,23.4,,101,108,1988
290,218,Jim Petersen,PF,25,HOU,69,50,1793,6.5,12.8,.510,0.0,0.2,.167,6.5,12.7,.515,3.0,4.0,.745,3.8,7.7,11.5,2.8,0.9,1.1,3.1,5.3,16.1,,106,106,1988
291,219,Michael Phelps,SG,26,LAC,2,0,23,6.2,14.5,.429,0.0,0.0,,6.2,14.5,.429,6.2,8.3,.750,0.0,4.1,4.1,6.2,10.3,0.0,4.1,2.1,18.6,,97,92,1988
292,220,Ricky Pierce,SG,28,MIL,37,0,965,12.6,24.8,.510,0.2,0.7,.214,12.5,24.1,.519,5.5,6.2,.877,1.5,2.7,4.2,3.7,1.1,0.4,2.9,4.8,30.9,,111,112,1988
293,Rk,Player,Pos,Age,Tm,G,GS,MP,FG,FGA,FG%,3P,3PA,3P%,2P,2PA,2P%,FT,FTA,FT%,ORB,DRB,TRB,AST,STL,BLK,TOV,PF,PTS,,ORtg,DRtg,1988
294,221,Ed Pinckney,PF,24,SAC,79,7,1177,7.2,13.9,.522,0.0,0.1,.000,7.2,13.8,.525,5.4,7.2,.747,3.8,5.5,9.3,2.7,1.6,1.3,3.1,4.8,19.8,,113,112,1988
295,222,Scottie Pippen*,SF,22,CHI,79,0,1650,8.0,17.2,.463,0.1,0.7,.174,7.8,16.5,.475,3.0,5.2,.576,3.5,5.6,9.1,5.2,2.8,1.6,4.0,6.5,19.0,,98,103,1988
296,223,Olden Polynice,C,23,SEA,82,0,1080,5.2,11.3,.465,0.0,0.1,.000,5.2,11.2,.468,4.5,7.0,.639,5.4,9.2,14.6,1.5,1.4,1.2,3.6,9.5,14.9,,101,106,1988
297,224,Terry Porter,PG,24,POR,82,82,2991,7.2,13.8,.519,0.4,1.1,.348,6.8,12.7,.533,4.2,5.0,.846,1.0,4.8,5.9,12.9,2.3,0.2,3.8,3.2,18.9,,119,107,1988
298,225,Paul Pressey,SG,29,MIL,75,75,2484,6.8,13.9,.491,0.2,0.8,.205,6.7,13.1,.508,5.6,7.1,.798,2.6,4.9,7.4,10.4,2.2,0.7,3.9,4.6,19.5,,114,108,1988
299,226,Harold Pressley,SF,24,SAC,80,49,2029,7.5,16.5,.453,0.8,2.6,.327,6.6,13.9,.476,2.4,3.0,.792,3.3,5.4,8.6,4.3,2.0,1.3,3.2,4.9,18.2,,103,111,1988
300,227,Mark Price,PG,23,CLE,80,79,2626,9.3,18.3,.506,1.4,2.8,.486,7.9,15.5,.510,4.1,4.7,.877,1.0,2.4,3.4,9.0,1.9,0.2,3.5,2.2,24.0,,116,110,1988
301,228,Kurt Rambis,PF,29,LAL,70,20,845,5.8,10.7,.548,0.0,0.0,,5.8,10.7,.548,4.2,5.3,.785,5.9,9.5,15.4,3.1,2.2,0.7,3.4,5.9,15.9,,116,104,1988
302,229,Blair Rasmussen,C,25,DEN,79,45,1779,11.1,22.6,.492,0.0,0.0,,11.1,22.6,.492,3.4,4.3,.776,3.3,7.9,11.2,2.0,0.6,2.1,1.9,6.2,25.6,,109,106,1988
303,230,Robert Reid,SG,32,HOU,62,31,980,7.9,17.1,.463,0.6,1.6,.382,7.3,15.5,.472,2.4,3.0,.794,1.8,4.2,6.0,3.2,1.3,0.2,2.0,5.7,18.9,,107,109,1988
304,231,Richard Rellford,SF,23,SAS,4,0,42,5.5,8.8,.625,0.0,0.0,,5.5,8.8,.625,6.6,8.8,.750,2.2,5.5,7.7,1.1,0.0,3.3,4.4,3.3,17.5,,108,115,1988
305,232,Jerry Reynolds,SF,25,MIL,62,21,1161,8.0,17.8,.449,0.1,0.3,.429,7.8,17.5,.449,5.0,6.5,.773,3.0,3.8,6.8,4.4,3.1,1.4,4.4,4.1,21.1,,98,106,1988
306,233,Doc Rivers,PG,26,ATL,80,80,2502,8.0,17.7,.453,0.2,0.7,.273,7.8,17.1,.460,6.4,8.4,.758,1.7,5.6,7.3,14.9,2.8,0.8,4.2,5.4,22.6,,113,106,1988
307,234,Fred Roberts,PF,27,BOS,74,14,1032,7.6,15.7,.488,0.0,0.3,.000,7.6,15.4,.497,6.1,7.8,.776,2.8,4.8,7.7,3.8,0.8,0.7,3.2,5.6,21.4,,110,112,1988
308,235,Alvin Robertson,SG,25,SAS,82,82,2978,10.1,21.7,.465,0.4,1.5,.284,9.7,20.3,.478,4.2,5.6,.748,2.5,5.1,7.7,8.6,3.8,1.1,3.9,4.6,24.9,,106,109,1988
309,236,Cliff Robinson,SF,27,PHI,62,51,2110,11.4,24.7,.464,0.0,0.2,.222,11.4,24.4,.466,5.0,6.9,.717,2.7,6.8,9.6,3.1,1.9,0.9,3.8,4.5,27.9,,102,109,1988
310,237,Dennis Rodman*,SF,26,DET,82,32,2147,9.0,16.1,.561,0.1,0.4,.294,8.9,15.7,.568,3.5,6.5,.535,7.2,9.0,16.3,2.5,1.7,1.0,3.5,6.2,21.7,,112,103,1988
311,238,Johnny Rogers,PF,24,CLE,24,0,168,7.6,17.9,.426,0.0,0.6,.000,7.6,17.3,.441,2.9,3.8,.769,2.3,5.6,7.9,0.9,1.2,0.9,2.9,6.8,18.2,,91,108,1988
312,239,Tree Rollins,C,32,ATL,76,59,1765,3.8,7.3,.512,0.0,0.0,,3.8,7.3,.512,2.0,2.3,.875,4.0,8.9,13.0,0.6,0.9,3.7,1.4,6.5,9.5,,117,105,1988
313,240,Scott Roth,SF,24,UTA,26,0,201,7.1,17.4,.405,0.5,2.6,.182,6.6,14.8,.444,5.2,7.1,.733,1.6,4.9,6.6,3.8,2.8,0.0,2.6,8.7,19.8,,100,103,1988
314,Rk,Player,Pos,Age,Tm,G,GS,MP,FG,FGA,FG%,3P,3PA,3P%,2P,2PA,2P%,FT,FTA,FT%,ORB,DRB,TRB,AST,STL,BLK,TOV,PF,PTS,,ORtg,DRtg,1988
315,241,Brian Rowsom,PF,22,IND,4,0,16,0.0,18.4,.000,0.0,0.0,,0.0,18.4,.000,18.4,18.4,1.000,3.1,12.2,15.3,3.1,3.1,0.0,3.1,9.2,18.4,,85,101,1988
316,242,Walker Russell,PG,27,DET,1,0,1,0.0,48.8,.000,0.0,48.8,.000,0.0,0.0,,0.0,0.0,,0.0,0.0,0.0,48.8,0.0,0.0,0.0,0.0,0.0,,53,114,1988
317,243,John Salley,C,23,DET,82,16,2003,6.3,11.1,.566,0.0,0.0,,6.3,11.1,.566,4.5,6.4,.709,4.0,5.8,9.8,2.8,1.3,3.3,2.9,7.2,17.1,,116,104,1988
318,244,Ralph Sampson*,C-PF,27,TOT,48,44,1663,8.5,19.4,.438,0.1,0.3,.182,8.4,19.0,.443,4.2,5.6,.760,4.0,9.1,13.1,3.5,1.2,2.5,4.9,4.7,21.3,,94,107,1988
319,244,Ralph Sampson*,PF,27,HOU,19,19,705,8.0,18.1,.439,0.1,0.4,.333,7.8,17.7,.442,4.2,5.7,.741,3.9,7.6,11.5,2.5,1.1,2.2,4.1,4.2,20.3,,96,105,1988
320,244,Ralph Sampson*,C,27,GSW,29,25,958,8.9,20.3,.438,0.0,0.2,.000,8.9,20.0,.443,4.2,5.5,.775,4.0,10.3,14.3,4.2,1.2,2.7,5.4,5.0,22.0,,92,109,1988
321,245,Mike Sanders,SF,27,TOT,59,16,883,8.4,16.6,.505,0.0,0.1,.000,8.4,16.5,.507,3.2,4.2,.776,2.1,3.9,6.0,3.1,1.7,0.5,2.7,7.2,20.0,,106,111,1988
322,245,Mike Sanders,SF,27,PHO,35,5,466,8.3,17.4,.480,0.0,0.1,.000,8.3,17.3,.482,4.0,5.4,.736,2.8,3.5,6.3,3.1,1.8,0.4,2.7,7.4,20.7,,105,113,1988
323,245,Mike Sanders,SF,27,CLE,24,11,417,8.4,15.6,.538,0.0,0.0,,8.4,15.6,.538,2.4,2.7,.870,1.2,4.4,5.6,3.1,1.5,0.6,2.7,6.9,19.2,,107,108,1988
324,246,Danny Schayes,PF,28,DEN,81,74,2166,7.6,14.0,.540,0.0,0.0,.000,7.6,14.0,.542,8.5,10.2,.836,4.2,9.7,13.9,2.2,1.3,1.9,3.3,6.8,23.7,,122,104,1988
325,247,Russ Schoene,PF,27,SEA,81,2,973,10.2,22.3,.458,0.8,2.9,.293,9.4,19.5,.482,2.5,3.1,.810,3.8,5.9,9.7,2.6,1.9,0.6,2.8,7.4,23.8,,106,108,1988
326,248,Detlef Schrempf,SF,25,DAL,82,4,1587,7.7,16.8,.456,0.2,1.0,.156,7.5,15.8,.475,6.3,8.3,.756,3.2,5.5,8.7,5.0,1.3,1.0,3.4,5.9,21.8,,111,109,1988
327,249,Byron Scott,SG,26,LAL,81,81,3048,11.3,21.4,.527,1.0,2.8,.346,10.3,18.6,.554,4.3,5.0,.858,1.2,4.1,5.3,5.3,2.5,0.4,2.6,3.2,27.9,,118,108,1988
328,250,Carey Scurry,SF,25,TOT,33,0,455,5.7,12.3,.466,0.3,0.8,.375,5.4,11.4,.473,2.8,4.1,.692,3.1,5.6,8.7,5.2,5.1,2.4,4.5,8.4,14.6,,95,96,1988
329,250,Carey Scurry,SF,25,UTA,29,0,447,5.7,12.3,.466,0.3,0.8,.375,5.4,11.4,.472,2.9,4.1,.692,3.1,5.5,8.6,5.2,5.0,2.3,4.3,8.2,14.6,,95,96,1988
330,250,Carey Scurry,SF,25,NYK,4,0,8,6.1,12.1,.500,0.0,0.0,,6.1,12.1,.500,0.0,0.0,,6.1,12.1,18.2,6.1,12.1,6.1,12.1,18.2,12.1,,66,76,1988
331,251,Brad Sellers,SF,25,CHI,82,76,2212,7.4,16.2,.457,0.0,0.2,.143,7.4,16.1,.460,2.8,3.6,.790,2.4,3.3,5.7,3.2,0.8,1.5,2.1,4.0,17.7,,105,109,1988
332,252,Purvis Short,SG,30,HOU,81,11,1949,11.5,23.9,.481,0.1,0.5,.238,11.3,23.4,.486,5.0,5.8,.858,1.7,3.7,5.4,3.9,1.4,0.3,2.9,4.8,28.0,,109,109,1988
333,253,Jerry Sichting,PG,31,TOT,52,1,694,6.4,11.8,.541,0.7,1.5,.455,5.7,10.3,.553,1.2,1.6,.739,0.6,1.9,2.5,6.4,1.4,0.0,1.5,4.1,14.6,,122,112,1988
334,253,Jerry Sichting,PG,31,BOS,24,1,370,5.8,10.9,.537,0.3,1.1,.250,5.6,9.8,.568,1.1,1.6,.667,0.7,2.1,2.8,7.9,1.9,0.0,1.9,4.0,13.0,,118,112,1988
335,253,Jerry Sichting,PG,31,POR,28,0,324,7.0,12.9,.544,1.1,2.0,.571,5.9,10.9,.539,1.3,1.6,.818,0.6,1.6,2.1,4.7,1.0,0.0,1.1,4.3,16.4,,126,113,1988
336,254,Jack Sikma*,C,32,MIL,82,82,2923,8.7,17.8,.486,0.1,0.2,.214,8.6,17.6,.489,5.4,5.9,.922,3.3,8.7,11.9,4.7,1.6,1.3,2.6,5.3,22.8,,115,105,1988
337,255,Scott Skiles,PG,23,IND,51,2,760,5.5,13.5,.411,0.4,1.3,.300,5.2,12.2,.423,2.9,3.5,.833,0.7,3.5,4.3,11.6,1.4,0.2,4.9,6.3,14.4,,95,110,1988
338,256,Derek Smith,SG,26,SAC,35,18,899,9.2,19.3,.478,0.4,1.2,.348,8.8,18.0,.487,4.6,6.0,.770,1.9,3.6,5.4,4.7,1.1,0.9,2.5,5.7,23.4,,111,114,1988
339,257,Kenny Smith,PG,22,SAC,61,60,2170,7.3,15.2,.477,0.3,0.9,.308,7.0,14.4,.487,3.7,4.5,.819,0.9,2.1,3.0,9.5,2.0,0.2,4.0,3.1,18.4,,106,114,1988
340,258,Larry Smith,PF,30,GSW,20,10,499,5.5,11.6,.472,0.0,0.1,.000,5.5,11.5,.475,1.0,2.6,.407,7.5,9.8,17.2,2.4,1.1,1.0,3.4,6.0,12.0,,97,111,1988
341,259,Otis Smith,SG,24,TOT,72,18,1549,9.9,20.1,.491,0.4,1.2,.317,9.5,18.9,.502,5.4,7.0,.777,3.8,3.7,7.5,4.7,2.8,1.3,3.2,4.9,25.5,,111,111,1988
342,259,Otis Smith,SG,24,DEN,15,6,191,8.8,22.2,.398,0.0,0.0,,8.8,22.2,.398,5.0,6.7,.750,3.8,3.3,7.1,2.6,1.2,1.4,2.9,5.5,22.6,,96,109,1988
343,259,Otis Smith,SG,24,GSW,57,12,1358,10.0,19.8,.506,0.5,1.4,.317,9.6,18.4,.521,5.5,7.0,.781,3.8,3.7,7.5,5.0,3.0,1.3,3.3,4.8,26.0,,114,111,1988
344,260,Mike Smrek,C,25,LAL,48,2,421,5.1,11.9,.427,0.0,0.0,,5.1,11.9,.427,5.1,7.6,.667,3.1,6.7,9.8,0.9,0.8,4.8,3.5,12.1,15.2,,95,105,1988
345,Rk,Player,Pos,Age,Tm,G,GS,MP,FG,FGA,FG%,3P,3PA,3P%,2P,2PA,2P%,FT,FTA,FT%,ORB,DRB,TRB,AST,STL,BLK,TOV,PF,PTS,,ORtg,DRtg,1988
346,261,Rory Sparrow,PG,29,TOT,58,25,1044,5.6,14.1,.399,0.1,0.6,.154,5.5,13.5,.411,1.2,1.6,.727,0.7,2.7,3.5,8.0,2.0,0.1,2.8,3.8,12.5,,94,109,1988
347,261,Rory Sparrow,PG,29,NYK,3,0,52,4.7,17.7,.263,0.0,0.9,.000,4.7,16.8,.278,0.0,0.0,,0.9,0.9,1.9,4.7,3.7,0.0,5.6,6.5,9.3,,56,107,1988
348,261,Rory Sparrow,PG,29,CHI,55,25,992,5.7,13.9,.409,0.1,0.6,.167,5.6,13.3,.420,1.2,1.7,.727,0.7,2.8,3.5,8.2,1.9,0.2,2.6,3.6,12.7,,97,109,1988
349,262,Steve Stipanovich,C,27,IND,80,80,2692,7.5,15.1,.496,0.1,0.3,.200,7.4,14.8,.502,4.6,5.7,.809,2.9,9.2,12.0,3.3,1.6,1.3,2.8,5.5,19.6,,110,105,1988
350,263,John Stockton*,PG,25,UTA,82,79,2842,7.6,13.2,.574,0.4,1.1,.358,7.2,12.0,.594,4.5,5.4,.840,0.9,3.0,3.9,18.8,4.0,0.3,4.4,4.1,20.0,,125,102,1988
351,264,John Stroeder,PF,29,MIL,41,0,271,5.3,14.3,.367,0.0,0.4,.000,5.3,14.0,.377,3.6,5.4,.667,4.4,8.5,12.9,3.6,0.5,2.2,4.4,8.7,14.2,,86,107,1988
352,265,Jon Sundvold,PG,26,SAS,52,12,1024,7.9,17.0,.464,1.2,2.9,.406,6.7,14.1,.476,1.9,2.2,.896,0.6,1.5,2.2,8.2,1.2,0.1,2.6,2.4,18.9,,110,118,1988
353,266,Roy Tarpley,PF,23,DAL,81,9,2307,9.5,19.0,.500,0.0,0.1,.000,9.5,18.9,.503,4.4,5.9,.740,7.7,12.8,20.6,1.8,2.2,1.8,3.7,6.7,23.4,,111,101,1988
354,267,Terry Teagle,SG,27,GSW,47,4,958,12.2,26.9,.454,0.0,0.4,.111,12.2,26.5,.460,4.8,6.0,.802,2.0,2.0,4.0,3.0,1.6,0.2,3.9,4.7,29.3,,97,116,1988
355,268,Reggie Theus,SG,30,SAC,73,73,2653,11.1,23.6,.470,0.3,1.1,.271,10.8,22.6,.479,5.7,6.9,.831,1.3,2.9,4.2,8.3,1.1,0.3,4.2,3.1,28.2,,108,116,1988
356,269,Isiah Thomas*,PG,26,DET,81,81,2927,10.4,22.4,.463,0.5,1.6,.309,9.9,20.7,.475,5.1,6.6,.774,1.1,3.6,4.6,11.3,2.4,0.3,4.6,3.6,26.3,,108,106,1988
357,270,Bernard Thompson,SF,25,PHO,37,7,566,6.2,13.3,.465,0.0,0.2,.000,6.2,13.2,.471,3.6,5.0,.717,3.4,3.0,6.4,4.3,1.8,0.1,1.8,6.3,16.0,,112,114,1988
358,271,Billy Thompson,SF,24,LAL,9,0,38,3.8,16.6,.231,0.0,0.0,,3.8,16.6,.231,10.2,12.7,.800,2.5,8.9,11.5,1.3,1.3,0.0,7.6,14.0,17.8,,73,107,1988
359,272,LaSalle Thompson,C,26,SAC,69,9,1257,8.1,17.3,.471,0.1,0.2,.400,8.1,17.1,.472,4.5,6.2,.720,5.2,10.9,16.2,2.6,2.0,2.8,4.1,8.2,20.8,,101,106,1988
360,273,Mychal Thompson,C,33,LAL,80,0,2007,8.9,17.4,.512,0.0,0.1,.000,8.9,17.4,.515,4.5,7.0,.634,4.8,7.0,11.8,1.6,0.9,1.9,2.7,6.1,22.3,,110,107,1988
361,274,Bob Thornton,PF,25,TOT,48,2,593,5.5,10.9,.500,0.0,0.2,.000,5.5,10.7,.508,2.9,4.6,.618,3.9,5.5,9.4,1.3,0.9,0.3,2.9,8.6,13.8,,101,112,1988
362,274,Bob Thornton,PF,25,NYK,7,0,85,3.4,10.8,.316,0.0,0.0,,3.4,10.8,.316,2.9,4.6,.625,2.9,4.6,7.4,2.3,1.1,0.0,4.6,13.1,9.7,,73,109,1988
363,274,Bob Thornton,PF,25,PHI,41,2,508,5.8,10.9,.532,0.0,0.2,.000,5.8,10.7,.541,2.9,4.6,.617,4.0,5.7,9.7,1.1,0.9,0.3,2.7,7.9,14.5,,107,113,1988
364,275,Otis Thorpe,PF,25,SAC,82,82,3072,9.6,19.0,.507,0.0,0.1,.000,9.6,18.9,.510,7.1,9.4,.755,4.3,8.6,13.0,4.1,1.0,0.9,3.5,4.1,26.4,,114,112,1988
365,276,Sedale Threatt,PG,26,TOT,71,0,1055,10.1,19.9,.508,0.1,1.3,.111,10.0,18.7,.535,2.7,3.3,.803,1.1,3.0,4.1,7.5,2.8,0.4,3.0,4.7,23.1,,111,107,1988
366,276,Sedale Threatt,PG,26,CHI,45,0,701,9.5,18.9,.502,0.1,1.4,.100,9.3,17.4,.535,2.3,2.9,.780,0.9,3.1,3.9,7.7,1.9,0.2,3.2,5.1,21.4,,107,108,1988
367,276,Sedale Threatt,PG,26,SEA,26,0,354,11.4,21.9,.519,0.1,0.9,.143,11.2,21.0,.535,3.4,4.1,.833,1.5,3.0,4.5,7.2,4.5,0.7,2.6,3.9,26.2,,117,105,1988
368,277,Wayman Tisdale,PF,23,IND,79,57,2378,10.5,20.6,.512,0.0,0.0,.000,10.5,20.5,.513,5.1,6.5,.783,3.5,6.7,10.1,2.1,1.1,0.7,3.0,5.6,26.1,,110,108,1988
369,278,Ray Tolbert,PF,29,TOT,25,0,259,6.5,12.9,.507,0.0,0.0,,6.5,12.9,.507,3.6,5.6,.633,4.3,6.0,10.3,1.9,1.5,0.9,3.9,7.3,16.6,,100,107,1988
370,278,Ray Tolbert,PF,29,NYK,11,0,177,5.2,11.2,.463,0.0,0.0,,5.2,11.2,.463,2.5,4.7,.529,3.8,5.7,9.6,1.4,1.4,0.5,2.7,6.8,12.9,,96,108,1988
371,278,Ray Tolbert,PF,29,LAL,14,0,82,9.5,16.5,.571,0.0,0.0,,9.5,16.5,.571,5.9,7.7,.769,5.3,6.5,11.8,3.0,1.8,1.8,6.5,8.3,24.8,,104,106,1988
372,279,Andrew Toney,SG,30,PHI,29,15,522,6.9,16.4,.421,0.9,2.6,.333,6.0,13.8,.438,5.6,6.9,.806,0.8,3.7,4.5,10.3,1.1,0.6,4.8,3.4,20.2,,105,114,1988
373,280,Sedric Toney,PG,25,NYK,21,0,139,7.3,16.7,.438,1.7,4.9,.357,5.6,11.9,.471,3.5,3.8,.909,1.0,1.7,2.8,8.4,3.1,0.3,4.2,7.0,19.9,,107,107,1988
374,Rk,Player,Pos,Age,Tm,G,GS,MP,FG,FGA,FG%,3P,3PA,3P%,2P,2PA,2P%,FT,FTA,FT%,ORB,DRB,TRB,AST,STL,BLK,TOV,PF,PTS,,ORtg,DRtg,1988
375,281,Kelly Tripucka,SF,28,UTA,49,21,976,6.7,14.7,.459,1.5,3.6,.419,5.2,11.1,.472,2.9,3.3,.868,1.5,4.2,5.7,5.1,1.6,0.2,3.3,3.3,17.8,,104,106,1988
376,282,Trent Tucker,SG,28,NYK,71,4,1248,7.5,17.7,.424,2.7,6.5,.413,4.8,11.2,.431,2.0,2.8,.718,1.2,3.4,4.6,4.5,2.1,0.2,1.8,6.1,19.6,,113,108,1988
377,283,Andre Turner,PG,23,HOU,12,0,99,5.7,16.2,.353,0.5,3.3,.143,5.2,12.9,.407,4.8,6.7,.714,1.9,1.9,3.8,11.0,3.3,0.5,5.7,6.2,16.7,,90,106,1988
378,284,Elston Turner,SF,28,CHI,17,0,98,4.1,15.4,.267,0.0,0.0,,4.1,15.4,.267,0.5,1.0,.500,4.1,1.0,5.1,4.6,4.1,0.0,5.1,2.6,8.7,,65,105,1988
379,285,Melvin Turpin,C,27,UTA,79,0,1011,9.3,18.2,.512,0.0,0.1,.333,9.3,18.1,.513,3.3,4.6,.724,4.1,6.9,11.0,1.5,1.2,3.2,3.3,7.3,22.0,,103,102,1988
380,286,Terry Tyler,SF,31,SAC,74,28,1185,7.4,16.3,.452,0.0,0.3,.143,7.3,16.1,.458,1.6,2.6,.641,3.5,6.2,9.7,2.2,1.7,1.9,1.7,3.4,16.5,,103,111,1988
381,287,Darnell Valentine,PG,28,LAC,79,31,1636,6.5,15.5,.418,0.4,1.0,.455,6.1,14.6,.416,2.9,4.0,.743,1.1,3.5,4.5,11.1,3.6,0.2,4.3,3.9,16.4,,97,106,1988
382,288,Kiki Vandeweghe,SF,29,POR,37,7,1038,12.6,24.9,.508,1.0,2.6,.379,11.7,22.3,.523,7.1,8.1,.878,1.6,3.3,4.9,3.2,0.9,0.3,2.1,3.0,33.3,,121,111,1988
383,289,Jay Vincent,SF,28,DEN,73,8,1755,11.6,24.8,.466,0.0,0.1,.250,11.5,24.7,.466,6.0,7.4,.805,2.1,5.9,8.0,3.7,1.2,0.7,3.6,5.1,29.1,,103,108,1988
384,290,Sam Vincent,PG,24,TOT,72,27,1501,6.9,15.2,.456,0.3,0.7,.381,6.6,14.5,.459,4.8,5.5,.868,1.2,3.8,5.0,12.5,1.8,0.5,4.5,4.8,18.9,,109,109,1988
385,290,Sam Vincent,PG,24,SEA,43,0,548,6.3,13.3,.474,0.4,1.1,.385,5.9,12.1,.482,4.0,5.2,.767,1.5,2.8,4.3,12.0,1.8,0.3,4.5,5.5,17.0,,109,111,1988
386,290,Sam Vincent,PG,24,CHI,29,27,953,7.3,16.3,.447,0.2,0.4,.375,7.1,15.9,.449,5.2,5.6,.925,0.9,4.5,5.4,12.9,1.8,0.6,4.4,4.3,19.9,,109,107,1988
387,291,Danny Vranes,SF,29,PHI,57,5,772,3.4,7.8,.438,0.0,0.2,.000,3.4,7.6,.449,1.0,2.3,.429,2.9,4.7,7.6,2.3,1.7,2.1,1.6,6.5,7.8,,98,110,1988
388,292,Mark Wade,PG,22,GSW,11,0,123,1.2,7.7,.150,0.0,0.8,.000,1.2,6.9,.167,0.8,1.5,.500,1.2,4.6,5.8,13.1,2.7,0.4,5.0,5.0,3.1,,65,112,1988
389,293,Milt Wagner,SG,24,LAL,40,4,380,7.9,18.7,.422,0.3,1.3,.200,7.6,17.5,.438,3.3,3.7,.897,0.5,3.1,3.6,7.8,0.8,0.5,2.8,5.4,19.4,,102,112,1988
390,294,Granville Waiters,C,27,CHI,22,0,114,4.0,12.8,.310,0.0,0.4,.000,4.0,12.3,.321,0.0,0.9,.000,4.0,8.4,12.3,0.4,0.9,6.6,2.6,11.5,7.9,,69,100,1988
391,295,Darrell Walker,SG,26,WSB,52,0,940,5.9,15.1,.392,0.0,0.3,.000,5.9,14.8,.400,4.3,5.5,.781,2.2,4.4,6.6,5.2,3.2,0.5,3.6,5.5,16.1,,95,106,1988
392,296,Kenny Walker,SF,23,NYK,82,61,2139,7.8,16.5,.473,0.0,0.0,.000,7.8,16.5,.473,3.1,4.0,.775,4.3,4.5,8.8,1.9,1.4,1.3,1.9,6.6,18.7,,111,108,1988
393,297,Jamie Waller,SG,23,NJN,9,0,91,8.6,21.4,.400,0.0,1.1,.000,8.6,20.3,.421,5.4,9.6,.556,4.8,2.1,7.0,1.6,2.1,0.5,5.9,7.0,22.5,,83,111,1988
394,298,Chris Washburn,C,22,TOT,37,0,260,6.8,15.2,.444,0.0,0.0,,6.8,15.2,.444,3.4,5.8,.581,5.3,8.8,14.1,1.1,0.9,1.5,3.2,5.5,16.9,,97,108,1988
395,298,Chris Washburn,C,22,GSW,8,0,86,7.7,17.6,.438,0.0,0.0,,7.7,17.6,.438,2.7,4.4,.625,4.9,6.0,11.0,1.6,0.5,0.0,3.8,5.5,18.1,,92,115,1988
396,298,Chris Washburn,C,22,ATL,29,0,174,6.3,14.0,.449,0.0,0.0,,6.3,14.0,.449,3.7,6.6,.565,5.4,10.3,15.7,0.9,1.1,2.3,2.9,5.4,16.3,,100,105,1988
397,299,Duane Washington,SG,23,NJN,15,0,156,5.6,13.1,.429,0.6,1.2,.500,5.0,11.9,.421,5.0,6.2,.800,1.6,5.3,6.9,10.6,3.7,0.0,2.8,7.2,16.9,,115,107,1988
398,300,Kermit Washington,PF,36,GSW,6,1,56,5.9,11.8,.500,0.0,0.0,,5.9,11.8,.500,1.7,1.7,1.000,7.6,8.4,16.0,0.0,3.4,3.4,3.4,11.0,13.5,,103,105,1988
399,Rk,Player,Pos,Age,Tm,G,GS,MP,FG,FGA,FG%,3P,3PA,3P%,2P,2PA,2P%,FT,FTA,FT%,ORB,DRB,TRB,AST,STL,BLK,TOV,PF,PTS,,ORtg,DRtg,1988
400,301,Pearl Washington,PG,24,NJN,68,10,1379,8.7,19.3,.448,0.4,1.7,.224,8.3,17.6,.470,4.7,6.7,.698,1.9,2.3,4.2,7.3,3.2,0.1,5.0,5.8,22.4,,97,110,1988
401,302,Spud Webb,PG,24,ATL,82,1,1347,7.1,14.9,.475,0.0,0.7,.053,7.0,14.2,.496,4.0,4.8,.817,0.6,4.8,5.4,12.5,2.3,0.4,4.8,4.6,18.1,,105,108,1988
402,303,Chris Welp,C,24,PHI,10,0,132,6.8,11.7,.581,0.0,0.0,,6.8,11.7,.581,4.5,6.8,.667,4.2,4.9,9.1,1.9,1.9,1.9,3.4,9.5,18.2,,112,110,1988
403,304,Bill Wennington,C,24,DAL,30,0,125,9.9,19.4,.510,0.4,0.8,.500,9.5,18.6,.511,4.8,7.5,.632,5.5,9.9,15.4,1.6,2.0,3.6,3.6,13.1,24.9,,109,102,1988
404,305,Mark West,C,27,TOT,83,41,2098,7.3,13.2,.551,0.0,0.0,.000,7.3,13.2,.552,3.9,6.6,.596,3.8,8.3,12.1,1.7,1.1,3.4,4.0,6.1,18.5,,101,106,1988
405,305,Mark West,C,27,CLE,54,12,1183,7.6,13.2,.576,0.0,0.0,,7.6,13.2,.576,4.0,6.4,.621,3.5,8.3,11.7,2.1,1.0,3.3,3.8,6.6,19.1,,106,104,1988
406,305,Mark West,C,27,PHO,29,29,915,6.9,13.3,.521,0.0,0.1,.000,6.9,13.3,.523,3.9,6.8,.568,4.3,8.3,12.5,1.2,1.1,3.5,4.3,5.5,17.8,,96,108,1988
407,306,Ennis Whatley,PG,25,ATL,5,0,24,8.3,18.7,.444,0.0,0.0,,8.3,18.7,.444,6.2,8.3,.750,0.0,8.3,8.3,4.2,4.2,0.0,8.3,6.2,22.8,,81,102,1988
408,307,Clinton Wheeler,PG,28,IND,59,0,513,5.9,12.6,.470,0.0,0.0,,5.9,12.6,.470,2.4,3.2,.735,1.8,2.0,3.8,9.8,3.4,0.2,5.0,3.5,14.2,,96,107,1988
409,308,Eric White,SF,22,LAC,17,4,352,8.9,16.8,.532,0.1,0.1,1.000,8.8,16.6,.528,6.1,7.7,.789,4.2,4.2,8.4,1.2,0.9,0.4,2.8,4.3,24.1,,115,111,1988
410,309,Tony White,PG,22,TOT,49,0,581,9.1,20.4,.446,0.0,0.5,.000,9.1,19.9,.457,3.2,4.4,.722,1.0,1.6,2.5,4.8,1.6,0.2,3.8,4.7,21.3,,94,115,1988
411,309,Tony White,PG,22,CHI,2,0,2,0.0,0.0,,0.0,0.0,,0.0,0.0,,0.0,0.0,,0.0,0.0,0.0,0.0,0.0,0.0,0.0,0.0,0.0,,,115,1988
412,309,Tony White,PG,22,NYK,12,0,117,7.0,19.0,.370,0.0,0.4,.000,7.0,18.6,.378,3.7,5.4,.692,0.4,0.8,1.2,4.1,0.4,0.0,5.4,5.8,17.8,,79,114,1988
413,309,Tony White,PG,22,GSW,35,0,462,9.6,20.8,.463,0.0,0.5,.000,9.6,20.2,.475,3.1,4.2,.732,1.1,1.7,2.9,5.0,1.9,0.2,3.5,4.4,22.3,,98,116,1988
414,310,Jerome Whitehead,C,31,GSW,72,27,1221,6.7,13.9,.483,0.0,0.0,,6.7,13.9,.483,2.3,3.2,.720,4.2,8.2,12.4,1.5,1.2,0.8,1.9,8.1,15.7,,107,112,1988
415,311,Dominique Wilkins*,SF,28,ATL,78,76,2948,15.4,33.1,.464,0.6,2.2,.295,14.7,30.9,.476,9.1,11.1,.826,3.6,4.9,8.5,3.8,1.7,0.8,3.7,2.7,40.5,,111,109,1988
416,312,Gerald Wilkins,SG,24,NYK,81,78,2703,10.6,23.7,.446,0.7,2.3,.302,9.9,21.4,.462,3.4,4.4,.786,1.9,2.9,4.8,5.8,1.6,0.4,3.8,3.3,25.3,,102,110,1988
417,313,Buck Williams,PF,27,NJN,70,70,2637,8.6,15.4,.560,0.0,0.0,1.000,8.6,15.3,.560,6.4,9.6,.668,5.5,9.9,15.4,2.0,1.3,0.8,3.5,4.9,23.6,,115,108,1988
418,314,Herb Williams,C,29,IND,75,37,1966,7.7,18.2,.425,0.0,0.1,.000,7.7,18.1,.428,3.1,4.3,.737,2.9,8.8,11.7,2.4,0.9,3.6,3.0,6.1,18.6,,94,104,1988
419,315,Hot Rod Williams,PF,25,CLE,77,50,2106,7.4,15.5,.477,0.0,0.0,.000,7.4,15.5,.477,4.9,6.5,.756,3.7,8.1,11.8,2.4,1.4,3.4,2.4,4.8,19.7,,110,103,1988
420,316,John Williams,SF,21,WSB,82,37,2428,8.6,18.3,.469,0.1,0.8,.132,8.5,17.6,.484,3.8,5.2,.734,2.6,6.4,8.9,4.7,2.4,0.7,2.9,4.4,21.1,,106,106,1988
421,317,Kevin Williams,SG,26,SEA,80,9,1084,8.8,19.9,.442,0.0,0.3,.143,8.7,19.6,.447,4.6,5.4,.844,2.7,2.9,5.6,4.2,2.7,0.3,3.0,9.1,22.2,,106,109,1988
422,318,Reggie Williams,SF,23,LAC,35,14,857,8.4,23.7,.356,0.7,3.2,.224,7.7,20.5,.377,2.7,3.7,.727,3.1,3.5,6.6,3.2,1.6,1.2,3.5,6.0,20.3,,84,110,1988
423,319,Kevin Willis,PF,25,ATL,75,55,2091,8.5,16.4,.518,0.0,0.0,.000,8.5,16.3,.520,3.8,5.8,.649,5.6,7.4,13.0,0.7,1.6,1.0,3.3,5.7,20.7,,107,107,1988
424,320,Nikita Wilson,SF,23,POR,15,0,54,6.0,19.7,.304,0.0,0.0,,6.0,19.7,.304,4.3,5.1,.833,1.7,7.7,9.4,2.6,0.0,0.0,4.3,6.0,16.3,,77,110,1988
425,Rk,Player,Pos,Age,Tm,G,GS,MP,FG,FGA,FG%,3P,3PA,3P%,2P,2PA,2P%,FT,FTA,FT%,ORB,DRB,TRB,AST,STL,BLK,TOV,PF,PTS,,ORtg,DRtg,1988
426,321,Ricky Wilson,PG,23,TOT,24,1,420,4.7,12.1,.391,1.1,2.9,.385,3.6,9.3,.393,3.2,4.4,.725,0.2,2.8,3.0,7.6,2.5,0.3,2.8,4.4,13.8,,102,113,1988
427,321,Ricky Wilson,PG,23,NJN,6,0,47,7.3,11.4,.636,1.0,1.0,1.000,6.2,10.4,.600,6.2,11.4,.545,1.0,0.0,1.0,6.2,6.2,0.0,4.1,6.2,21.8,,114,105,1988
428,321,Ricky Wilson,PG,23,SAS,18,1,373,4.4,12.2,.364,1.1,3.1,.360,3.3,9.1,.365,2.8,3.6,.793,0.1,3.1,3.2,7.8,2.1,0.4,2.6,4.2,12.8,,100,114,1988
429,322,David Wingate,SG,24,PHI,61,22,1419,7.7,19.2,.400,0.4,1.4,.250,7.3,17.8,.412,3.5,4.6,.750,1.5,2.0,3.6,4.2,1.7,0.8,3.7,4.4,19.2,,93,113,1988
430,323,Rickie Winslow,SF,23,MIL,7,0,45,3.3,14.2,.231,0.0,1.1,.000,3.3,13.1,.250,1.1,2.2,.500,3.3,4.4,7.7,2.2,1.1,0.0,4.4,9.8,7.7,,57,110,1988
431,324,Randy Wittman,SG,28,ATL,82,82,2412,7.8,16.3,.478,0.0,0.0,,7.8,16.3,.478,1.5,1.8,.798,0.8,2.7,3.5,6.2,1.0,0.4,1.7,2.4,17.0,,109,112,1988
432,325,Joe Wolf,C,23,LAC,42,26,1137,5.7,14.0,.407,0.1,0.6,.200,5.6,13.4,.417,1.9,2.3,.833,2.1,5.7,7.8,4.1,1.6,0.7,3.2,5.8,13.4,,89,108,1988
433,326,Leon Wood,PG,25,TOT,52,8,909,6.9,15.9,.436,2.6,6.5,.409,4.3,9.4,.454,3.9,5.0,.768,0.9,2.0,2.9,8.9,1.3,0.1,2.0,2.5,20.4,,122,117,1988
434,326,Leon Wood,PG,25,SAS,38,8,830,6.6,15.6,.426,2.4,6.0,.398,4.3,9.6,.443,3.8,5.0,.758,0.9,1.9,2.8,8.6,1.2,0.1,1.9,2.4,19.5,,120,117,1988
435,326,Leon Wood,PG,25,ATL,14,0,79,10.1,18.9,.533,5.7,12.0,.474,4.4,6.9,.636,4.4,5.0,.875,0.6,3.2,3.8,12.0,2.5,0.0,3.2,3.8,30.3,,141,109,1988
436,327,Mike Woodson,SG,29,LAC,80,77,2534,10.6,23.7,.445,0.3,1.5,.231,10.2,22.3,.459,5.6,6.4,.868,1.2,2.4,3.6,5.1,2.0,0.5,3.5,3.9,27.0,,102,110,1988
437,328,Orlando Woolridge,SF,28,NJN,19,12,622,8.6,19.3,.445,0.0,0.2,.000,8.6,19.2,.449,7.2,10.2,.708,2.4,4.7,7.1,5.6,1.0,1.6,3.8,5.7,24.4,,104,111,1988
438,329,James Worthy*,SF,26,LAL,75,72,2655,11.3,21.2,.531,0.0,0.3,.125,11.2,20.9,.537,4.4,5.5,.796,2.4,4.5,6.8,5.3,1.3,1.0,2.8,3.2,27.0,,115,109,1988
439,330,Brad Wright,PF,25,DEN,2,0,7,6.5,32.5,.200,0.0,0.0,,6.5,32.5,.200,0.0,0.0,,0.0,6.5,6.5,0.0,0.0,0.0,13.0,19.5,13.0,,31,110,1988
440,331,Danny Young,PG,25,SEA,77,0,949,4.5,11.0,.408,1.1,3.9,.286,3.4,7.1,.475,2.2,2.7,.811,0.9,2.9,3.8,11.0,2.6,0.1,1.9,3.5,12.3,,120,109,1988
441,332,Phil Zevenbergen,C,23,SAS,8,0,58,11.9,21.4,.556,0.0,0.0,,11.9,21.4,.556,0.0,1.6,.000,3.2,7.1,10.3,2.4,2.4,0.8,3.2,9.5,23.8,,100,110,1988
