,Rk,Player,Pos,Age,Tm,G,MP,FG%,Dist.,Unnamed: 9,2P_FGAxDist,0_3_FGAxDist,3_10_FGAxDist,10_16_FGAxDist,16_3P_FGAxDist,3P_FGAxDist,Unnamed: 16,2P_FGPxDist,0_3_FGPxDist,3_10_FGPxDist,10_16_FGPxDist,16_3P_FGPxDist,3P_FGPxDist,Unnamed: 23,2PAstP,3PAstP,Unnamed: 26,Dunks_FGA,Num_Dunks,Unnamed: 29,Corner_3PFGA,Corner_3PP,Unnamed: 32,Heaves_Att,Heaves_Made,Season
0,1,Quincy Acy,PF,24,NYK,68,1287,.459,12.8,,.819,.296,.094,.133,.296,.181,,.494,.673,.419,.409,.378,.300,,.724,1.000,,.106,33,,.383,.261,,1,0,2015
1,2,Jordan Adams,SG,20,MEM,30,248,.407,13.1,,.709,.267,.174,.081,.186,.291,,.410,.565,.267,.714,.188,.400,,.600,.900,,.000,0,,.360,.222,,0,0,2015
2,3,Steven Adams,C,21,OKC,70,1771,.544,3.3,,.995,.599,.356,.038,.003,.005,,.547,.644,.408,.333,.000,.000,,.650,,,.213,72,,.000,,,1,0,2015
3,4,Jeff Adrien,PF,28,MIN,17,215,.432,5.3,,1.000,.523,.250,.114,.114,.000,,.432,.522,.273,.400,.400,,,.632,,,.068,2,,,,,0,0,2015
4,5,Arron Afflalo,SG,29,TOT,78,2502,.424,16.3,,.623,.124,.136,.161,.202,.377,,.466,.573,.375,.486,.447,.354,,.549,.958,,.000,0,,.387,.341,,0,0,2015
5,5,Arron Afflalo,SG,29,DEN,53,1750,.428,16.2,,.630,.117,.148,.170,.195,.370,,.481,.571,.361,.500,.500,.337,,.543,.976,,.000,0,,.383,.355,,0,0,2015
6,5,Arron Afflalo,SG,29,POR,25,752,.414,16.7,,.604,.145,.101,.132,.225,.396,,.423,.576,.435,.433,.314,.400,,.569,.917,,.000,0,,.400,.306,,0,0,2015
7,6,Alexis Ajinça,C,26,NOP,68,957,.550,7.2,,1.000,.340,.353,.198,.106,.000,,.550,.616,.552,.508,.429,,,.613,,,.088,28,,,,,0,0,2015
8,7,Furkan Aldemir,PF,23,PHI,41,540,.513,5.9,,.936,.628,.167,.013,.128,.064,,.548,.694,.154,1.000,.300,.000,,.450,,,.128,10,,.000,,,0,0,2015
9,8,Cole Aldrich,C,26,NYK,61,976,.478,4.7,,1.000,.349,.571,.060,.007,.000,,.478,.695,.366,.333,.000,,,.653,,,.093,26,,,,,0,0,2015
10,9,LaMarcus Aldridge,PF,29,POR,71,2512,.466,12.8,,.926,.192,.164,.206,.365,.074,,.475,.701,.448,.392,.415,.352,,.468,.919,,.020,27,,.295,.355,,1,0,2015
11,10,Lavoy Allen,C,25,IND,63,1070,.472,10.3,,1.000,.308,.224,.090,.378,.000,,.472,.707,.403,.259,.372,,,.674,,,.030,8,,,,,0,0,2015
12,11,Tony Allen,SG,33,MEM,63,1648,.495,4.7,,.936,.690,.165,.031,.051,.064,,.505,.564,.333,.500,.261,.345,,.595,1.000,,.053,22,,.621,.333,,0,0,2015
13,12,Al-Farouq Aminu,SF,24,DAL,74,1366,.412,11.4,,.653,.406,.140,.036,.070,.347,,.485,.628,.240,.538,.120,.274,,.673,1.000,,.132,42,,.500,.306,,0,0,2015
14,13,Lou Amundson,PF,32,TOT,53,937,.427,5.3,,.996,.494,.318,.122,.055,.004,,.429,.468,.358,.387,.500,.000,,.670,,,.071,16,,.000,,,1,0,2015
15,13,Lou Amundson,PF,32,CLE,12,79,.333,3.6,,1.000,.500,.500,.000,.000,.000,,.333,.333,.333,,,,,.750,,,.167,1,,,,,0,0,2015
16,13,Lou Amundson,PF,32,NYK,41,858,.432,5.4,,.996,.494,.309,.128,.058,.004,,.434,.475,.360,.387,.500,.000,,.667,,,.066,15,,.000,,,1,0,2015
17,14,Chris Andersen,C,36,MIA,60,1132,.580,5.5,,.937,.705,.082,.043,.097,.063,,.598,.671,.412,.333,.400,.308,,.784,1.000,,.271,52,,.538,.571,,3,0,2015
18,15,Alan Anderson,SG,32,BRK,74,1744,.443,16.1,,.523,.230,.111,.095,.086,.477,,.530,.683,.449,.452,.289,.348,,.541,.822,,.025,10,,.362,.434,,5,0,2015
19,16,Kyle Anderson,SF,21,SAS,33,358,.348,11.4,,.876,.258,.213,.180,.225,.124,,.359,.565,.316,.250,.250,.273,,.357,1.000,,.022,2,,.545,.500,,0,0,2015
20,17,Ryan Anderson,PF,26,NOP,61,1675,.399,17.0,,.508,.211,.095,.082,.119,.492,,.457,.558,.464,.333,.356,.340,,.379,.943,,.010,6,,.148,.340,,3,0,2015
21,18,Giannis Antetokounmpo,SG,20,MIL,81,2541,.491,7.6,,.944,.506,.178,.067,.192,.056,,.511,.646,.288,.423,.393,.159,,.519,.857,,.129,95,,.159,.143,,1,0,2015
22,19,Carmelo Anthony,SF,30,NYK,40,1428,.444,14.4,,.778,.221,.089,.184,.284,.222,,.474,.584,.417,.412,.445,.341,,.380,.787,,.020,15,,.089,.625,,1,0,2015
23,20,Joel Anthony,C,32,DET,49,406,.581,4.0,,1.000,.516,.371,.113,.000,.000,,.581,.813,.304,.429,,,,.722,,,.161,10,,,,,0,0,2015
24,Rk,Player,Pos,Age,Tm,G,MP,FG%,Dist.,,2P,0-3,3-10,10-16,16-3P,3P,,2P,0-3,3-10,10-16,16-3P,3P,,2P,3P,,%FGA,#,,%3PA,3P%,,Att.,#,2015
25,21,Pero Antić,C,32,ATL,63,1037,.365,17.8,,.416,.240,.034,.037,.105,.584,,.455,.549,.400,.273,.323,.301,,.714,1.000,,.020,6,,.173,.167,,0,0,2015
26,22,Trevor Ariza,SF,29,HOU,82,2930,.402,17.6,,.390,.225,.047,.035,.081,.610,,.485,.615,.349,.188,.338,.350,,.581,.933,,.056,47,,.377,.421,,0,0,2015
27,23,Darrell Arthur,PF,26,DEN,58,988,.404,16.8,,.714,.138,.063,.138,.375,.286,,.471,.623,.458,.434,.431,.236,,.791,.962,,.034,11,,.173,.158,,1,0,2015
28,24,Ömer Aşık,C,28,NOP,76,1982,.517,1.8,,1.000,.896,.090,.012,.002,.000,,.517,.553,.216,.200,.000,,,.690,,,.223,81,,,,,0,0,2015
29,25,D.J. Augustin,PG,27,TOT,82,1964,.399,14.2,,.620,.250,.209,.057,.104,.380,,.436,.599,.319,.324,.343,.337,,.154,.590,,.000,0,,.179,.386,,6,0,2015
30,25,D.J. Augustin,PG,27,DET,54,1287,.410,13.2,,.675,.282,.226,.054,.113,.325,,.450,.615,.337,.280,.346,.327,,.129,.490,,.000,0,,.140,.286,,4,0,2015
31,25,D.J. Augustin,PG,27,OKC,28,677,.371,16.8,,.484,.172,.167,.065,.081,.516,,.389,.531,.258,.417,.333,.354,,.257,.735,,.000,0,,.240,.478,,2,0,2015
32,26,Jeff Ayres,PF,27,SAS,51,383,.579,4.2,,1.000,.653,.189,.116,.042,.000,,.579,.710,.389,.273,.250,,,.727,,,.221,17,,,,,0,0,2015
33,27,Luke Babbitt,SF,25,NOP,63,830,.479,18.3,,.401,.094,.135,.099,.073,.599,,.429,.500,.423,.368,.429,.513,,.515,1.000,,.005,1,,.426,.551,,0,0,2015
34,28,Cameron Bairstow,PF,24,CHI,18,64,.214,10.4,,1.000,.357,.143,.071,.429,.000,,.214,.200,.000,.000,.333,,,.667,,,.000,0,,,,,0,0,2015
35,29,Leandro Barbosa,SG,32,GSW,66,982,.474,12.2,,.710,.368,.137,.088,.114,.290,,.511,.655,.377,.294,.386,.384,,.643,.884,,.000,0,,.259,.483,,1,0,2015
36,30,J.J. Barea,PG,30,DAL,77,1362,.420,12.8,,.688,.257,.243,.088,.101,.312,,.463,.551,.415,.404,.407,.323,,.152,.648,,.000,0,,.156,.538,,1,0,2015
37,31,Andrea Bargnani,C,29,NYK,29,785,.454,13.2,,.886,.147,.188,.202,.330,.114,,.466,.604,.441,.452,.445,.366,,.685,1.000,,.019,7,,.000,,,0,0,2015
38,32,Harrison Barnes,SF,22,GSW,82,2318,.482,13.3,,.672,.309,.122,.081,.160,.328,,.519,.685,.325,.415,.400,.405,,.611,.977,,.104,66,,.526,.478,,1,0,2015
39,33,Matt Barnes,SF,34,LAC,76,2271,.444,16.4,,.397,.253,.096,.014,.030,.603,,.569,.684,.333,.444,.474,.362,,.723,.985,,.032,18,,.468,.375,,0,0,2015
40,34,Earl Barron,C,33,PHO,16,143,.308,12.9,,.897,.282,.051,.205,.359,.103,,.286,.091,.000,.500,.357,.500,,.900,1.000,,.000,0,,.250,1.000,,0,0,2015
41,35,Will Barton,SG,24,TOT,58,983,.425,11.3,,.759,.346,.210,.085,.119,.241,,.474,.615,.405,.133,.429,.271,,.472,.696,,.071,24,,.294,.240,,2,0,2015
42,35,Will Barton,SG,24,POR,30,300,.380,10.6,,.820,.400,.170,.110,.140,.180,,.415,.625,.294,.000,.286,.222,,.588,.250,,.080,8,,.444,.250,,1,0,2015
43,35,Will Barton,SG,24,DEN,28,683,.443,11.6,,.735,.324,.225,.075,.111,.265,,.500,.610,.439,.211,.500,.284,,.430,.789,,.067,16,,.254,.235,,1,0,2015
44,36,Brandon Bass,PF,29,BOS,82,1929,.504,9.6,,.953,.366,.132,.183,.272,.047,,.515,.684,.322,.400,.457,.281,,.690,1.000,,.149,94,,.875,.321,,0,0,2015
45,37,Nicolas Batum,SF,26,POR,71,2380,.400,17.9,,.485,.180,.040,.078,.187,.515,,.481,.694,.292,.404,.348,.324,,.564,.770,,.033,20,,.207,.359,,0,0,2015
46,38,Jerryd Bayless,PG,26,MIL,77,1717,.426,14.0,,.767,.242,.126,.078,.322,.233,,.462,.600,.385,.375,.410,.308,,.404,.973,,.029,15,,.425,.275,,1,0,2015
47,39,Aron Baynes,C,28,SAS,70,1122,.566,5.1,,.988,.554,.272,.089,.073,.012,,.570,.635,.506,.448,.458,.250,,.793,1.000,,.131,40,,.250,.000,,0,0,2015
48,40,Kent Bazemore,SG,25,ATL,75,1324,.426,12.9,,.601,.323,.157,.057,.063,.399,,.467,.607,.327,.158,.381,.364,,.624,.938,,.066,17,,.485,.422,,0,0,2015
49,Rk,Player,Pos,Age,Tm,G,MP,FG%,Dist.,,2P,0-3,3-10,10-16,16-3P,3P,,2P,0-3,3-10,10-16,16-3P,3P,,2P,3P,,%FGA,#,,%3PA,3P%,,Att.,#,2015
50,41,Bradley Beal,SG,21,WAS,63,2107,.427,15.4,,.696,.206,.085,.126,.277,.304,,.434,.669,.292,.374,.331,.409,,.553,.858,,.041,34,,.259,.358,,0,0,2015
51,42,Michael Beasley,PF,26,MIA,24,505,.434,12.6,,.840,.208,.184,.226,.222,.160,,.472,.614,.513,.458,.319,.235,,.357,1.000,,.033,7,,.294,.500,,0,0,2015
52,43,Marco Belinelli,SG,28,SAS,62,1388,.423,18.5,,.511,.130,.079,.077,.226,.489,,.471,.607,.270,.472,.462,.374,,.637,.919,,.004,2,,.235,.444,,1,0,2015
53,44,Jerrelle Benimon,PF,23,UTA,2,3,,,,,,,,,,,,,,,,,,,,,,0,,,,,0,0,2015
54,45,Anthony Bennett,PF,21,MIN,57,894,.421,12.7,,.923,.313,.067,.074,.468,.077,,.431,.677,.200,.227,.331,.304,,.754,1.000,,.111,32,,.261,.500,,0,0,2015
55,46,Patrick Beverley,PG,26,HOU,56,1727,.383,17.1,,.393,.179,.145,.038,.032,.607,,.426,.505,.390,.350,.235,.356,,.270,.939,,.002,0,,.399,.380,,0,0,2015
56,47,Sim Bhullar,C,22,SAC,3,3,.500,0.0,,1.000,.000,.000,.000,.000,.000,,.500,,,,,,,.000,,,.000,0,,,,,0,0,2015
57,48,Bismack Biyombo,C,22,CHO,64,1243,.543,2.4,,1.000,.737,.231,.022,.011,.000,,.543,.657,.233,.250,.000,,,.564,,,.242,43,,,,,0,0,2015
58,49,Tarik Black,C,23,TOT,63,1196,.575,3.4,,.996,.685,.245,.018,.048,.004,,.577,.652,.478,.000,.231,.000,,.643,,,.231,57,,.000,,,1,0,2015
59,49,Tarik Black,C,23,HOU,25,393,.542,3.2,,.988,.735,.241,.000,.012,.012,,.549,.623,.350,,.000,.000,,.689,,,.145,11,,.000,,,1,0,2015
60,49,Tarik Black,C,23,LAL,38,803,.589,3.5,,1.000,.663,.247,.026,.063,.000,,.589,.667,.532,.000,.250,,,.625,,,.268,46,,,,,0,0,2015
61,50,DeJuan Blair,PF,25,WAS,29,180,.456,5.1,,1.000,.386,.474,.123,.018,.000,,.456,.545,.481,.143,.000,,,.692,,,.035,2,,,,,0,0,2015
62,51,Steve Blake,PG,34,POR,81,1529,.373,22.2,,.330,.067,.040,.058,.165,.670,,.417,.591,.154,.368,.426,.352,,.333,.753,,.000,0,,.288,.444,,8,0,2015
63,52,Eric Bledsoe,PG,25,PHO,81,2800,.447,12.7,,.740,.344,.123,.071,.203,.260,,.491,.644,.318,.351,.382,.324,,.211,.580,,.020,19,,.173,.340,,2,0,2015
64,53,Vander Blue,SG,22,LAL,2,74,.300,12.8,,.667,.400,.100,.000,.167,.333,,.350,.500,.000,,.200,.200,,.286,1.000,,.033,1,,.100,.000,,0,0,2015
65,54,Bojan Bogdanović,SF,25,BRK,78,1854,.453,14.5,,.556,.269,.130,.082,.075,.444,,.531,.710,.387,.362,.326,.355,,.635,.934,,.026,15,,.445,.439,,0,0,2015
66,55,Andrew Bogut,C,30,GSW,67,1583,.563,3.7,,1.000,.580,.358,.056,.006,.000,,.563,.650,.480,.250,.000,,,.660,,,.186,56,,,,,0,0,2015
67,56,Matt Bonner,PF,34,SAS,72,935,.409,18.0,,.452,.048,.270,.070,.070,.548,,.462,.727,.452,.563,.188,.365,,.625,1.000,,.004,1,,.151,.368,,1,0,2015
68,57,Trevor Booker,PF,27,UTA,79,1564,.487,10.3,,.819,.373,.211,.101,.134,.181,,.518,.723,.357,.404,.290,.345,,.569,.931,,.088,37,,.393,.303,,3,0,2015
69,58,Carlos Boozer,PF,33,LAL,71,1692,.499,8.6,,1.000,.373,.182,.214,.231,.000,,.499,.675,.341,.472,.366,,,.663,,,.013,9,,,,,0,0,2015
70,59,Chris Bosh,C,30,MIA,44,1556,.460,14.8,,.774,.166,.114,.199,.295,.226,,.485,.556,.471,.480,.455,.375,,.518,.984,,.024,17,,.119,.350,,0,0,2015
71,60,Avery Bradley,SG,24,BOS,77,2428,.429,17.3,,.652,.168,.050,.044,.389,.348,,.470,.612,.392,.356,.431,.352,,.661,.895,,.016,14,,.358,.389,,2,0,2015
72,Rk,Player,Pos,Age,Tm,G,MP,FG%,Dist.,,2P,0-3,3-10,10-16,16-3P,3P,,2P,0-3,3-10,10-16,16-3P,3P,,2P,3P,,%FGA,#,,%3PA,3P%,,Att.,#,2015
73,61,Elton Brand,C,35,ATL,36,486,.442,11.9,,.989,.168,.147,.337,.337,.011,,.447,.688,.357,.406,.406,.000,,.833,,,.011,1,,1.000,.000,,0,0,2015
74,62,Corey Brewer,SF,28,TOT,80,2087,.426,11.6,,.708,.380,.164,.056,.108,.292,,.491,.644,.311,.356,.299,.268,,.657,.968,,.065,50,,.626,.265,,7,0,2015
75,62,Corey Brewer,SF,28,MIN,24,680,.418,9.9,,.818,.458,.138,.062,.160,.182,,.467,.641,.226,.429,.194,.195,,.651,.875,,.084,18,,.634,.154,,1,0,2015
76,62,Corey Brewer,SF,28,HOU,56,1407,.429,12.3,,.666,.350,.174,.053,.088,.334,,.503,.645,.337,.323,.373,.284,,.660,.982,,.057,32,,.624,.289,,6,0,2015
77,63,Aaron Brooks,PG,30,CHI,82,1885,.421,13.9,,.617,.262,.176,.097,.072,.383,,.442,.523,.389,.430,.305,.387,,.126,.612,,.000,0,,.112,.314,,2,0,2015
78,64,Jabari Brown,SG,22,LAL,19,568,.412,14.6,,.635,.276,.112,.094,.153,.365,,.435,.553,.316,.313,.385,.371,,.638,.913,,.024,3,,.145,.333,,0,0,2015
79,65,Lorenzo Brown,PG,24,MIN,29,549,.426,11.9,,.770,.369,.131,.139,.131,.230,,.489,.556,.438,.294,.563,.214,,.348,.667,,.041,4,,.143,.000,,1,0,2015
80,66,Markel Brown,SG,23,BRK,47,781,.362,13.7,,.695,.290,.110,.090,.205,.305,,.404,.541,.348,.316,.279,.266,,.576,.941,,.062,10,,.406,.308,,1,0,2015
81,67,Shannon Brown,SG,29,MIA,5,89,.368,13.3,,.632,.421,.000,.053,.158,.368,,.333,.500,,.000,.000,.429,,.000,.333,,.158,3,,.286,1.000,,0,0,2015
82,68,Kobe Bryant*,SG,36,LAL,35,1207,.373,15.7,,.742,.136,.129,.185,.292,.258,,.401,.567,.380,.311,.389,.293,,.278,.463,,.010,7,,.103,.474,,1,0,2015
83,69,Chase Budinger,SF,26,MIN,67,1286,.433,13.8,,.633,.259,.136,.100,.136,.367,,.474,.634,.358,.359,.358,.364,,.667,1.000,,.036,13,,.273,.385,,0,0,2015
84,70,Reggie Bullock,SF,23,TOT,36,338,.343,19.8,,.343,.143,.043,.000,.157,.657,,.375,.700,.000,,.182,.326,,.778,1.000,,.000,0,,.435,.450,,0,0,2015
85,70,Reggie Bullock,SF,23,LAC,25,263,.426,20.8,,.278,.130,.019,.000,.130,.722,,.533,.857,.000,,.286,.385,,.875,1.000,,.000,0,,.487,.474,,0,0,2015
86,70,Reggie Bullock,SF,23,PHO,11,75,.063,16.5,,.563,.188,.125,.000,.250,.438,,.111,.333,.000,,.000,.000,,.000,,,.000,0,,.143,.000,,0,0,2015
87,71,Trey Burke,PG,22,UTA,76,2288,.368,16.5,,.612,.149,.156,.085,.222,.388,,.400,.493,.306,.412,.399,.318,,.211,.895,,.000,0,,.190,.419,,6,1,2015
88,72,Alec Burks,SG,23,UTA,27,899,.403,12.8,,.773,.277,.190,.083,.223,.227,,.409,.506,.333,.280,.403,.382,,.316,.769,,.033,9,,.250,.471,,2,0,2015
89,73,Caron Butler,SF,34,DET,78,1623,.407,20.9,,.447,.063,.033,.078,.273,.553,,.441,.520,.308,.484,.426,.379,,.679,.928,,.003,1,,.228,.480,,3,0,2015
90,74,Jimmy Butler,SG,25,CHI,65,2513,.462,12.2,,.788,.336,.121,.121,.212,.212,,.484,.624,.345,.427,.373,.378,,.569,.918,,.058,49,,.244,.447,,2,0,2015
91,75,Rasual Butler,SF,35,WAS,75,1505,.422,17.8,,.545,.141,.066,.104,.234,.455,,.450,.671,.412,.315,.388,.387,,.685,.934,,.043,21,,.426,.410,,0,0,2015
92,76,Dwight Buycks,PG,25,LAL,6,123,.450,13.5,,.725,.300,.075,.125,.225,.275,,.379,.417,.000,.800,.222,.636,,.091,.571,,.000,0,,.091,1.000,,0,0,2015
93,77,Will Bynum,SG,32,WAS,7,67,.323,15.3,,.710,.161,.161,.097,.290,.290,,.455,.400,1.000,.000,.333,.000,,.100,,,.000,0,,.000,,,0,0,2015
94,78,Bruno Caboclo,SF,19,TOR,8,23,.333,10.7,,.750,.250,.417,.000,.083,.250,,.222,.667,.000,,.000,.667,,1.000,1.000,,.083,1,,.333,1.000,,0,0,2015
95,79,Nick Calathes,SG,25,MEM,58,838,.421,9.6,,.826,.352,.271,.109,.089,.174,,.456,.632,.388,.296,.182,.256,,.452,.727,,.000,0,,.186,.125,,0,0,2015
96,80,José Calderón,PG,33,NYK,42,1270,.415,18.9,,.599,.102,.025,.102,.370,.401,,.415,.611,.333,.333,.389,.415,,.545,.864,,.000,0,,.197,.500,,0,0,2015
97,Rk,Player,Pos,Age,Tm,G,MP,FG%,Dist.,,2P,0-3,3-10,10-16,16-3P,3P,,2P,0-3,3-10,10-16,16-3P,3P,,2P,3P,,%FGA,#,,%3PA,3P%,,Att.,#,2015
98,81,Kentavious Caldwell-Pope,SG,21,DET,82,2587,.401,16.2,,.543,.226,.099,.080,.138,.457,,.449,.600,.260,.436,.343,.345,,.608,.863,,.036,30,,.241,.383,,4,0,2015
99,82,Isaiah Canaan,PG,23,TOT,47,938,.386,19.0,,.349,.172,.079,.026,.071,.651,,.417,.462,.400,.300,.370,.370,,.218,.516,,.000,0,,.154,.368,,1,0,2015
100,82,Isaiah Canaan,PG,23,HOU,25,369,.405,18.3,,.359,.214,.061,.023,.061,.641,,.447,.536,.125,.333,.500,.381,,.286,.563,,.000,0,,.238,.300,,1,0,2015
101,82,Isaiah Canaan,PG,23,PHI,22,569,.377,19.4,,.344,.150,.089,.028,.077,.656,,.400,.405,.500,.286,.316,.364,,.176,.492,,.000,0,,.111,.444,,0,0,2015
102,83,Clint Capela,C,20,HOU,12,90,.483,2.0,,1.000,.724,.276,.000,.000,.000,,.483,.667,.000,,,,,.929,,,.379,10,,,,,0,0,2015
103,84,DeMarre Carroll,SF,28,ATL,70,2189,.487,14.3,,.534,.308,.121,.043,.063,.466,,.567,.657,.468,.357,.463,.395,,.727,.992,,.018,12,,.438,.444,,0,0,2015
104,85,Vince Carter,SG,38,MEM,66,1091,.333,19.3,,.429,.131,.074,.067,.158,.571,,.379,.472,.333,.407,.313,.297,,.242,.928,,.012,5,,.138,.375,,2,0,2015
105,86,Michael Carter-Williams,PG,23,TOT,66,2149,.396,10.6,,.834,.323,.236,.098,.177,.166,,.428,.596,.341,.411,.245,.235,,.204,.917,,.032,27,,.118,.222,,2,0,2015
106,86,Michael Carter-Williams,PG,23,PHI,41,1391,.380,11.5,,.795,.303,.231,.079,.185,.205,,.412,.627,.305,.313,.230,.256,,.210,.906,,.025,15,,.080,.200,,1,0,2015
107,86,Michael Carter-Williams,PG,23,MIL,25,758,.429,9.0,,.909,.364,.247,.136,.162,.091,,.457,.545,.408,.524,.280,.143,,.195,1.000,,.045,12,,.286,.250,,1,0,2015
108,87,Omri Casspi,SF,26,SAC,67,1416,.489,8.5,,.796,.382,.358,.035,.021,.204,,.512,.724,.340,.133,.222,.402,,.667,.914,,.063,25,,.149,.385,,0,0,2015
109,88,Mario Chalmers,PG,28,MIA,80,2368,.403,13.6,,.626,.305,.166,.065,.089,.374,,.467,.530,.418,.419,.373,.294,,.361,.932,,.006,4,,.375,.366,,7,1,2015
110,89,Tyson Chandler,C,32,DAL,75,2286,.666,2.9,,1.000,.805,.086,.030,.080,.000,,.666,.746,.237,.462,.400,,,.727,,,.432,179,,,,,0,0,2015
111,90,Wilson Chandler,SF,27,DEN,78,2471,.429,14.3,,.584,.262,.177,.061,.084,.416,,.490,.651,.387,.339,.317,.342,,.452,.935,,.038,32,,.244,.343,,1,0,2015
112,91,Will Cherry,PG,23,CLE,8,69,.263,14.1,,.526,.316,.158,.000,.053,.474,,.300,.333,.333,,.000,.222,,.333,1.000,,.000,0,,.333,.333,,0,0,2015
113,92,Patrick Christopher,SG,26,UTA,4,29,.250,16.0,,.667,.250,.083,.000,.333,.333,,.375,.333,.000,,.500,.000,,.000,,,.000,0,,.250,.000,,0,0,2015
114,93,Earl Clark,PF,27,BRK,10,93,.367,19.3,,.533,.133,.000,.033,.367,.467,,.438,.750,,.000,.364,.286,,.571,1.000,,.000,0,,.143,.000,,0,0,2015
115,94,Ian Clark,SG,23,TOT,30,192,.345,17.4,,.455,.164,.127,.073,.091,.545,,.360,.778,.143,.250,.000,.333,,.444,1.000,,.000,0,,.400,.500,,0,0,2015
116,94,Ian Clark,SG,23,UTA,23,161,.341,17.8,,.432,.159,.114,.068,.091,.568,,.316,.714,.200,.000,.000,.360,,.500,1.000,,.000,0,,.400,.600,,0,0,2015
117,94,Ian Clark,SG,23,DEN,7,31,.364,15.5,,.545,.182,.182,.091,.091,.455,,.500,1.000,.000,1.000,.000,.200,,.333,1.000,,.000,0,,.400,.000,,0,0,2015
118,95,Jordan Clarkson,PG,22,LAL,59,1476,.448,12.2,,.797,.285,.181,.106,.221,.203,,.482,.665,.324,.476,.386,.314,,.279,.737,,.035,20,,.099,.333,,0,0,2015
119,96,Victor Claver,SF,26,POR,10,76,.450,16.1,,.450,.300,.050,.000,.100,.550,,.333,.333,.000,,.500,.545,,1.000,1.000,,.050,1,,.273,.667,,0,0,2015
120,97,Norris Cole,PG,26,TOT,75,1831,.412,14.9,,.685,.244,.102,.093,.246,.315,,.458,.537,.316,.442,.445,.313,,.400,.836,,.004,2,,.295,.288,,1,0,2015
121,97,Norris Cole,PG,26,MIA,47,1148,.386,14.1,,.667,.297,.101,.069,.199,.333,,.446,.538,.323,.429,.377,.265,,.407,.852,,.003,1,,.284,.172,,0,0,2015
122,97,Norris Cole,PG,26,NOP,28,683,.444,15.9,,.706,.179,.103,.123,.302,.294,,.472,.533,.308,.452,.500,.378,,.393,.821,,.004,1,,.311,.435,,1,0,2015
123,98,Darren Collison,PG,27,SAC,45,1565,.473,14.7,,.707,.247,.093,.107,.260,.293,,.514,.684,.216,.475,.476,.373,,.225,.650,,.009,5,,.304,.469,,3,0,2015
124,99,Nick Collison,PF,34,OKC,66,1101,.419,11.4,,.763,.379,.138,.047,.198,.237,,.466,.646,.371,.167,.260,.267,,.689,1.000,,.040,10,,.567,.294,,0,0,2015
125,100,Mike Conley,PG,27,MEM,70,2225,.446,13.5,,.686,.276,.169,.100,.142,.314,,.473,.588,.430,.398,.352,.386,,.241,.720,,.000,0,,.159,.432,,3,0,2015
126,Rk,Player,Pos,Age,Tm,G,MP,FG%,Dist.,,2P,0-3,3-10,10-16,16-3P,3P,,2P,0-3,3-10,10-16,16-3P,3P,,2P,3P,,%FGA,#,,%3PA,3P%,,Att.,#,2015
127,101,Jack Cooley,C,23,UTA,16,87,.409,6.5,,1.000,.455,.318,.045,.182,.000,,.409,.600,.286,.000,.250,,,.667,,,.000,0,,,,,0,0,2015
128,102,Chris Copeland,SF,30,IND,50,828,.361,16.5,,.461,.210,.152,.026,.074,.539,,.420,.554,.319,.250,.304,.311,,.317,.962,,.010,2,,.251,.381,,0,0,2015
129,103,Bryce Cotton,PG,22,UTA,15,159,.420,16.3,,.710,.087,.188,.101,.333,.290,,.449,.667,.538,.429,.348,.350,,.318,.714,,.029,2,,.100,.500,,0,0,2015
130,104,DeMarcus Cousins,C,24,SAC,59,2013,.467,7.7,,.992,.419,.257,.078,.237,.008,,.469,.633,.318,.349,.383,.250,,.520,1.000,,.072,72,,.125,.000,,0,0,2015
131,105,Robert Covington,SF,24,PHI,70,1956,.396,17.5,,.410,.206,.112,.033,.058,.590,,.426,.590,.271,.280,.227,.374,,.576,.910,,.012,8,,.188,.405,,2,0,2015
132,106,Allen Crabbe,SG,22,POR,51,683,.412,17.9,,.444,.203,.026,.059,.157,.556,,.485,.839,.500,.111,.167,.353,,.848,1.000,,.072,9,,.412,.400,,0,0,2015
133,107,Jamal Crawford,SG,34,LAC,64,1703,.396,18.4,,.566,.076,.117,.117,.244,.434,,.448,.578,.459,.347,.449,.327,,.319,.748,,.001,1,,.195,.352,,8,0,2015
134,108,Jae Crowder,SF,24,TOT,82,1647,.420,15.1,,.618,.279,.070,.097,.174,.382,,.499,.618,.395,.453,.368,.293,,.679,.967,,.031,14,,.255,.302,,2,0,2015
135,108,Jae Crowder,SF,24,DAL,25,265,.434,17.2,,.500,.197,.039,.079,.184,.500,,.526,.667,.667,.333,.429,.342,,.450,.923,,.013,1,,.368,.500,,0,0,2015
136,108,Jae Crowder,SF,24,BOS,57,1382,.418,14.8,,.638,.292,.075,.100,.173,.362,,.495,.613,.371,.468,.358,.282,,.709,.979,,.034,13,,.229,.231,,2,0,2015
137,109,Dante Cunningham,PF,27,NOP,66,1652,.457,13.8,,.971,.245,.094,.071,.560,.029,,.468,.663,.281,.375,.426,.100,,.929,1.000,,.035,12,,.300,.000,,1,0,2015
138,110,Jared Cunningham,SG,23,LAC,19,89,.364,14.3,,.606,.333,.061,.030,.182,.394,,.400,.364,.500,.000,.500,.308,,1.000,1.000,,.091,3,,.462,.333,,0,0,2015
139,111,Seth Curry,PG,24,PHO,2,8,.000,22.7,,.667,.000,.000,.000,.667,.333,,.000,,,,.000,.000,,,,,.000,0,,.000,,,0,0,2015
140,112,Stephen Curry,PG,26,GSW,80,2613,.487,17.6,,.518,.186,.098,.072,.163,.482,,.528,.687,.458,.515,.394,.443,,.332,.584,,.003,4,,.121,.564,,8,0,2015
141,113,Samuel Dalembert,C,33,NYK,32,544,.438,7.2,,1.000,.377,.262,.238,.123,.000,,.438,.612,.294,.323,.438,,,.667,,,.154,19,,,,,0,0,2015
142,114,Troy Daniels,SG,23,TOT,47,397,.370,21.9,,.285,.061,.036,.030,.158,.715,,.383,.400,.333,.000,.462,.364,,.667,.767,,.000,0,,.220,.385,,0,0,2015
143,114,Troy Daniels,SG,23,HOU,17,108,.319,24.1,,.085,.021,.000,.000,.064,.915,,.500,1.000,,,.333,.302,,.500,.923,,.000,0,,.326,.357,,0,0,2015
144,114,Troy Daniels,SG,23,MIN,19,154,.322,20.9,,.339,.068,.068,.034,.169,.661,,.300,.000,.250,.000,.500,.333,,.667,.769,,.000,0,,.205,.500,,0,0,2015
145,114,Troy Daniels,SG,23,CHO,11,135,.458,21.2,,.390,.085,.034,.051,.220,.610,,.435,.600,.500,.000,.462,.472,,.700,.647,,.000,0,,.111,.250,,0,0,2015
146,115,Gigi Datome,SF,27,TOT,21,209,.483,17.7,,.551,.135,.079,.157,.180,.449,,.510,.667,.714,.429,.375,.450,,.600,.944,,.034,3,,.125,.200,,0,0,2015
147,115,Gigi Datome,SF,27,DET,3,17,.417,12.8,,.667,.333,.083,.167,.083,.333,,.500,.500,1.000,.500,.000,.250,,.250,1.000,,.000,0,,.250,.000,,0,0,2015
148,115,Gigi Datome,SF,27,BOS,18,192,.494,18.4,,.532,.104,.078,.156,.195,.468,,.512,.750,.667,.417,.400,.472,,.667,.941,,.039,3,,.111,.250,,0,0,2015
149,116,Brandon Davies,PF,23,TOT,27,423,.401,11.5,,.752,.336,.182,.109,.124,.248,,.456,.478,.320,.533,.529,.235,,.660,.875,,.022,3,,.059,.000,,0,0,2015
150,116,Brandon Davies,PF,23,PHI,20,379,.412,11.4,,.748,.345,.185,.101,.118,.252,,.472,.488,.318,.583,.571,.233,,.667,.857,,.025,3,,.033,.000,,0,0,2015
151,116,Brandon Davies,PF,23,BRK,7,44,.333,12.8,,.778,.278,.167,.167,.167,.222,,.357,.400,.333,.333,.333,.250,,.600,1.000,,.000,0,,.250,.000,,0,0,2015
152,117,Anthony Davis,PF,21,NOP,68,2455,.535,9.5,,.990,.354,.169,.178,.289,.010,,.540,.734,.433,.451,.419,.083,,.715,1.000,,.135,150,,.333,.000,,3,0,2015
153,118,Ed Davis,PF,25,LAL,79,1840,.601,2.7,,1.000,.714,.247,.036,.000,.000,,.601,.687,.388,.353,,,,.652,,,.181,80,,,,,0,0,2015
154,119,Glen Davis,PF,29,LAC,74,904,.459,7.4,,.984,.490,.200,.110,.180,.016,,.466,.616,.451,.214,.217,.000,,.761,,,.020,5,,.000,,,1,0,2015
155,120,Andre Dawkins,SG,23,MIA,4,22,.167,25.0,,.000,.000,.000,.000,.000,1.000,,,,,,,.167,,,1.000,,.000,0,,.167,.000,,0,0,2015
156,Rk,Player,Pos,Age,Tm,G,MP,FG%,Dist.,,2P,0-3,3-10,10-16,16-3P,3P,,2P,0-3,3-10,10-16,16-3P,3P,,2P,3P,,%FGA,#,,%3PA,3P%,,Att.,#,2015
157,121,Austin Daye,SF,26,TOT,34,344,.355,17.7,,.496,.106,.121,.128,.142,.504,,.371,.533,.235,.389,.350,.338,,.577,.958,,.007,1,,.296,.524,,0,0,2015
158,121,Austin Daye,SF,26,SAS,26,268,.348,17.7,,.504,.087,.139,.130,.148,.496,,.362,.500,.250,.400,.353,.333,,.571,.947,,.009,1,,.281,.563,,0,0,2015
159,121,Austin Daye,SF,26,ATL,8,76,.385,17.9,,.462,.192,.038,.115,.115,.538,,.417,.600,.000,.333,.333,.357,,.600,1.000,,.000,0,,.357,.400,,0,0,2015
160,122,Dewayne Dedmon,C,25,ORL,59,845,.562,3.2,,.994,.679,.272,.019,.025,.006,,.565,.673,.341,.333,.250,.000,,.538,,,.309,40,,.000,,,0,0,2015
161,123,Matthew Dellavedova,SG,24,CLE,67,1380,.362,18.0,,.456,.059,.202,.121,.075,.544,,.307,.389,.242,.351,.348,.407,,.326,.897,,.000,0,,.323,.315,,0,0,2015
162,124,Luol Deng,SF,29,MIA,72,2421,.469,13.0,,.720,.309,.122,.098,.192,.280,,.513,.646,.458,.377,.404,.355,,.595,.974,,.028,21,,.495,.440,,2,0,2015
163,125,DeMar DeRozan,SG,25,TOR,60,2100,.413,12.8,,.911,.193,.152,.228,.338,.089,,.426,.644,.393,.372,.352,.284,,.417,.960,,.033,29,,.648,.386,,1,0,2015
164,126,Boris Diaw,PF,32,SAS,81,1984,.460,11.7,,.733,.285,.285,.074,.089,.267,,.512,.611,.489,.383,.375,.320,,.540,.963,,.002,1,,.124,.143,,0,0,2015
165,127,Gorgui Dieng,C,25,MIN,73,2193,.506,7.6,,.988,.404,.236,.213,.133,.012,,.510,.638,.347,.569,.309,.167,,.632,1.000,,.104,49,,.000,,,3,0,2015
166,128,Spencer Dinwiddie,PG,21,DET,34,455,.302,15.4,,.615,.219,.154,.112,.130,.385,,.375,.459,.269,.316,.409,.185,,.128,.167,,.006,1,,.062,.250,,2,0,2015
167,129,Joey Dorsey,PF,31,HOU,69,854,.552,2.4,,.993,.772,.207,.007,.007,.007,,.556,.616,.367,.000,.000,.000,,.750,,,.262,31,,.000,,,1,0,2015
168,130,Toney Douglas,SG,28,NOP,12,177,.373,15.3,,.647,.176,.157,.137,.176,.353,,.424,1.000,.250,.000,.333,.278,,.071,1.000,,.000,0,,.278,.600,,0,0,2015
169,131,Chris Douglas-Roberts,SG,28,LAC,12,103,.238,10.9,,.667,.429,.143,.048,.048,.333,,.286,.444,.000,.000,.000,.143,,.500,1.000,,.048,1,,.857,.167,,0,0,2015
170,132,Goran Dragić,SG-PG,28,TOT,78,2640,.501,11.0,,.742,.414,.105,.126,.096,.258,,.555,.699,.381,.373,.354,.347,,.383,.756,,.001,1,,.320,.349,,0,0,2015
171,132,Goran Dragić,SG,28,PHO,52,1735,.501,11.3,,.726,.405,.108,.118,.096,.274,,.556,.705,.356,.388,.354,.355,,.434,.758,,.001,1,,.366,.324,,0,0,2015
172,132,Goran Dragić,PG,28,MIA,26,905,.502,10.4,,.774,.433,.099,.142,.096,.226,,.552,.686,.438,.348,.355,.329,,.283,.750,,.000,0,,.205,.467,,0,0,2015
173,133,Zoran Dragić,SG,25,TOT,16,75,.367,14.0,,.533,.400,.033,.033,.067,.467,,.500,.667,.000,.000,.000,.214,,.500,1.000,,.067,2,,.357,.400,,0,0,2015
174,133,Zoran Dragić,SG,25,PHO,6,13,.250,16.3,,.375,.375,.000,.000,.000,.625,,.667,.667,,,,.000,,.500,,,.125,1,,.400,.000,,0,0,2015
175,133,Zoran Dragić,SG,25,MIA,10,62,.409,13.2,,.591,.409,.045,.045,.091,.409,,.462,.667,.000,.000,.000,.333,,.500,1.000,,.045,1,,.333,.667,,0,0,2015
176,134,Larry Drew II,PG,24,PHI,12,219,.345,0.0,,.552,.000,.000,.000,.000,.448,,.500,,,,,.154,,.375,.750,,.000,0,,.000,,,0,0,2015
177,135,Andre Drummond,C,21,DET,82,2502,.514,2.8,,.998,.682,.292,.019,.003,.002,,.515,.600,.345,.111,.000,.000,,.579,,,.196,166,,.000,,,2,0,2015
178,136,Jared Dudley,SG,29,MIL,72,1717,.468,17.4,,.546,.168,.050,.111,.217,.454,,.537,.662,.238,.553,.500,.385,,.782,1.000,,.005,2,,.359,.391,,0,0,2015
179,137,Tim Duncan*,C,38,SAS,77,2227,.512,7.4,,.991,.350,.358,.138,.144,.009,,.514,.714,.454,.327,.356,.286,,.739,1.000,,.057,42,,.286,1.000,,2,0,2015
180,138,Mike Dunleavy,SF,34,CHI,63,1838,.435,18.5,,.453,.170,.064,.031,.185,.547,,.468,.573,.323,.267,.461,.407,,.765,.963,,.004,1,,.186,.449,,2,1,2015
181,139,Kevin Durant,SF,26,OKC,27,913,.510,14.9,,.660,.206,.109,.184,.161,.340,,.565,.802,.412,.535,.400,.403,,.511,.656,,.079,37,,.094,.533,,0,0,2015
182,140,Cleanthony Early,SF,23,NYK,39,647,.355,14.7,,.607,.280,.112,.051,.164,.393,,.415,.567,.292,.545,.200,.262,,.593,.909,,.065,11,,.310,.346,,0,0,2015
183,Rk,Player,Pos,Age,Tm,G,MP,FG%,Dist.,,2P,0-3,3-10,10-16,16-3P,3P,,2P,0-3,3-10,10-16,16-3P,3P,,2P,3P,,%FGA,#,,%3PA,3P%,,Att.,#,2015
184,141,Wayne Ellington,SG,27,LAL,65,1675,.412,17.5,,.606,.160,.057,.075,.313,.394,,.439,.616,.286,.370,.394,.370,,.579,.689,,.016,9,,.165,.300,,0,0,2015
185,142,Monta Ellis,SG,29,DAL,80,2699,.445,13.6,,.790,.249,.145,.090,.306,.210,,.487,.626,.391,.418,.439,.285,,.319,.704,,.010,13,,.204,.362,,1,0,2015
186,143,James Ennis,SF,24,MIA,62,1051,.409,13.1,,.615,.372,.105,.024,.113,.385,,.461,.587,.269,.333,.250,.326,,.600,.935,,.093,20,,.453,.349,,1,0,2015
187,144,Tyler Ennis,PG,20,TOT,33,411,.361,12.8,,.701,.306,.181,.090,.125,.299,,.396,.455,.346,.462,.278,.279,,.325,.667,,.014,2,,.233,.300,,0,0,2015
188,144,Tyler Ennis,PG,20,PHO,8,58,.429,12.3,,.714,.238,.286,.095,.095,.286,,.467,.600,.667,.000,.000,.333,,.429,.500,,.000,0,,.000,,,0,0,2015
189,144,Tyler Ennis,PG,20,MIL,25,353,.350,12.8,,.699,.317,.163,.089,.130,.301,,.384,.436,.250,.545,.313,.270,,.303,.700,,.016,2,,.270,.300,,0,0,2015
190,145,Jeremy Evans,SF,27,UTA,38,266,.552,6.6,,.914,.569,.155,.086,.103,.086,,.566,.788,.333,.200,.000,.400,,.633,1.000,,.172,9,,.600,.667,,0,0,2015
191,146,Reggie Evans,PF,34,SAC,47,764,.423,3.6,,.985,.555,.387,.036,.007,.015,,.430,.592,.226,.000,1.000,.000,,.603,,,.073,7,,.500,.000,,0,0,2015
192,147,Tyreke Evans,SG,25,NOP,79,2690,.447,9.1,,.805,.537,.135,.023,.110,.195,,.482,.558,.280,.333,.391,.304,,.252,.696,,.006,7,,.220,.340,,6,0,2015
193,148,Dante Exum,PG,19,UTA,82,1817,.349,18.9,,.365,.125,.111,.022,.108,.635,,.408,.731,.283,.111,.222,.314,,.468,.940,,.038,16,,.394,.327,,1,0,2015
194,149,Festus Ezeli,C,25,GSW,46,504,.547,4.5,,1.000,.518,.381,.065,.036,.000,,.547,.653,.491,.333,.000,,,.632,,,.237,28,,,,,0,0,2015
195,150,Kenneth Faried,PF,25,DEN,75,2086,.507,4.3,,.989,.575,.325,.056,.034,.011,,.511,.631,.351,.341,.280,.125,,.642,.000,,.154,99,,.250,.500,,4,0,2015
196,151,Jordan Farmar,PG,28,LAC,36,529,.386,20.3,,.386,.108,.032,.051,.196,.614,,.426,.588,.200,.375,.387,.361,,.269,.714,,.000,0,,.206,.350,,0,0,2015
197,152,Derrick Favors,PF,23,UTA,74,2280,.525,7.2,,.993,.436,.220,.204,.134,.007,,.527,.745,.327,.401,.341,.167,,.680,1.000,,.117,105,,.333,.500,,0,0,2015
198,153,Raymond Felton,PG,30,DAL,29,281,.406,15.1,,.679,.236,.113,.085,.245,.321,,.458,.600,.333,.444,.385,.294,,.242,.600,,.000,0,,.118,.000,,1,0,2015
199,154,Landry Fields,SF,26,TOR,26,216,.488,5.5,,.951,.463,.341,.146,.024,.049,,.487,.684,.214,.500,.000,.500,,.632,1.000,,.073,3,,.500,1.000,,0,0,2015
200,155,Evan Fournier,SG,22,ORL,58,1661,.440,13.9,,.609,.339,.125,.040,.104,.391,,.480,.636,.250,.217,.350,.378,,.446,.776,,.037,19,,.196,.341,,3,0,2015
201,156,Randy Foye,SG,31,DEN,50,1087,.368,20.5,,.346,.100,.087,.020,.139,.654,,.388,.625,.286,.375,.286,.357,,.259,.819,,.002,1,,.198,.404,,3,0,2015
202,157,Jamaal Franklin,SG,23,DEN,3,13,.500,26.5,,.000,.000,.000,.000,.000,1.000,,,,,,,.500,,,1.000,,.000,0,,.000,,,0,0,2015
203,158,Tim Frazier,PG,24,TOT,11,239,.344,13.1,,.721,.246,.213,.131,.131,.279,,.364,.600,.154,.375,.250,.294,,.188,.800,,.000,0,,.000,,,0,0,2015
204,158,Tim Frazier,PG,24,PHI,6,171,.302,13.5,,.744,.233,.186,.163,.163,.256,,.313,.400,.125,.429,.286,.273,,.200,.667,,.000,0,,.000,,,0,0,2015
205,158,Tim Frazier,PG,24,POR,5,68,.444,12.1,,.667,.278,.278,.056,.056,.333,,.500,1.000,.200,.000,.000,.333,,.167,1.000,,.000,0,,.000,,,0,0,2015
206,159,Jimmer Fredette,PG,25,NOP,50,509,.380,13.7,,.711,.217,.211,.133,.151,.289,,.458,.528,.457,.409,.400,.188,,.352,.889,,.000,0,,.250,.250,,0,0,2015
207,160,Joel Freeland,C,27,POR,48,617,.490,9.0,,1.000,.325,.245,.166,.265,.000,,.490,.612,.514,.400,.375,,,.689,,,.060,9,,,,,0,0,2015
208,Rk,Player,Pos,Age,Tm,G,MP,FG%,Dist.,,2P,0-3,3-10,10-16,16-3P,3P,,2P,0-3,3-10,10-16,16-3P,3P,,2P,3P,,%FGA,#,,%3PA,3P%,,Att.,#,2015
209,161,Channing Frye,PF,31,ORL,75,1870,.392,21.9,,.290,.047,.060,.033,.150,.710,,.390,.391,.379,.313,.411,.393,,.636,.978,,.006,2,,.095,.333,,0,0,2015
210,162,Danilo Gallinari,SF,26,DEN,59,1426,.401,18.2,,.470,.167,.088,.048,.167,.530,,.453,.632,.280,.481,.358,.355,,.438,.879,,.030,15,,.216,.385,,4,1,2015
211,163,Langston Galloway,PG,23,NYK,45,1457,.399,16.1,,.656,.219,.086,.080,.266,.344,,.424,.500,.273,.366,.434,.352,,.472,.742,,.020,9,,.131,.304,,5,1,2015
212,164,Francisco García,SF,33,HOU,14,200,.270,20.7,,.286,.127,.048,.095,.016,.714,,.389,.750,.000,.167,.000,.222,,.571,.900,,.016,1,,.378,.294,,2,0,2015
213,165,Kevin Garnett*,PF,38,TOT,47,952,.467,14.0,,.977,.147,.134,.170,.526,.023,,.475,.533,.390,.423,.497,.143,,.789,1.000,,.020,3,,.286,.000,,0,0,2015
214,165,Kevin Garnett*,PF,38,BRK,42,854,.455,13.7,,.978,.153,.145,.178,.502,.022,,.461,.500,.400,.429,.478,.167,,.766,1.000,,.022,3,,.333,.000,,0,0,2015
215,165,Kevin Garnett*,PF,38,MIN,5,98,.581,16.4,,.968,.097,.032,.097,.742,.032,,.600,1.000,.000,.333,.609,.000,,.944,,,.000,0,,.000,,,0,0,2015
216,166,Marc Gasol,C,30,MEM,81,2687,.494,10.1,,.984,.239,.283,.221,.242,.016,,.500,.699,.469,.430,.402,.176,,.628,.667,,.054,56,,.000,,,3,0,2015
217,167,Pau Gasol,PF,34,CHI,78,2681,.494,9.2,,.977,.311,.253,.166,.240,.023,,.495,.613,.438,.403,.477,.462,,.609,1.000,,.049,54,,.808,.524,,1,0,2015
218,168,Rudy Gay,SF,28,SAC,68,2408,.455,12.3,,.803,.198,.272,.165,.168,.197,,.479,.629,.432,.467,.388,.359,,.312,.734,,.060,60,,.223,.347,,1,0,2015
219,169,Alonzo Gee,SF,27,TOT,54,662,.468,7.5,,.812,.570,.129,.054,.059,.188,,.490,.623,.167,.100,.273,.371,,.473,1.000,,.188,33,,.829,.414,,0,0,2015
220,169,Alonzo Gee,SF,27,DEN,39,511,.482,7.3,,.825,.569,.153,.044,.058,.175,,.496,.654,.095,.167,.250,.417,,.518,1.000,,.204,27,,.833,.450,,0,0,2015
221,169,Alonzo Gee,SF,27,POR,15,151,.429,8.3,,.776,.571,.061,.082,.061,.224,,.474,.536,.667,.000,.333,.273,,.333,1.000,,.143,6,,.818,.333,,0,0,2015
222,170,Paul George,SF,24,IND,6,91,.367,17.0,,.551,.204,.041,.143,.163,.449,,.333,.400,.000,.429,.250,.409,,.333,.889,,.061,2,,.227,.200,,0,0,2015
223,171,Taj Gibson,PF,29,CHI,62,1692,.502,5.5,,1.000,.559,.194,.168,.081,.000,,.502,.618,.347,.341,.415,,,.717,,,.144,67,,,,,0,0,2015
224,172,Manu Ginóbili,SG,37,SAS,70,1587,.426,14.4,,.562,.280,.151,.070,.061,.438,,.489,.594,.449,.366,.250,.345,,.451,.798,,.002,1,,.167,.465,,1,0,2015
225,173,Rudy Gobert,C,22,UTA,82,2158,.604,2.1,,.995,.785,.192,.007,.014,.005,,.607,.710,.244,.000,.000,.000,,.597,,,.344,135,,.000,,,0,0,2015
226,174,Drew Gooden,PF,33,WAS,51,864,.399,15.4,,.786,.221,.094,.080,.388,.214,,.401,.459,.231,.455,.402,.390,,.655,.957,,.007,2,,.203,.500,,1,0,2015
227,175,Archie Goodwin,SG,20,PHO,41,535,.393,9.7,,.796,.527,.124,.035,.109,.204,,.419,.528,.200,.143,.227,.293,,.358,.917,,.085,14,,.195,.375,,2,0,2015
228,176,Aaron Gordon,PF,19,ORL,47,797,.447,9.5,,.769,.462,.149,.096,.063,.231,,.500,.635,.419,.100,.308,.271,,.488,.923,,.125,22,,.542,.346,,1,0,2015
229,177,Ben Gordon,SG,31,ORL,56,790,.437,16.8,,.671,.088,.149,.136,.298,.329,,.475,.500,.591,.400,.443,.361,,.330,.714,,.000,0,,.186,.611,,0,0,2015
230,178,Drew Gordon,PF,24,PHI,9,71,.421,9.4,,.842,.474,.158,.053,.158,.158,,.500,.667,.667,.000,.000,.000,,.875,,,.053,1,,.000,,,0,0,2015
231,179,Eric Gordon,SG,26,NOP,61,2018,.411,16.2,,.546,.199,.150,.063,.133,.454,,.380,.464,.317,.273,.380,.448,,.361,.943,,.000,0,,.156,.429,,2,0,2015
232,180,Marcin Gortat,C,30,WAS,82,2453,.566,6.0,,.996,.471,.277,.186,.062,.004,,.569,.740,.414,.438,.354,.000,,.768,,,.077,58,,.000,,,0,0,2015
233,Rk,Player,Pos,Age,Tm,G,MP,FG%,Dist.,,2P,0-3,3-10,10-16,16-3P,3P,,2P,0-3,3-10,10-16,16-3P,3P,,2P,3P,,%FGA,#,,%3PA,3P%,,Att.,#,2015
234,181,Danny Granger,SF,31,MIA,30,613,.401,18.1,,.481,.154,.049,.093,.185,.519,,.449,.560,.500,.400,.367,.357,,.571,.933,,.006,1,,.298,.400,,0,0,2015
235,182,Jerami Grant,SF,20,PHI,65,1377,.352,14.0,,.557,.321,.128,.040,.068,.443,,.383,.540,.111,.214,.250,.314,,.613,.980,,.082,27,,.276,.372,,0,0,2015
236,183,Danny Green,SG,27,SAS,81,2312,.436,18.5,,.381,.169,.058,.056,.099,.619,,.466,.584,.465,.317,.342,.418,,.649,.937,,.007,4,,.326,.470,,1,0,2015
237,184,Draymond Green,PF,24,GSW,79,2490,.443,14.1,,.570,.329,.120,.051,.069,.430,,.523,.687,.207,.462,.340,.337,,.737,1.000,,.051,36,,.085,.286,,0,0,2015
238,185,Erick Green,PG,23,DEN,43,410,.377,17.1,,.710,.074,.130,.136,.370,.290,,.409,.667,.476,.318,.367,.298,,.489,.929,,.019,3,,.340,.375,,0,0,2015
239,186,Gerald Green,SG,29,PHO,74,1446,.416,18.0,,.503,.132,.072,.130,.168,.497,,.478,.660,.411,.446,.389,.354,,.385,.737,,.040,28,,.266,.359,,3,0,2015
240,187,JaMychal Green,PF,24,TOT,24,164,.574,8.4,,.872,.574,.085,.000,.213,.128,,.659,.741,1.000,,.300,.000,,.593,,,.128,6,,.500,.000,,0,0,2015
241,187,JaMychal Green,PF,24,SAS,4,25,.571,10.4,,.714,.571,.000,.000,.143,.286,,.800,1.000,,,.000,.000,,.500,,,.000,0,,.500,.000,,0,0,2015
242,187,JaMychal Green,PF,24,MEM,20,139,.575,8.1,,.900,.575,.100,.000,.225,.100,,.639,.696,1.000,,.333,.000,,.609,,,.150,6,,.500,.000,,0,0,2015
243,188,Jeff Green,SF,28,TOT,78,2454,.430,13.0,,.698,.262,.212,.100,.124,.302,,.473,.628,.429,.361,.308,.332,,.498,.856,,.069,55,,.267,.423,,5,0,2015
244,188,Jeff Green,SF,28,BOS,33,1093,.434,13.8,,.676,.232,.200,.116,.128,.324,,.495,.655,.474,.364,.361,.305,,.503,.894,,.061,27,,.214,.394,,2,0,2015
245,188,Jeff Green,SF,28,MEM,45,1361,.427,12.3,,.720,.291,.224,.085,.120,.280,,.452,.608,.391,.357,.254,.362,,.494,.820,,.077,28,,.326,.444,,3,0,2015
246,189,Willie Green,SG,33,ORL,52,951,.386,16.2,,.605,.193,.124,.049,.239,.395,,.411,.593,.211,.200,.411,.347,,.408,.833,,.023,7,,.372,.400,,1,0,2015
247,190,Blake Griffin,PF,25,LAC,67,2356,.502,10.4,,.978,.328,.190,.082,.378,.022,,.504,.715,.392,.383,.404,.400,,.672,.800,,.080,84,,.240,.500,,1,0,2015
248,191,Jorge Gutiérrez,PG,26,TOT,20,175,.537,10.3,,.927,.390,.146,.073,.317,.073,,.579,.688,.500,.667,.462,.000,,.682,,,.000,0,,.333,.000,,0,0,2015
249,191,Jorge Gutiérrez,PG,26,BRK,10,44,.500,11.5,,.929,.286,.214,.071,.357,.071,,.538,1.000,.333,.000,.400,.000,,.286,,,.000,0,,.000,,,0,0,2015
250,191,Jorge Gutiérrez,PG,26,MIL,10,131,.556,9.7,,.926,.444,.111,.074,.296,.074,,.600,.583,.667,1.000,.500,.000,,.867,,,.000,0,,.500,.000,,0,0,2015
251,192,P.J. Hairston,SG,22,CHO,45,687,.323,19.2,,.394,.171,.067,.048,.108,.606,,.358,.348,.389,.538,.276,.301,,.553,.939,,.007,0,,.147,.417,,2,0,2015
252,193,Jordan Hamilton,SF,24,LAC,14,122,.400,19.3,,.400,.086,.143,.086,.086,.600,,.286,.667,.200,.333,.000,.476,,.250,.800,,.000,0,,.095,1.000,,0,0,2015
253,194,Justin Hamilton,C,24,TOT,41,712,.478,9.3,,.826,.438,.191,.079,.118,.174,,.510,.615,.412,.429,.333,.323,,.747,1.000,,.079,13,,.161,.200,,0,0,2015
254,194,Justin Hamilton,C,24,MIA,24,289,.415,11.7,,.708,.338,.200,.046,.123,.292,,.457,.682,.231,.333,.250,.316,,.762,1.000,,.031,2,,.158,.333,,0,0,2015
255,194,Justin Hamilton,C,24,MIN,17,423,.513,7.9,,.894,.496,.186,.097,.115,.106,,.535,.589,.524,.455,.385,.333,,.741,1.000,,.106,11,,.167,.000,,0,0,2015
256,195,Tyler Hansbrough,PF,29,TOR,74,1058,.521,4.0,,.958,.648,.248,.024,.042,.042,,.538,.570,.488,.250,.429,.143,,.765,1.000,,.127,21,,.857,.167,,0,0,2015
257,196,Tim Hardaway Jr.,SG,22,NYK,70,1681,.389,17.4,,.506,.191,.093,.054,.166,.494,,.435,.606,.269,.308,.378,.342,,.519,.893,,.015,11,,.192,.279,,3,0,2015
258,197,James Harden,SG,25,HOU,81,2981,.440,14.0,,.622,.310,.107,.074,.131,.378,,.480,.618,.291,.431,.337,.375,,.166,.510,,.023,33,,.108,.467,,1,0,2015
259,198,Maurice Harkless,SF,21,ORL,45,674,.399,11.0,,.646,.494,.120,.013,.019,.354,,.520,.590,.368,.000,.000,.179,,.623,1.000,,.196,29,,.536,.200,,2,0,2015
260,199,Devin Harris,PG,31,DAL,76,1685,.418,16.5,,.492,.240,.103,.046,.103,.508,,.481,.619,.389,.167,.389,.357,,.226,.811,,.002,1,,.177,.596,,5,1,2015
261,200,Gary Harris,SG,20,DEN,55,719,.304,16.3,,.525,.230,.078,.088,.129,.475,,.395,.480,.294,.368,.321,.204,,.511,.905,,.055,10,,.330,.147,,0,0,2015
262,Rk,Player,Pos,Age,Tm,G,MP,FG%,Dist.,,2P,0-3,3-10,10-16,16-3P,3P,,2P,0-3,3-10,10-16,16-3P,3P,,2P,3P,,%FGA,#,,%3PA,3P%,,Att.,#,2015
263,201,Joe Harris,SG,23,CLE,51,493,.400,19.4,,.300,.125,.067,.042,.067,.700,,.472,.533,.375,.400,.500,.369,,.765,.968,,.000,0,,.536,.378,,0,0,2015
264,202,Tobias Harris,SF,22,ORL,68,2369,.466,12.0,,.748,.290,.208,.115,.136,.252,,.500,.687,.386,.367,.388,.364,,.558,.966,,.052,46,,.427,.451,,2,0,2015
265,203,Udonis Haslem,PF,34,MIA,62,995,.448,8.8,,.958,.444,.117,.117,.280,.042,,.459,.566,.464,.286,.358,.200,,.695,1.000,,.067,14,,1.000,.200,,0,0,2015
266,204,Spencer Hawes,PF,26,LAC,73,1274,.393,15.1,,.576,.195,.190,.070,.116,.424,,.452,.593,.354,.414,.396,.313,,.759,1.000,,.031,12,,.159,.250,,1,0,2015
267,205,Chuck Hayes,C,31,TOR,29,255,.478,3.7,,1.000,.565,.391,.043,.000,.000,,.478,.462,.500,.500,,,,.909,,,.000,0,,,,,0,0,2015
268,206,Gordon Hayward,SF,24,UTA,76,2618,.445,14.3,,.696,.206,.175,.119,.197,.304,,.481,.643,.353,.426,.458,.364,,.299,.858,,.046,50,,.142,.426,,1,0,2015
269,207,Brendan Haywood,C,35,CLE,22,119,.467,6.7,,1.000,.167,.667,.133,.033,.000,,.467,.800,.350,.500,1.000,,,.786,,,.067,2,,,,,0,0,2015
270,208,Gerald Henderson,SG,27,CHO,80,2315,.437,13.6,,.839,.210,.106,.189,.334,.161,,.457,.629,.356,.406,.410,.331,,.517,.956,,.044,36,,.493,.418,,0,0,2015
271,209,Xavier Henry,SF,23,LAL,9,86,.231,10.2,,1.000,.385,.077,.231,.308,.000,,.231,.200,.000,.333,.250,,,.667,,,.000,0,,,,,0,0,2015
272,210,John Henson,C,24,MIL,67,1228,.566,2.9,,1.000,.642,.329,.023,.003,.000,,.566,.644,.456,.000,.000,,,.760,,,.176,55,,,,,0,0,2015
273,211,Roy Hibbert,C,28,IND,76,1926,.446,9.0,,.997,.217,.397,.172,.211,.003,,.448,.558,.443,.328,.440,.000,,.603,,,.049,29,,.000,,,0,0,2015
274,212,J.J. Hickson,C,26,DEN,73,1411,.475,4.7,,.996,.553,.298,.096,.048,.004,,.477,.610,.343,.250,.227,.000,,.670,,,.163,68,,.500,.000,,1,0,2015
275,213,Nenê,PF,32,WAS,67,1693,.511,8.2,,.992,.423,.158,.191,.220,.008,,.513,.697,.337,.383,.402,.200,,.699,1.000,,.106,63,,.600,.000,,0,0,2015
276,214,George Hill,PG,28,IND,43,1267,.477,14.9,,.639,.226,.140,.123,.150,.361,,.544,.702,.427,.500,.450,.358,,.237,.725,,.019,9,,.223,.326,,2,0,2015
277,215,Jordan Hill,C,27,LAL,70,1874,.459,10.8,,.986,.245,.227,.136,.368,.014,,.462,.689,.403,.340,.395,.273,,.619,.333,,.058,42,,.545,.333,,0,0,2015
278,216,Solomon Hill,SF,23,IND,82,2381,.396,12.4,,.672,.353,.140,.084,.095,.328,,.430,.500,.337,.377,.350,.327,,.350,.971,,.060,30,,.346,.375,,1,0,2015
279,217,Kirk Hinrich,SG,34,CHI,66,1610,.373,17.9,,.559,.110,.118,.050,.278,.441,,.394,.571,.333,.316,.368,.345,,.452,.931,,.000,0,,.375,.381,,1,0,2015
280,218,Jrue Holiday,PG,24,NOP,40,1303,.446,12.6,,.747,.260,.180,.172,.135,.253,,.469,.561,.438,.457,.347,.378,,.160,.549,,.004,2,,.259,.400,,0,0,2015
281,219,Justin Holiday,SG,25,GSW,59,657,.387,17.1,,.536,.200,.072,.068,.191,.464,,.444,.553,.294,.563,.356,.321,,.750,.943,,.064,13,,.239,.462,,1,0,2015
282,220,Ryan Hollins,C,30,SAC,46,441,.646,4.9,,1.000,.573,.244,.061,.122,.000,,.646,.809,.450,.400,.400,,,.642,,,.293,23,,,,,0,0,2015
283,Rk,Player,Pos,Age,Tm,G,MP,FG%,Dist.,,2P,0-3,3-10,10-16,16-3P,3P,,2P,0-3,3-10,10-16,16-3P,3P,,2P,3P,,%FGA,#,,%3PA,3P%,,Att.,#,2015
284,221,Rodney Hood,SG,22,UTA,50,1064,.414,16.9,,.545,.128,.182,.099,.136,.455,,.456,.667,.382,.486,.333,.365,,.323,.855,,.016,6,,.206,.286,,2,0,2015
285,222,Al Horford,C,28,ATL,76,2318,.538,10.6,,.963,.286,.213,.111,.352,.037,,.547,.750,.408,.458,.494,.306,,.789,.909,,.088,81,,.806,.379,,0,0,2015
286,223,Dwight Howard,C,29,HOU,41,1223,.593,3.1,,.995,.624,.364,.002,.005,.005,,.594,.723,.377,.000,.500,.500,,.612,1.000,,.265,104,,.000,,,1,0,2015
287,224,Lester Hudson,SG,30,LAC,5,56,.429,15.6,,.571,.214,.143,.071,.143,.429,,.375,.667,.500,.000,.000,.500,,.333,.667,,.000,0,,.500,.333,,0,0,2015
288,225,Robbie Hummel,SF,25,MIN,45,742,.459,16.5,,.703,.174,.076,.041,.413,.297,,.521,.900,.154,.429,.437,.314,,.794,1.000,,.012,2,,.471,.333,,0,0,2015
289,226,Kris Humphries,PF,29,WAS,64,1345,.473,10.8,,.984,.325,.110,.164,.386,.016,,.481,.614,.265,.479,.430,.000,,.791,,,.096,43,,.714,.000,,0,0,2015
290,227,Serge Ibaka,PF,25,OKC,64,2116,.476,14.4,,.739,.197,.132,.118,.291,.261,,.511,.697,.413,.505,.432,.376,,.741,.987,,.064,46,,.180,.405,,0,0,2015
291,228,Andre Iguodala,SF,31,GSW,77,2069,.466,15.2,,.573,.290,.071,.079,.133,.427,,.553,.750,.286,.359,.379,.349,,.643,.905,,.141,64,,.377,.325,,6,0,2015
292,229,Ersan İlyasova,PF,27,MIL,58,1319,.472,13.9,,.659,.343,.068,.054,.194,.341,,.515,.597,.263,.400,.491,.389,,.714,.973,,.007,3,,.126,.500,,0,0,2015
293,230,Joe Ingles,SF,27,UTA,79,1673,.415,18.9,,.429,.119,.093,.051,.167,.571,,.493,.738,.273,.556,.424,.356,,.293,.931,,.014,5,,.317,.453,,1,0,2015
294,231,Kyrie Irving,PG,22,CLE,75,2730,.468,13.4,,.694,.273,.148,.137,.136,.306,,.491,.611,.344,.420,.482,.415,,.219,.618,,.003,4,,.204,.468,,2,1,2015
295,232,Jarrett Jack,PG,31,BRK,80,2241,.439,14.2,,.821,.131,.214,.204,.272,.179,,.477,.607,.503,.395,.455,.267,,.191,.872,,.001,1,,.295,.465,,7,0,2015
296,233,Reggie Jackson,PG,24,TOT,77,2268,.434,12.5,,.758,.268,.197,.119,.171,.242,,.477,.618,.418,.429,.359,.299,,.131,.486,,.024,22,,.091,.227,,3,0,2015
297,233,Reggie Jackson,PG,24,OKC,50,1398,.432,13.4,,.726,.236,.186,.099,.205,.274,,.490,.596,.505,.491,.356,.278,,.146,.500,,.030,15,,.114,.222,,0,0,2015
298,233,Reggie Jackson,PG,24,DET,27,870,.436,11.3,,.802,.312,.212,.148,.124,.198,,.460,.641,.315,.371,.365,.337,,.110,.464,,.017,7,,.048,.250,,3,0,2015
299,234,Bernard James,C,29,DAL,16,158,.444,1.7,,1.000,.815,.185,.000,.000,.000,,.444,.545,.000,,,,,.833,,,.185,5,,,,,0,0,2015
300,235,LeBron James,SF,30,CLE,69,2493,.488,12.6,,.735,.332,.127,.116,.159,.265,,.536,.722,.414,.356,.377,.354,,.315,.467,,.072,88,,.115,.385,,1,0,2015
301,236,Al Jefferson,C,30,CHO,65,1992,.481,8.2,,.995,.282,.362,.218,.132,.005,,.482,.639,.445,.391,.391,.400,,.597,.500,,.015,15,,.200,1.000,,0,0,2015
302,237,Cory Jefferson,PF,24,BRK,50,531,.449,9.5,,.910,.347,.216,.162,.186,.090,,.480,.586,.389,.519,.355,.133,,.534,1.000,,.174,21,,.333,.400,,1,0,2015
303,238,Richard Jefferson,SF,34,DAL,74,1244,.444,15.0,,.522,.253,.136,.040,.093,.478,,.462,.634,.295,.077,.400,.426,,.577,.924,,.080,21,,.413,.438,,0,0,2015
304,239,John Jenkins,SG,23,ATL,24,297,.495,19.5,,.475,.121,.020,.040,.293,.525,,.596,.917,.000,.250,.552,.404,,.786,.905,,.000,0,,.308,.438,,0,0,2015
305,240,Brandon Jennings,PG,25,DET,41,1173,.401,14.6,,.611,.280,.118,.087,.127,.389,,.428,.520,.313,.340,.391,.360,,.261,.461,,.006,3,,.147,.516,,1,0,2015
306,Rk,Player,Pos,Age,Tm,G,MP,FG%,Dist.,,2P,0-3,3-10,10-16,16-3P,3P,,2P,0-3,3-10,10-16,16-3P,3P,,2P,3P,,%FGA,#,,%3PA,3P%,,Att.,#,2015
307,241,Jonas Jerebko,PF,27,TOT,75,1230,.446,13.8,,.631,.290,.156,.034,.150,.369,,.481,.655,.288,.154,.421,.386,,.687,1.000,,.034,12,,.264,.486,,0,0,2015
308,241,Jonas Jerebko,PF,27,DET,46,703,.460,14.7,,.616,.273,.131,.025,.187,.384,,.516,.593,.500,.200,.459,.368,,.683,1.000,,.015,3,,.237,.389,,0,0,2015
309,241,Jonas Jerebko,PF,27,BOS,29,527,.431,12.9,,.646,.309,.182,.044,.110,.354,,.444,.714,.121,.125,.350,.406,,.692,1.000,,.055,9,,.297,.579,,0,0,2015
310,242,Grant Jerrett,PF,21,TOT,8,51,.269,18.0,,.423,.038,.231,.038,.115,.577,,.545,1.000,.667,1.000,.000,.067,,.500,1.000,,.000,0,,.267,.000,,0,0,2015
311,242,Grant Jerrett,PF,21,OKC,5,25,.176,21.3,,.235,.059,.059,.000,.118,.765,,.500,1.000,1.000,,.000,.077,,.500,1.000,,.000,0,,.308,.000,,0,0,2015
312,242,Grant Jerrett,PF,21,UTA,3,26,.444,11.7,,.778,.000,.556,.111,.111,.222,,.571,,.600,1.000,.000,.000,,.500,,,.000,0,,.000,,,0,0,2015
313,243,Amir Johnson,PF,27,TOR,75,1979,.574,5.8,,.911,.489,.351,.025,.044,.089,,.590,.701,.467,.385,.478,.413,,.685,1.000,,.089,42,,.196,.333,,0,0,2015
314,244,Chris Johnson,SF,24,TOT,29,526,.403,17.0,,.383,.247,.065,.032,.039,.617,,.576,.658,.400,.600,.333,.295,,.735,.929,,.013,2,,.526,.260,,0,0,2015
315,244,Chris Johnson,SF,24,PHI,9,187,.317,18.9,,.350,.200,.050,.033,.067,.650,,.429,.417,.667,.500,.250,.256,,.667,.900,,.000,0,,.308,.333,,0,0,2015
316,244,Chris Johnson,SF,24,UTA,12,211,.484,15.3,,.406,.266,.109,.031,.000,.594,,.692,.882,.286,.500,,.342,,.833,.923,,.031,2,,.789,.267,,0,0,2015
317,244,Chris Johnson,SF,24,MIL,8,128,.400,16.8,,.400,.300,.000,.033,.067,.600,,.583,.556,,1.000,.500,.278,,.571,1.000,,.000,0,,.444,.125,,0,0,2015
318,245,James Johnson,PF,27,TOR,70,1370,.589,6.8,,.874,.522,.248,.042,.062,.126,,.643,.777,.490,.235,.400,.216,,.458,1.000,,.126,50,,.471,.292,,0,0,2015
319,246,Joe Johnson,SG,33,BRK,80,2791,.435,15.0,,.671,.092,.281,.140,.159,.329,,.472,.596,.524,.399,.374,.359,,.231,.893,,.001,1,,.285,.333,,2,0,2015
320,247,Nick Johnson,SG,22,HOU,28,262,.347,10.1,,.720,.427,.240,.027,.027,.280,,.389,.469,.333,.000,.000,.238,,.476,.800,,.067,4,,.333,.286,,0,0,2015
321,248,Tyler Johnson,SG,22,MIA,32,603,.419,13.5,,.713,.293,.174,.066,.180,.287,,.437,.592,.310,.455,.300,.375,,.442,.944,,.084,10,,.250,.417,,1,0,2015
322,249,Wesley Johnson,SF,27,LAL,76,2245,.414,17.1,,.625,.156,.052,.107,.305,.375,,.451,.704,.444,.392,.346,.351,,.651,.923,,.055,35,,.336,.368,,1,0,2015
323,250,Dahntay Jones,SF,34,LAC,33,123,.286,12.6,,.810,.286,.095,.238,.190,.190,,.353,.833,.000,.000,.250,.000,,1.000,,,.000,0,,1.000,.000,,0,0,2015
324,251,James Jones,SF,34,CLE,57,669,.368,23.5,,.129,.015,.015,.035,.065,.871,,.423,.667,.333,.143,.538,.360,,.818,.984,,.000,0,,.349,.311,,0,0,2015
325,252,Perry Jones,SF,23,OKC,43,631,.397,13.6,,.674,.201,.293,.071,.109,.326,,.476,.676,.426,.538,.200,.233,,.644,1.000,,.043,8,,.250,.133,,2,0,2015
326,253,Terrence Jones,PF,23,HOU,33,889,.528,6.8,,.876,.508,.298,.037,.033,.124,,.553,.691,.416,.091,.200,.351,,.600,1.000,,.100,30,,.054,.000,,1,0,2015
327,254,DeAndre Jordan,C,26,LAC,82,2820,.710,1.2,,.993,.918,.071,.002,.000,.007,,.713,.739,.368,1.000,,.250,,.690,.000,,.532,252,,.000,,,0,0,2015
328,255,Jerome Jordan,C,28,BRK,44,383,.532,3.5,,1.000,.798,.074,.053,.074,.000,,.532,.587,.286,.400,.286,,,.680,,,.234,19,,,,,0,0,2015
329,256,Cory Joseph,PG,23,SAS,79,1444,.504,9.9,,.893,.392,.185,.134,.182,.107,,.520,.602,.474,.436,.453,.364,,.403,.938,,.002,0,,.568,.360,,3,0,2015
330,257,Chris Kaman,C,32,POR,74,1398,.515,7.8,,1.000,.366,.268,.179,.188,.000,,.515,.667,.395,.459,.447,,,.629,,,.027,15,,,,,0,0,2015
331,258,Enes Kanter,C,22,TOT,75,2135,.519,7.4,,.952,.503,.177,.089,.182,.048,,.528,.666,.409,.410,.320,.356,,.528,1.000,,.039,30,,.778,.343,,0,0,2015
332,258,Enes Kanter,C,22,UTA,49,1326,.491,8.4,,.930,.452,.175,.086,.216,.070,,.505,.673,.402,.360,.294,.317,,.538,1.000,,.045,20,,.756,.290,,0,0,2015
333,258,Enes Kanter,C,22,OKC,26,809,.566,5.6,,.988,.590,.179,.095,.124,.012,,.564,.657,.419,.485,.395,.750,,.513,1.000,,.029,10,,1.000,.750,,0,0,2015
334,259,Sergey Karasev,SG,21,BRK,33,555,.403,14.3,,.597,.284,.149,.060,.104,.403,,.475,.553,.450,.375,.357,.296,,.737,1.000,,.000,0,,.426,.217,,1,0,2015
335,260,Ryan Kelly,PF,23,LAL,52,1233,.337,16.4,,.566,.146,.142,.152,.126,.434,,.337,.644,.205,.255,.231,.336,,.678,.978,,.029,9,,.216,.552,,1,0,2015
336,Rk,Player,Pos,Age,Tm,G,MP,FG%,Dist.,,2P,0-3,3-10,10-16,16-3P,3P,,2P,0-3,3-10,10-16,16-3P,3P,,2P,3P,,%FGA,#,,%3PA,3P%,,Att.,#,2015
337,261,Michael Kidd-Gilchrist,SF,21,CHO,55,1587,.465,8.0,,1.000,.477,.156,.071,.297,.000,,.465,.578,.280,.500,.371,,,.714,,,.056,26,,,,,0,0,2015
338,262,Sean Kilpatrick,SG,25,MIN,4,72,.350,16.9,,.350,.250,.000,.050,.050,.650,,.429,.400,,.000,1.000,.308,,.333,1.000,,.050,1,,.154,.500,,0,0,2015
339,263,Andrei Kirilenko,SF,33,BRK,7,36,.000,2.2,,1.000,.600,.400,.000,.000,.000,,.000,.000,.000,,,,,,,,.000,0,,,,,0,0,2015
340,264,Alex Kirk,C,23,CLE,5,14,.250,9.8,,1.000,.500,.000,.000,.500,.000,,.250,.500,,,.000,,,.000,,,.000,0,,,,,0,0,2015
341,265,Brandon Knight,PG-SG,23,TOT,63,2035,.422,15.1,,.639,.269,.075,.072,.222,.361,,.441,.577,.284,.313,.371,.389,,.296,.656,,.020,17,,.196,.413,,0,0,2015
342,265,Brandon Knight,PG,23,MIL,52,1688,.435,14.6,,.659,.291,.070,.077,.221,.341,,.448,.581,.269,.298,.382,.409,,.295,.635,,.020,14,,.209,.377,,0,0,2015
343,265,Brandon Knight,SG,23,PHO,11,347,.357,17.7,,.531,.154,.105,.049,.224,.469,,.395,.545,.333,.429,.313,.313,,.300,.762,,.021,3,,.149,.600,,0,0,2015
344,266,Kyle Korver,SG,33,ATL,75,2418,.487,22.2,,.252,.047,.022,.035,.148,.748,,.470,.679,.231,.429,.449,.492,,.915,.964,,.005,3,,.247,.541,,0,0,2015
345,267,Kosta Koufos,C,25,MEM,81,1348,.508,5.4,,1.000,.441,.399,.101,.059,.000,,.508,.620,.455,.333,.333,,,.753,,,.059,18,,,,,0,0,2015
346,268,Ognjen Kuzmić,C,24,GSW,16,72,.667,7.9,,1.000,.500,.000,.333,.167,.000,,.667,.667,,.500,1.000,,,.875,,,.083,1,,,,,0,0,2015
347,269,Jeremy Lamb,SG,22,OKC,47,633,.416,16.5,,.556,.160,.148,.108,.140,.444,,.475,.750,.459,.259,.343,.342,,.394,.763,,.020,5,,.135,.267,,2,0,2015
348,270,Carl Landry,PF,31,SAC,70,1192,.515,9.3,,1.000,.352,.203,.125,.320,.000,,.515,.700,.320,.565,.415,,,.716,,,.068,24,,,,,0,0,2015
349,271,Shane Larkin,PG,22,NYK,76,1865,.433,13.3,,.731,.282,.144,.086,.213,.269,,.481,.607,.355,.432,.424,.302,,.474,.800,,.000,0,,.086,.200,,0,0,2015
350,272,Joffrey Lauvergne,C,23,DEN,24,268,.404,8.4,,.820,.506,.180,.056,.079,.180,,.452,.667,.125,.000,.143,.188,,.636,1.000,,.112,9,,.438,.000,,1,0,2015
351,273,Zach LaVine,PG,19,MIN,77,1902,.422,14.1,,.753,.276,.117,.066,.292,.247,,.449,.631,.316,.333,.354,.341,,.349,.789,,.062,39,,.144,.375,,3,0,2015
352,274,Ty Lawson,PG,27,DEN,75,2665,.436,13.8,,.779,.253,.120,.164,.242,.221,,.463,.637,.351,.447,.348,.341,,.147,.614,,.001,0,,.093,.421,,6,0,2015
353,275,Ricky Ledo,SG,22,TOT,17,244,.333,11.8,,.719,.313,.260,.010,.135,.281,,.319,.467,.160,.000,.308,.370,,.409,.800,,.010,0,,.000,,,0,0,2015
354,275,Ricky Ledo,SG,22,DAL,5,11,.000,14.7,,.500,.167,.333,.000,.000,.500,,.000,.000,.000,,,.000,,,,,.000,0,,.000,,,0,0,2015
355,275,Ricky Ledo,SG,22,NYK,12,233,.356,11.6,,.733,.322,.256,.011,.144,.267,,.333,.483,.174,.000,.308,.417,,.409,.800,,.011,0,,.000,,,0,0,2015
356,276,Courtney Lee,SG,29,MEM,77,2354,.448,16.2,,.652,.156,.103,.145,.249,.348,,.473,.650,.273,.452,.456,.402,,.601,.989,,.002,1,,.353,.392,,2,0,2015
357,277,David Lee,PF,31,GSW,49,904,.511,6.1,,.994,.482,.326,.080,.105,.006,,.514,.689,.314,.560,.303,.000,,.706,,,.077,23,,.000,,,1,0,2015
358,278,Malcolm Lee,SG,24,PHI,1,2,.000,5.0,,1.000,.000,1.000,.000,.000,.000,,.000,,.000,,,,,,,,.000,0,,,,,0,0,2015
359,279,Alex Len,C,21,PHO,69,1518,.507,6.2,,.992,.544,.164,.167,.116,.008,,.509,.677,.293,.288,.341,.333,,.663,1.000,,.204,66,,.333,1.000,,0,0,2015
360,280,Kawhi Leonard,SF,23,SAS,64,2033,.479,13.1,,.766,.212,.180,.187,.187,.234,,.519,.724,.426,.481,.416,.349,,.450,.970,,.066,49,,.385,.459,,0,0,2015
361,Rk,Player,Pos,Age,Tm,G,MP,FG%,Dist.,,2P,0-3,3-10,10-16,16-3P,3P,,2P,0-3,3-10,10-16,16-3P,3P,,2P,3P,,%FGA,#,,%3PA,3P%,,Att.,#,2015
362,281,Meyers Leonard,C,22,POR,55,847,.510,15.7,,.543,.212,.147,.082,.102,.457,,.586,.731,.528,.450,.480,.420,,.795,.936,,.102,22,,.232,.577,,1,0,2015
363,282,Jon Leuer,PF,25,MEM,63,824,.443,11.2,,.894,.319,.143,.150,.282,.106,,.467,.701,.256,.439,.325,.241,,.781,1.000,,.062,15,,.345,.400,,0,0,2015
364,283,Damian Lillard,PG,24,POR,82,2925,.434,15.3,,.579,.285,.088,.060,.147,.421,,.500,.642,.261,.444,.390,.343,,.241,.510,,.024,30,,.119,.353,,2,0,2015
365,284,Jeremy Lin,PG,26,LAL,74,1907,.424,13.2,,.731,.278,.148,.118,.182,.269,,.444,.604,.330,.390,.319,.369,,.297,.585,,.000,0,,.091,.375,,1,0,2015
366,285,Shaun Livingston,PG,29,GSW,78,1468,.500,8.8,,.995,.270,.237,.417,.071,.005,,.503,.701,.362,.461,.464,.000,,.460,,,.111,40,,.000,,,1,0,2015
367,286,Brook Lopez,C,26,BRK,72,2100,.513,8.4,,.990,.309,.340,.153,.187,.010,,.517,.662,.458,.470,.422,.100,,.648,1.000,,.040,37,,.400,.000,,0,0,2015
368,287,Robin Lopez,C,26,POR,59,1638,.535,5.0,,.998,.542,.286,.098,.071,.002,,.537,.650,.408,.395,.387,.000,,.705,,,.094,38,,.000,,,0,0,2015
369,288,Kevin Love,PF,26,CLE,75,2532,.434,14.8,,.588,.213,.181,.080,.114,.412,,.480,.611,.366,.408,.468,.367,,.691,.986,,.030,27,,.321,.365,,0,0,2015
370,289,Kyle Lowry,PG,28,TOR,70,2414,.412,15.6,,.625,.199,.140,.096,.190,.375,,.457,.630,.404,.320,.384,.338,,.262,.576,,.000,0,,.148,.345,,2,0,2015
371,290,Kalin Lucas,PG,25,MEM,1,6,.000,14.0,,1.000,.000,.000,1.000,.000,.000,,.000,,,.000,,,,,,,.000,0,,,,,0,0,2015
372,291,John Lucas III,PG,32,DET,21,272,.404,17.3,,.721,.077,.135,.163,.346,.279,,.440,.500,.286,.471,.472,.310,,.182,.778,,.000,0,,.138,.500,,0,0,2015
373,292,Shelvin Mack,PG,24,ATL,55,833,.401,15.9,,.565,.199,.137,.092,.137,.435,,.467,.569,.375,.444,.425,.315,,.442,.800,,.000,0,,.165,.476,,0,0,2015
374,293,Ian Mahinmi,C,28,IND,61,1146,.552,4.1,,1.000,.580,.302,.038,.075,.000,,.552,.691,.391,.375,.188,,,.607,,,.156,29,,,,,0,0,2015
375,294,Devyn Marble,SG,22,ORL,16,208,.318,14.6,,.500,.273,.136,.045,.045,.500,,.455,.333,.667,.500,.500,.182,,.500,1.000,,.045,2,,.545,.083,,0,0,2015
376,295,Shawn Marion,SF,36,CLE,57,1101,.446,8.0,,.828,.397,.322,.094,.015,.172,,.484,.623,.384,.320,.000,.261,,.766,1.000,,.101,26,,.761,.286,,0,0,2015
377,296,Kendall Marshall,PG,23,MIL,28,417,.455,15.7,,.545,.218,.129,.099,.099,.455,,.509,.682,.308,.500,.400,.391,,.357,.722,,.000,0,,.196,.111,,0,0,2015
378,297,Cartier Martin,SF,30,DET,23,198,.283,20.8,,.377,.094,.075,.019,.189,.623,,.450,.600,.250,.000,.500,.182,,.667,.833,,.000,0,,.303,.100,,1,0,2015
379,298,Kenyon Martin,PF,37,MIL,11,104,.409,6.6,,1.000,.500,.227,.045,.227,.000,,.409,.455,.400,.000,.400,,,.889,,,.182,3,,,,,0,0,2015
380,299,Kevin Martin,SG,31,MIN,39,1302,.427,16.3,,.694,.099,.112,.176,.291,.306,,.442,.661,.343,.464,.407,.393,,.547,.853,,.013,8,,.194,.568,,0,0,2015
381,300,Wesley Matthews,SG,28,POR,60,2024,.448,18.1,,.408,.146,.105,.069,.088,.592,,.534,.600,.570,.462,.439,.389,,.451,.873,,.013,10,,.290,.403,,0,0,2015
382,Rk,Player,Pos,Age,Tm,G,MP,FG%,Dist.,,2P,0-3,3-10,10-16,16-3P,3P,,2P,0-3,3-10,10-16,16-3P,3P,,2P,3P,,%FGA,#,,%3PA,3P%,,Att.,#,2015
383,301,Jason Maxiell,PF,31,CHO,61,878,.422,7.5,,1.000,.349,.302,.229,.120,.000,,.422,.552,.431,.273,.304,,,.753,,,.078,11,,,,,0,0,2015
384,302,O.J. Mayo,SG,27,MIL,71,1697,.422,15.6,,.605,.200,.108,.110,.187,.395,,.465,.621,.421,.403,.359,.357,,.624,.919,,.013,9,,.430,.437,,1,0,2015
385,303,Luc Mbah a Moute,PF,28,PHI,67,1916,.395,14.3,,.682,.305,.086,.038,.253,.318,,.435,.562,.236,.292,.373,.307,,.630,.968,,.027,15,,.163,.333,,1,0,2015
386,304,James Michael McAdoo,PF,22,GSW,15,137,.545,2.5,,1.000,.705,.250,.023,.023,.000,,.545,.710,.091,1.000,.000,,,.833,,,.295,11,,,,,0,0,2015
387,305,Ray McCallum,PG,23,SAC,68,1436,.438,11.9,,.764,.313,.177,.106,.168,.236,,.479,.626,.386,.440,.329,.306,,.355,.794,,.030,11,,.441,.245,,1,0,2015
388,306,CJ McCollum,SG,23,POR,62,973,.436,15.3,,.619,.214,.118,.115,.173,.381,,.460,.551,.465,.429,.365,.396,,.288,.855,,.016,5,,.338,.404,,0,0,2015
389,307,K.J. McDaniels,SG,21,TOT,62,1352,.396,12.2,,.654,.376,.131,.065,.083,.346,,.454,.577,.316,.214,.306,.287,,.519,.977,,.113,42,,.193,.310,,0,0,2015
390,307,K.J. McDaniels,SG,21,PHI,52,1319,.399,12.2,,.649,.377,.134,.062,.076,.351,,.456,.570,.321,.192,.344,.293,,.524,.977,,.115,41,,.197,.310,,0,0,2015
391,307,K.J. McDaniels,SG,21,HOU,10,33,.333,12.5,,.800,.333,.067,.133,.267,.200,,.417,.800,.000,.500,.000,.000,,.400,,,.067,1,,.000,,,0,0,2015
392,308,Doug McDermott,SF,23,CHI,36,321,.402,13.3,,.617,.402,.075,.028,.112,.383,,.455,.558,.125,.000,.417,.317,,.767,.923,,.028,2,,.171,.286,,0,0,2015
393,309,Mitch McGary,PF,22,OKC,32,485,.533,5.5,,.988,.558,.206,.152,.073,.012,,.540,.685,.353,.400,.250,.000,,.739,,,.097,14,,.500,.000,,0,0,2015
394,310,JaVale McGee,C,27,TOT,23,256,.532,4.5,,1.000,.557,.266,.127,.051,.000,,.532,.727,.429,.100,.000,,,.810,,,.266,18,,,,,0,0,2015
395,310,JaVale McGee,C,27,DEN,17,195,.557,3.5,,1.000,.590,.311,.082,.016,.000,,.557,.694,.421,.200,.000,,,.824,,,.262,13,,,,,0,0,2015
396,310,JaVale McGee,C,27,PHI,6,61,.444,7.8,,1.000,.444,.111,.278,.167,.000,,.444,.875,.500,.000,.000,,,.750,,,.278,5,,,,,0,0,2015
397,311,Ben McLemore,SG,21,SAC,82,2670,.437,16.1,,.529,.217,.123,.048,.142,.471,,.507,.711,.294,.425,.407,.358,,.628,.914,,.079,60,,.366,.413,,5,0,2015
398,312,Jerel McNeal,PG,27,PHO,6,36,.273,12.5,,.818,.182,.364,.091,.182,.182,,.222,.000,.250,1.000,.000,.500,,.500,1.000,,.000,0,,.000,,,0,0,2015
399,313,Josh McRoberts,PF,27,MIA,17,296,.528,11.8,,.642,.415,.132,.038,.057,.358,,.588,.682,.571,.500,.000,.421,,.600,.875,,.151,8,,.000,,,0,0,2015
400,314,Jodie Meeks,SG,27,DET,60,1462,.416,15.8,,.603,.189,.135,.103,.176,.397,,.460,.614,.347,.473,.372,.349,,.845,.932,,.007,4,,.217,.348,,0,0,2015
401,315,Gal Mekel,PG,26,NOP,4,43,.150,11.4,,.850,.200,.300,.150,.200,.150,,.176,.500,.167,.000,.000,.000,,.333,,,.000,0,,.333,.000,,0,0,2015
402,316,Khris Middleton,SF,23,MIL,79,2378,.467,15.3,,.692,.176,.112,.159,.245,.308,,.494,.621,.474,.449,.441,.407,,.596,.982,,.018,16,,.399,.523,,0,0,2015
403,317,C.J. Miles,SG,27,IND,70,1841,.398,18.8,,.461,.141,.067,.086,.167,.539,,.459,.650,.309,.394,.391,.345,,.634,.909,,.045,32,,.251,.366,,5,0,2015
404,318,Andre Miller,PG,38,TOT,81,1253,.500,9.2,,.883,.362,.262,.166,.093,.117,,.539,.629,.461,.417,.630,.206,,.290,.714,,.000,0,,.147,.200,,2,0,2015
405,318,Andre Miller,PG,38,WAS,51,631,.542,7.1,,.944,.479,.239,.148,.077,.056,,.567,.632,.441,.524,.636,.125,,.276,1.000,,.000,0,,.000,,,1,0,2015
406,318,Andre Miller,PG,38,SAC,30,622,.459,11.3,,.824,.250,.284,.182,.108,.176,,.508,.622,.476,.333,.625,.231,,.306,.667,,.000,0,,.192,.200,,1,0,2015
407,319,Darius Miller,SF,24,NOP,5,43,.143,15.4,,.857,.000,.286,.286,.286,.143,,.167,,.500,.000,.000,.000,,.000,,,.000,0,,.000,,,0,0,2015
408,320,Mike Miller,SF,34,CLE,52,701,.325,23.8,,.140,.018,.018,.044,.061,.860,,.313,1.000,.500,.000,.286,.327,,.200,1.000,,.000,0,,.347,.353,,0,0,2015
409,Rk,Player,Pos,Age,Tm,G,MP,FG%,Dist.,,2P,0-3,3-10,10-16,16-3P,3P,,2P,0-3,3-10,10-16,16-3P,3P,,2P,3P,,%FGA,#,,%3PA,3P%,,Att.,#,2015
410,321,Quincy Miller,PF,22,TOT,10,119,.237,16.5,,.526,.184,.184,.000,.158,.474,,.300,.286,.286,,.333,.167,,.333,1.000,,.000,0,,.167,.333,,0,0,2015
411,321,Quincy Miller,PF,22,SAC,6,61,.222,14.6,,.611,.222,.222,.000,.167,.389,,.273,.500,.250,,.000,.143,,.333,1.000,,.000,0,,.429,.333,,0,0,2015
412,321,Quincy Miller,PF,22,DET,4,58,.250,18.2,,.450,.150,.150,.000,.150,.550,,.333,.000,.333,,.667,.182,,.333,1.000,,.000,0,,.000,,,0,0,2015
413,322,Patty Mills,PG,26,SAS,51,801,.381,19.1,,.458,.122,.063,.057,.217,.542,,.429,.561,.286,.263,.438,.341,,.515,.855,,.000,0,,.253,.370,,1,0,2015
414,323,Elijah Millsap,SG,27,UTA,47,924,.340,13.6,,.622,.307,.168,.067,.080,.378,,.358,.479,.275,.188,.211,.311,,.340,.964,,.025,5,,.333,.367,,2,0,2015
415,324,Paul Millsap,PF,29,ATL,73,2390,.476,10.3,,.768,.375,.216,.086,.090,.232,,.513,.639,.428,.275,.417,.356,,.590,.948,,.057,44,,.241,.442,,0,0,2015
416,325,Nikola Mirotić,PF,23,CHI,82,1654,.405,15.8,,.498,.260,.075,.056,.095,.502,,.495,.648,.191,.343,.424,.316,,.545,.909,,.027,15,,.284,.326,,1,0,2015
417,326,Nazr Mohammed,C,37,CHI,23,128,.433,7.8,,1.000,.400,.167,.200,.200,.000,,.433,.667,.400,.167,.167,,,.615,,,.033,1,,,,,0,0,2015
418,327,Greg Monroe,PF,24,DET,69,2137,.496,4.0,,1.000,.530,.392,.033,.043,.000,,.496,.613,.365,.321,.351,,,.499,,,.027,22,,,,,0,0,2015
419,328,E'Twaun Moore,SG,25,CHI,56,504,.446,13.2,,.727,.201,.230,.173,.122,.273,,.485,.607,.531,.417,.294,.342,,.490,.846,,.007,1,,.421,.375,,0,0,2015
420,329,Eric Moreland,PF,23,SAC,3,2,1.000,6.0,,1.000,.000,1.000,.000,.000,.000,,1.000,,1.000,,,,,.000,,,.000,0,,,,,0,0,2015
421,330,Darius Morris,PG,24,BRK,38,299,.340,13.3,,.689,.311,.123,.132,.123,.311,,.397,.545,.385,.214,.231,.212,,.241,.857,,.009,1,,.333,.091,,0,0,2015
422,331,Marcus Morris,PF,25,PHO,81,2045,.434,16.7,,.590,.155,.096,.155,.185,.410,,.487,.593,.384,.483,.454,.358,,.443,.902,,.014,10,,.329,.408,,7,1,2015
423,332,Markieff Morris,PF,25,PHO,82,2581,.465,12.5,,.837,.229,.163,.246,.199,.163,,.494,.611,.436,.502,.397,.318,,.523,.982,,.053,48,,.145,.269,,2,0,2015
424,333,Anthony Morrow,SG,29,OKC,74,1806,.463,18.1,,.472,.081,.111,.146,.132,.528,,.497,.640,.500,.433,.481,.434,,.590,.972,,.000,0,,.357,.500,,0,0,2015
425,334,Donatas Motiejūnas,PF,24,HOU,71,2037,.504,8.8,,.810,.280,.466,.051,.013,.190,,.536,.643,.500,.361,.222,.368,,.595,.980,,.026,17,,.429,.351,,1,0,2015
426,335,Timofey Mozgov,C,28,TOT,81,2045,.555,4.9,,.989,.597,.212,.065,.115,.011,,.557,.692,.333,.270,.431,.333,,.756,1.000,,.253,128,,.833,.400,,0,0,2015
427,335,Timofey Mozgov,C,28,DEN,35,897,.504,6.1,,.974,.543,.185,.099,.147,.026,,.509,.635,.395,.174,.412,.333,,.704,1.000,,.194,37,,.833,.400,,0,0,2015
428,335,Timofey Mozgov,C,28,CLE,46,1148,.590,4.1,,1.000,.635,.231,.042,.093,.000,,.590,.726,.299,.429,.452,,,.787,,,.293,91,,,,,0,0,2015
429,336,Shabazz Muhammad,SG,22,MIN,38,866,.489,9.1,,.872,.365,.264,.134,.108,.128,,.503,.676,.448,.283,.326,.392,,.638,.950,,.108,38,,.431,.409,,0,0,2015
430,337,Toure' Murry,SG-PG,25,TOT,5,18,.400,9.6,,1.000,.400,.200,.000,.400,.000,,.400,1.000,.000,,.000,,,.500,,,.200,1,,,,,0,0,2015
431,337,Toure' Murry,PG,25,UTA,1,1,.000,20.0,,1.000,.000,.000,.000,1.000,.000,,.000,,,,.000,,,,,,.000,0,,,,,0,0,2015
432,337,Toure' Murry,SG,25,WAS,4,17,.500,7.0,,1.000,.500,.250,.000,.250,.000,,.500,1.000,.000,,.000,,,.500,,,.250,1,,,,,0,0,2015
433,338,Mike Muscala,PF,23,ATL,40,502,.550,10.5,,.854,.364,.139,.126,.225,.146,,.574,.673,.429,.632,.471,.409,,.730,1.000,,.106,13,,.409,.444,,0,0,2015
434,339,Shabazz Napier,PG,23,MIA,51,1012,.382,18.5,,.482,.154,.061,.053,.215,.518,,.400,.457,.143,.500,.408,.364,,.205,.791,,.000,0,,.246,.379,,1,0,2015
435,340,Gary Neal,SG,30,TOT,54,1193,.374,16.8,,.674,.109,.133,.141,.290,.326,,.407,.364,.328,.521,.404,.305,,.377,.580,,.000,0,,.122,.250,,0,0,2015
436,340,Gary Neal,SG,30,CHO,43,931,.359,16.5,,.666,.126,.148,.138,.254,.334,,.392,.320,.339,.509,.396,.293,,.317,.590,,.000,0,,.113,.200,,0,0,2015
437,340,Gary Neal,SG,30,MIN,11,262,.429,18.1,,.705,.048,.076,.152,.429,.295,,.459,.800,.250,.563,.422,.355,,.559,.545,,.000,0,,.161,.400,,0,0,2015
438,Rk,Player,Pos,Age,Tm,G,MP,FG%,Dist.,,2P,0-3,3-10,10-16,16-3P,3P,,2P,0-3,3-10,10-16,16-3P,3P,,2P,3P,,%FGA,#,,%3PA,3P%,,Att.,#,2015
439,341,Jameer Nelson,PG,32,TOT,63,1407,.407,18.2,,.488,.149,.105,.050,.185,.512,,.472,.693,.321,.440,.387,.345,,.259,.551,,.000,0,,.097,.480,,0,0,2015
440,341,Jameer Nelson,PG,32,DAL,23,584,.374,19.2,,.368,.117,.129,.012,.110,.632,,.383,.737,.286,.000,.167,.369,,.304,.579,,.000,0,,.126,.231,,0,0,2015
441,341,Jameer Nelson,PG,32,BOS,6,121,.220,19.4,,.390,.146,.073,.049,.122,.610,,.250,.333,.333,.000,.200,.200,,.000,.400,,.000,0,,.040,.000,,0,0,2015
442,341,Jameer Nelson,PG,32,DEN,34,702,.450,17.6,,.567,.167,.097,.070,.233,.433,,.524,.720,.345,.524,.457,.354,,.258,.543,,.000,0,,.085,.818,,0,0,2015
443,342,Andrew Nicholson,PF,25,ORL,40,492,.437,14.5,,.784,.147,.221,.116,.300,.216,,.470,.750,.357,.364,.456,.317,,.743,.923,,.037,7,,.317,.231,,0,0,2015
444,343,Joakim Noah,C,29,CHI,67,2049,.445,5.8,,.995,.609,.176,.019,.180,.005,,.447,.515,.360,.500,.325,.000,,.637,,,.063,25,,.000,,,2,0,2015
445,344,Nerlens Noel,C,20,PHI,75,2311,.462,5.5,,1.000,.462,.329,.124,.084,.000,,.462,.662,.288,.309,.273,,,.672,,,.193,118,,,,,0,0,2015
446,345,Lucas Nogueira,C,22,TOR,6,23,.250,5.0,,1.000,.625,.125,.125,.125,.000,,.250,.400,.000,.000,.000,,,1.000,,,.375,2,,,,,0,0,2015
447,346,Steve Novak,SF-PF,31,TOT,35,197,.393,24.5,,.143,.000,.000,.000,.143,.857,,.375,,,,.375,.396,,1.000,1.000,,.000,0,,.271,.385,,0,0,2015
448,346,Steve Novak,SF,31,UTA,22,109,.457,25.1,,.057,.000,.000,.000,.057,.943,,.000,,,,.000,.485,,,1.000,,.000,0,,.182,.500,,0,0,2015
449,346,Steve Novak,PF,31,OKC,13,88,.286,23.5,,.286,.000,.000,.000,.286,.714,,.500,,,,.500,.200,,1.000,1.000,,.000,0,,.467,.286,,0,0,2015
450,347,Dirk Nowitzki,PF,36,DAL,77,2282,.459,16.9,,.742,.066,.070,.283,.323,.258,,.486,.700,.365,.478,.475,.380,,.640,.981,,.004,4,,.040,.364,,0,0,2015
451,348,Jusuf Nurkić,C,20,DEN,62,1103,.446,4.9,,.995,.480,.402,.023,.089,.005,,.449,.582,.312,.333,.382,.000,,.673,,,.055,17,,.500,.000,,0,0,2015
452,349,Johnny O'Bryant,PF,21,MIL,34,368,.367,10.8,,1.000,.292,.150,.150,.408,.000,,.367,.543,.278,.333,.286,,,.750,,,.008,1,,,,,0,0,2015
453,350,Kyle O'Quinn,PF,24,ORL,51,824,.492,11.8,,.822,.285,.202,.103,.231,.178,,.538,.768,.490,.400,.357,.279,,.626,1.000,,.054,13,,.140,.500,,1,0,2015
454,351,Victor Oladipo,SG,22,ORL,72,2573,.436,11.2,,.772,.423,.105,.080,.164,.228,,.464,.569,.263,.402,.354,.339,,.316,.726,,.046,45,,.214,.340,,1,0,2015
455,352,Kelly Olynyk,C,23,BOS,64,1423,.475,12.7,,.669,.356,.131,.076,.106,.331,,.538,.681,.348,.475,.339,.349,,.642,.951,,.044,23,,.109,.368,,1,0,2015
456,353,Arinze Onuaku,C,27,MIN,6,68,.857,2.4,,1.000,.643,.357,.000,.000,.000,,.857,.889,.800,,,,,.750,,,.286,4,,,,,0,0,2015
457,354,Zaza Pachulia,C,30,MIL,73,1730,.454,7.9,,.994,.427,.132,.287,.147,.006,,.456,.558,.257,.493,.269,.000,,.742,,,.023,12,,.000,,,0,0,2015
458,355,Kostas Papanikolaou,SF,24,HOU,43,795,.350,15.4,,.462,.274,.102,.046,.041,.538,,.418,.556,.200,.222,.250,.292,,.632,.968,,.036,6,,.396,.310,,0,0,2015
459,356,Jannero Pargo,PG,35,CHO,9,73,.429,23.6,,.371,.029,.000,.029,.314,.629,,.462,1.000,,1.000,.364,.409,,.333,1.000,,.000,0,,.136,1.000,,2,0,2015
460,357,Jabari Parker,PF,19,MIL,25,738,.490,8.2,,.939,.422,.205,.141,.171,.061,,.506,.721,.259,.432,.333,.250,,.536,.750,,.171,43,,.313,.400,,0,0,2015
461,358,Tony Parker,PG,32,SAS,68,1953,.486,11.4,,.893,.255,.224,.129,.286,.107,,.493,.599,.522,.421,.408,.427,,.243,.947,,.000,0,,.764,.397,,0,0,2015
462,359,Chandler Parsons,SF,26,DAL,66,2186,.462,13.7,,.581,.311,.150,.049,.071,.419,,.521,.643,.379,.268,.458,.380,,.446,.909,,.031,24,,.265,.359,,0,0,2015
463,360,Patrick Patterson,PF,25,TOR,81,2156,.449,16.8,,.471,.159,.144,.095,.073,.529,,.536,.553,.597,.529,.385,.371,,.533,1.000,,.017,7,,.353,.410,,1,0,2015
464,Rk,Player,Pos,Age,Tm,G,MP,FG%,Dist.,,2P,0-3,3-10,10-16,16-3P,3P,,2P,0-3,3-10,10-16,16-3P,3P,,2P,3P,,%FGA,#,,%3PA,3P%,,Att.,#,2015
465,361,Chris Paul,PG,29,LAC,82,2857,.485,16.3,,.702,.093,.107,.229,.265,.298,,.523,.642,.488,.519,.487,.398,,.117,.424,,.001,1,,.132,.348,,0,0,2015
466,362,Adreian Payne,PF,23,TOT,32,739,.414,10.5,,.959,.264,.250,.145,.300,.041,,.427,.517,.400,.344,.409,.111,,.633,1.000,,.095,16,,.111,.000,,0,0,2015
467,362,Adreian Payne,PF,23,ATL,3,19,.286,8.1,,.857,.429,.286,.000,.143,.143,,.333,.333,.000,,1.000,.000,,1.000,,,.000,0,,.000,,,0,0,2015
468,362,Adreian Payne,PF,23,MIN,29,720,.418,10.6,,.962,.258,.249,.150,.305,.038,,.429,.527,.415,.344,.400,.125,,.625,1.000,,.099,16,,.125,.000,,0,0,2015
469,363,Elfrid Payton,PG,20,ORL,82,2489,.425,6.9,,.941,.458,.301,.103,.078,.059,,.435,.515,.376,.329,.345,.262,,.179,.909,,.041,27,,.310,.385,,0,0,2015
470,364,Nikola Peković,C,29,MIN,31,815,.424,4.3,,1.000,.463,.457,.073,.006,.000,,.424,.546,.307,.333,1.000,,,.647,,,.003,1,,,,,0,0,2015
471,365,Kendrick Perkins,C,30,TOT,68,1148,.449,4.6,,.996,.401,.511,.075,.009,.004,,.451,.604,.353,.353,.000,.000,,.676,,,.101,21,,.000,,,1,0,2015
472,365,Kendrick Perkins,C,30,OKC,51,981,.441,4.7,,.995,.387,.527,.075,.005,.005,,.443,.597,.357,.286,.000,.000,,.671,,,.097,16,,.000,,,1,0,2015
473,365,Kendrick Perkins,C,30,CLE,17,167,.488,4.2,,1.000,.463,.439,.073,.024,.000,,.488,.632,.333,.667,.000,,,.700,,,.122,5,,,,,0,0,2015
474,366,Paul Pierce,SF,37,WAS,73,1914,.447,17.1,,.538,.197,.056,.111,.174,.462,,.496,.620,.405,.411,.439,.389,,.571,1.000,,.020,12,,.191,.431,,0,0,2015
475,367,Mason Plumlee,C,24,BRK,82,1743,.573,2.6,,.994,.744,.233,.012,.004,.006,,.576,.646,.377,.167,.500,.000,,.682,,,.243,108,,.000,,,3,0,2015
476,368,Miles Plumlee,C,26,TOT,73,1194,.535,3.6,,1.000,.610,.291,.087,.012,.000,,.535,.639,.365,.364,.667,,,.654,,,.193,43,,,,,0,0,2015
477,368,Miles Plumlee,C,26,PHO,54,1005,.549,3.8,,1.000,.600,.297,.087,.015,.000,,.549,.650,.379,.412,.667,,,.607,,,.185,33,,,,,0,0,2015
478,368,Miles Plumlee,C,26,MIL,19,189,.492,3.0,,1.000,.644,.271,.085,.000,.000,,.492,.605,.313,.200,,,,.828,,,.220,10,,,,,0,0,2015
479,369,Quincy Pondexter,SF-SG,26,TOT,75,1793,.421,16.6,,.454,.242,.101,.047,.065,.546,,.478,.583,.311,.381,.414,.373,,.629,.912,,.038,16,,.414,.465,,2,0,2015
480,369,Quincy Pondexter,SG,26,MEM,30,540,.356,16.5,,.459,.259,.089,.030,.081,.541,,.500,.543,.250,.500,.636,.233,,.613,.882,,.044,6,,.411,.333,,1,0,2015
481,369,Quincy Pondexter,SF,26,NOP,45,1253,.449,16.6,,.452,.234,.106,.054,.058,.548,,.468,.603,.333,.353,.278,.433,,.636,.919,,.035,10,,.415,.521,,1,0,2015
482,370,Otto Porter,SF,21,WAS,74,1432,.450,14.3,,.734,.225,.130,.084,.292,.266,,.491,.750,.333,.455,.377,.337,,.759,.943,,.056,22,,.423,.364,,1,0,2015
483,371,Dwight Powell,PF,23,TOT,29,236,.463,11.5,,.836,.358,.104,.075,.299,.164,,.500,.708,.000,.800,.350,.273,,.714,1.000,,.104,5,,.273,.333,,0,0,2015
484,371,Dwight Powell,PF,23,BOS,5,9,.800,1.2,,1.000,1.000,.000,.000,.000,.000,,.800,.800,,,,,,.500,,,.200,1,,,,,0,0,2015
485,371,Dwight Powell,PF,23,DAL,24,227,.435,12.4,,.823,.306,.113,.081,.323,.177,,.471,.684,.000,.800,.350,.273,,.750,1.000,,.097,4,,.273,.333,,0,0,2015
486,372,Phil Pressey,PG,23,BOS,50,600,.368,13.9,,.626,.322,.126,.057,.121,.374,,.440,.500,.364,.300,.429,.246,,.146,.500,,.000,0,,.046,.000,,1,0,2015
487,373,A.J. Price,PG,28,TOT,26,324,.372,18.3,,.584,.044,.139,.175,.226,.416,,.450,.333,.526,.417,.452,.263,,.111,.667,,.000,0,,.123,.143,,0,0,2015
488,373,A.J. Price,PG,28,IND,10,193,.438,18.8,,.562,.034,.146,.169,.213,.438,,.480,.333,.385,.533,.526,.385,,.083,.667,,.000,0,,.077,.333,,0,0,2015
489,373,A.J. Price,PG,28,CLE,11,87,.265,16.2,,.676,.088,.176,.206,.206,.324,,.391,.333,.833,.143,.286,.000,,.222,,,.000,0,,.091,.000,,0,0,2015
490,373,A.J. Price,PG,28,PHO,5,44,.214,20.4,,.500,.000,.000,.143,.357,.500,,.429,,,.500,.400,.000,,.000,,,.000,0,,.429,.000,,0,0,2015
491,374,Ronnie Price,PG,31,LAL,43,982,.345,17.4,,.511,.197,.090,.063,.161,.489,,.404,.614,.200,.500,.222,.284,,.261,.871,,.027,6,,.174,.368,,1,0,2015
492,375,Pablo Prigioni,PG,37,TOT,67,1197,.399,21.0,,.272,.118,.048,.053,.053,.728,,.548,.630,.364,.500,.583,.343,,.471,.807,,.000,0,,.157,.308,,2,0,2015
493,375,Pablo Prigioni,PG,37,NYK,43,795,.422,20.9,,.286,.130,.031,.050,.075,.714,,.543,.571,.400,.500,.583,.374,,.480,.837,,.000,0,,.157,.278,,1,0,2015
494,375,Pablo Prigioni,PG,37,HOU,24,402,.343,21.3,,.239,.090,.090,.060,.000,.761,,.563,.833,.333,.500,,.275,,.444,.714,,.000,0,,.157,.375,,1,0,2015
495,376,Tayshaun Prince,SF,34,TOT,58,1397,.440,14.1,,.833,.172,.154,.157,.351,.167,,.436,.594,.339,.365,.433,.463,,.596,.968,,.030,10,,.701,.511,,0,0,2015
496,376,Tayshaun Prince,SF,34,MEM,26,628,.410,13.8,,.820,.175,.175,.158,.311,.180,,.400,.469,.438,.310,.386,.455,,.567,.933,,.033,5,,.727,.500,,0,0,2015
497,376,Tayshaun Prince,SF,34,BOS,9,198,.559,13.9,,.864,.169,.153,.237,.305,.136,,.549,.900,.444,.357,.556,.625,,.429,1.000,,.017,1,,.500,.750,,0,0,2015
498,376,Tayshaun Prince,SF,34,DET,23,571,.431,14.5,,.838,.169,.131,.125,.413,.163,,.433,.630,.143,.450,.439,.423,,.707,1.000,,.031,4,,.731,.474,,0,0,2015
499,377,Miroslav Raduljica,C,27,MIN,5,23,.375,4.8,,1.000,.250,.625,.125,.000,.000,,.375,.500,.400,.000,,,,1.000,,,.000,0,,,,,0,0,2015
500,378,Julius Randle,PF,20,LAL,1,14,.333,9.7,,1.000,.333,.333,.000,.333,.000,,.333,.000,1.000,,.000,,,.000,,,.000,0,,,,,0,0,2015
501,379,Shavlik Randolph,PF,31,TOT,21,126,.257,8.1,,.857,.343,.429,.029,.057,.143,,.300,.417,.133,1.000,.500,.000,,.444,,,.029,1,,.000,,,0,0,2015
502,379,Shavlik Randolph,PF,31,PHO,16,101,.240,9.2,,.840,.280,.440,.040,.080,.160,,.286,.429,.091,1.000,.500,.000,,.333,,,.000,0,,.000,,,0,0,2015
503,379,Shavlik Randolph,PF,31,BOS,5,25,.300,5.2,,.900,.500,.400,.000,.000,.100,,.333,.400,.250,,,.000,,.667,,,.100,1,,.000,,,0,0,2015
504,380,Zach Randolph,PF,33,MEM,71,2304,.487,7.7,,.979,.402,.289,.122,.165,.021,,.490,.653,.398,.325,.377,.350,,.477,.857,,.011,8,,.100,.000,,5,2,2015
505,Rk,Player,Pos,Age,Tm,G,MP,FG%,Dist.,,2P,0-3,3-10,10-16,16-3P,3P,,2P,0-3,3-10,10-16,16-3P,3P,,2P,3P,,%FGA,#,,%3PA,3P%,,Att.,#,2015
506,381,J.J. Redick,SG,30,LAC,78,2409,.477,19.3,,.512,.091,.049,.067,.301,.488,,.515,.624,.413,.476,.511,.437,,.887,.960,,.000,0,,.286,.443,,0,0,2015
507,382,Glen Rice Jr.,SG,24,WAS,5,43,.200,15.3,,.533,.200,.200,.067,.067,.467,,.250,.667,.000,.000,.000,.143,,.500,1.000,,.000,0,,.286,.500,,0,0,2015
508,383,Jason Richardson,SG,34,PHI,19,416,.348,18.0,,.461,.163,.073,.090,.135,.539,,.378,.483,.462,.313,.250,.323,,.452,.774,,.006,1,,.198,.368,,0,0,2015
509,384,Luke Ridnour,PG,33,ORL,47,683,.426,18.2,,.642,.085,.091,.097,.369,.358,,.487,.467,.250,.471,.554,.317,,.164,.750,,.000,0,,.333,.429,,0,0,2015
510,385,Austin Rivers,PG-SG,22,TOT,76,1563,.409,11.8,,.736,.290,.236,.081,.127,.264,,.449,.590,.410,.275,.302,.298,,.378,.897,,.026,12,,.282,.378,,0,0,2015
511,385,Austin Rivers,SG,22,NOP,35,772,.387,10.8,,.775,.329,.243,.086,.117,.225,,.419,.548,.389,.263,.231,.280,,.333,1.000,,.023,5,,.260,.231,,0,0,2015
512,385,Austin Rivers,PG,22,LAC,41,791,.427,12.6,,.704,.259,.230,.077,.135,.296,,.477,.634,.429,.286,.351,.309,,.413,.840,,.029,7,,.296,.458,,0,0,2015
513,386,Andre Roberson,SG,23,OKC,67,1286,.458,11.4,,.577,.507,.055,.010,.005,.423,,.612,.667,.182,.500,.000,.247,,.761,.952,,.149,29,,.553,.319,,2,0,2015
514,387,Brian Roberts,PG,29,CHO,72,1330,.389,18.5,,.573,.100,.084,.106,.281,.427,,.440,.511,.421,.396,.433,.321,,.404,.710,,.000,0,,.135,.423,,2,0,2015
515,388,Glenn Robinson III,SG-SF,21,TOT,35,261,.388,0.0,,.716,.000,.000,.000,.000,.284,,.438,,,,,.263,,.524,1.000,,.060,4,,.000,,,0,0,2015
516,388,Glenn Robinson III,SG,21,MIN,25,108,.333,0.0,,.750,.000,.000,.000,.000,.250,,.389,,,,,.167,,.571,1.000,,.042,1,,.000,,,0,0,2015
517,388,Glenn Robinson III,SF,21,PHI,10,153,.419,0.0,,.698,.000,.000,.000,.000,.302,,.467,,,,,.308,,.500,1.000,,.070,3,,.000,,,0,0,2015
518,389,Nate Robinson,PG,30,TOT,42,591,.345,17.2,,.561,.153,.102,.106,.200,.439,,.399,.513,.346,.481,.294,.277,,.298,.677,,.000,0,,.170,.316,,0,0,2015
519,389,Nate Robinson,PG,30,DEN,33,465,.348,17.0,,.549,.162,.118,.093,.176,.451,,.420,.515,.375,.474,.333,.261,,.277,.667,,.000,0,,.185,.294,,0,0,2015
520,389,Nate Robinson,PG,30,LAC,9,126,.333,18.1,,.608,.118,.039,.157,.294,.392,,.323,.500,.000,.500,.200,.350,,.400,.714,,.000,0,,.100,.500,,0,0,2015
521,390,Thomas Robinson,PF,23,TOT,54,798,.485,5.9,,.992,.565,.204,.092,.131,.008,,.488,.592,.453,.250,.265,.000,,.563,,,.123,30,,.000,,,2,0,2015
522,390,Thomas Robinson,PF,23,POR,32,391,.516,5.4,,1.000,.604,.143,.088,.165,.000,,.516,.636,.308,.250,.400,,,.638,,,.242,21,,,,,0,0,2015
523,390,Thomas Robinson,PF,23,PHI,22,407,.467,6.2,,.988,.544,.237,.095,.112,.012,,.473,.565,.500,.250,.158,.000,,.519,,,.059,9,,.000,,,2,0,2015
524,391,Rajon Rondo,PG,28,TOT,68,2018,.426,11.4,,.867,.309,.205,.060,.293,.133,,.444,.633,.348,.385,.323,.314,,.262,.778,,.006,4,,.326,.357,,1,0,2015
525,391,Rajon Rondo,PG,28,BOS,22,699,.405,11.7,,.840,.315,.185,.070,.270,.160,,.435,.571,.324,.429,.352,.250,,.219,.625,,.005,1,,.031,.000,,0,0,2015
526,391,Rajon Rondo,PG,28,DAL,46,1319,.436,11.2,,.879,.306,.213,.056,.303,.121,,.448,.662,.358,.360,.311,.352,,.280,.842,,.007,3,,.500,.370,,1,0,2015
527,392,Derrick Rose,PG,26,CHI,51,1530,.405,14.2,,.675,.260,.154,.107,.154,.325,,.465,.558,.519,.281,.380,.280,,.248,.684,,.006,5,,.041,.273,,6,1,2015
528,393,Terrence Ross,SF,23,TOR,82,2092,.410,18.0,,.482,.134,.094,.104,.151,.518,,.452,.584,.324,.423,.430,.372,,.579,.931,,.050,33,,.344,.410,,2,0,2015
529,394,Ricky Rubio,PG,24,MIN,22,692,.356,16.6,,.767,.178,.014,.100,.475,.233,,.387,.333,.000,.455,.404,.255,,.354,.769,,.000,0,,.216,.091,,0,0,2015
530,395,Damjan Rudež,SF,28,IND,68,1047,.452,20.7,,.354,.095,.023,.042,.194,.646,,.538,.640,.333,.545,.510,.406,,.760,.957,,.011,3,,.371,.508,,0,0,2015
531,396,Brandon Rush,SG,29,GSW,33,271,.204,17.9,,.500,.167,.093,.056,.185,.500,,.296,.333,.400,.000,.300,.111,,.250,1.000,,.019,0,,.222,.167,,0,0,2015
532,397,Robert Sacre,C,25,LAL,67,1133,.412,10.4,,.997,.157,.301,.297,.242,.003,,.413,.646,.348,.352,.419,.000,,.683,,,.029,7,,.000,,,0,0,2015
533,398,John Salmons,SF,35,NOP,21,270,.333,19.9,,.458,.042,.063,.146,.208,.542,,.364,.500,.333,.571,.200,.308,,.500,.875,,.021,1,,.346,.222,,0,0,2015
534,399,JaKarr Sampson,SF,21,PHI,74,1131,.422,12.0,,.633,.367,.188,.046,.032,.367,,.525,.646,.400,.250,.273,.244,,.470,.968,,.075,23,,.362,.217,,2,0,2015
535,400,Larry Sanders,C,26,MIL,27,586,.500,2.8,,1.000,.733,.174,.076,.017,.000,,.500,.579,.267,.385,.000,,,.628,,,.203,28,,,,,0,0,2015
536,Rk,Player,Pos,Age,Tm,G,MP,FG%,Dist.,,2P,0-3,3-10,10-16,16-3P,3P,,2P,0-3,3-10,10-16,16-3P,3P,,2P,3P,,%FGA,#,,%3PA,3P%,,Att.,#,2015
537,401,Dennis Schröder,PG,21,ATL,77,1516,.427,11.3,,.777,.379,.155,.065,.177,.223,,.449,.544,.340,.326,.381,.351,,.207,.673,,.009,4,,.101,.200,,1,0,2015
538,402,Luis Scola,PF,34,IND,81,1659,.467,9.9,,.969,.372,.184,.069,.343,.031,,.474,.611,.390,.318,.400,.250,,.647,.800,,.006,4,,.550,.364,,3,0,2015
539,403,Mike Scott,PF,26,ATL,68,1123,.444,15.6,,.576,.183,.166,.117,.110,.424,,.517,.699,.427,.415,.460,.344,,.881,1.000,,.038,15,,.198,.421,,2,0,2015
540,404,Thabo Sefolosha,SF,30,ATL,52,976,.418,11.3,,.687,.410,.133,.040,.100,.313,,.462,.578,.394,.300,.160,.321,,.684,.960,,.044,9,,.551,.326,,0,0,2015
541,405,Kevin Séraphin,C,25,WAS,79,1235,.513,8.5,,.996,.238,.384,.242,.131,.004,,.516,.701,.468,.440,.458,.000,,.593,,,.062,26,,.000,,,1,0,2015
542,406,Ramon Sessions,PG,28,TOT,64,1188,.374,10.2,,.820,.308,.296,.093,.123,.180,,.387,.524,.323,.226,.317,.317,,.443,.789,,.009,3,,.183,.364,,0,0,2015
543,406,Ramon Sessions,PG,28,SAC,36,642,.344,10.8,,.847,.235,.350,.087,.175,.153,,.368,.512,.313,.250,.344,.214,,.439,.833,,.005,1,,.143,.000,,0,0,2015
544,406,Ramon Sessions,PG,28,WAS,28,546,.411,9.6,,.788,.397,.232,.099,.060,.212,,.412,.533,.343,.200,.222,.406,,.449,.769,,.013,2,,.219,.571,,0,0,2015
545,407,Iman Shumpert,SG,24,TOT,62,1545,.410,16.7,,.584,.187,.068,.104,.225,.416,,.458,.568,.250,.408,.453,.342,,.492,.940,,.064,20,,.403,.316,,1,0,2015
546,407,Iman Shumpert,SG,24,NYK,24,625,.409,15.7,,.693,.205,.070,.153,.265,.307,,.436,.545,.267,.333,.456,.348,,.538,.913,,.065,9,,.197,.385,,1,0,2015
547,407,Iman Shumpert,SG,24,CLE,38,920,.410,17.5,,.492,.172,.066,.063,.191,.508,,.484,.591,.235,.563,.449,.338,,.443,.955,,.063,11,,.508,.303,,0,0,2015
548,408,Alexey Shved,SG,26,TOT,42,767,.397,14.3,,.585,.328,.093,.048,.099,.415,,.439,.582,.194,.125,.333,.338,,.302,.681,,.012,4,,.065,.333,,3,0,2015
549,408,Alexey Shved,SG,26,PHI,17,285,.400,16.1,,.562,.308,.062,.038,.154,.438,,.479,.575,.250,.400,.400,.298,,.257,.647,,.015,2,,.088,.400,,2,0,2015
550,408,Alexey Shved,SG,26,HOU,9,59,.333,16.2,,.500,.292,.042,.083,.083,.500,,.333,.571,.000,.000,.000,.333,,.500,1.000,,.042,1,,.083,1.000,,0,0,2015
551,408,Alexey Shved,SG,26,NYK,16,423,.403,12.7,,.613,.348,.122,.050,.061,.387,,.423,.587,.182,.000,.273,.371,,.319,.654,,.006,1,,.043,.000,,1,0,2015
552,409,Henry Sims,C,24,PHI,73,1399,.474,10.3,,.956,.317,.179,.175,.285,.044,,.488,.623,.411,.409,.434,.182,,.709,1.000,,.030,14,,.227,.000,,0,0,2015
553,410,Kyle Singler,SF,26,TOT,80,1743,.386,17.5,,.460,.152,.110,.076,.121,.540,,.371,.588,.163,.353,.296,.398,,.605,.969,,.016,6,,.390,.415,,0,0,2015
554,410,Kyle Singler,SF,26,DET,54,1287,.400,17.6,,.466,.151,.111,.069,.134,.534,,.393,.642,.179,.333,.319,.406,,.609,.961,,.014,5,,.369,.420,,0,0,2015
555,410,Kyle Singler,SF,26,OKC,26,456,.333,17.2,,.438,.156,.104,.104,.073,.563,,.286,.400,.100,.400,.143,.370,,.583,1.000,,.021,1,,.463,.400,,0,0,2015
556,411,Donald Sloan,PG,27,IND,53,1107,.408,14.1,,.631,.287,.149,.065,.130,.369,,.464,.588,.434,.348,.283,.313,,.106,.683,,.006,1,,.122,.250,,2,0,2015
557,412,Marcus Smart,PG,20,BOS,67,1808,.367,18.0,,.430,.176,.090,.071,.092,.570,,.410,.560,.256,.382,.295,.335,,.393,.901,,.015,6,,.176,.396,,4,0,2015
558,413,Greg Smith,PF,24,DAL,42,363,.612,2.0,,1.000,.816,.163,.020,.000,.000,,.612,.625,.625,.000,,,,.900,,,.163,5,,,,,0,0,2015
559,414,Ish Smith,PG,26,TOT,55,832,.390,8.2,,.837,.322,.417,.076,.022,.163,,.407,.551,.346,.214,.125,.300,,.200,.722,,.005,2,,.217,.154,,0,0,2015
560,414,Ish Smith,PG,26,OKC,30,155,.333,6.5,,.889,.444,.400,.022,.022,.111,,.350,.500,.222,.000,.000,.200,,.286,1.000,,.022,1,,.200,.000,,0,0,2015
561,414,Ish Smith,PG,26,PHI,25,677,.398,8.5,,.829,.304,.419,.084,.022,.171,,.416,.561,.363,.222,.143,.309,,.189,.706,,.003,1,,.218,.167,,0,0,2015
562,415,J.R. Smith,SG,29,TOT,70,2080,.417,19.9,,.436,.106,.058,.062,.209,.564,,.462,.563,.409,.340,.462,.383,,.401,.791,,.023,13,,.192,.402,,3,0,2015
563,415,J.R. Smith,SG,29,NYK,24,619,.402,17.8,,.641,.131,.076,.092,.343,.359,,.429,.545,.474,.217,.430,.356,,.348,.656,,.012,2,,.111,.400,,2,0,2015
564,415,J.R. Smith,SG,29,CLE,46,1461,.425,20.9,,.333,.093,.050,.048,.143,.667,,.494,.574,.360,.458,.500,.390,,.446,.824,,.028,11,,.214,.403,,1,0,2015
565,416,Jason Smith,C,28,NYK,82,1785,.434,13.9,,.929,.145,.132,.206,.443,.071,,.440,.488,.359,.475,.435,.357,,.727,1.000,,.008,5,,.857,.417,,0,0,2015
566,417,Josh Smith,PF,29,TOT,83,2300,.419,11.1,,.769,.295,.293,.037,.144,.231,,.451,.636,.349,.324,.310,.316,,.579,.958,,.047,42,,.232,.434,,0,0,2015
567,417,Josh Smith,PF,29,DET,28,896,.391,10.0,,.905,.297,.322,.028,.258,.095,,.407,.586,.310,.182,.347,.243,,.611,.889,,.033,10,,.189,.571,,0,0,2015
568,417,Josh Smith,PF,29,HOU,55,1404,.438,11.9,,.680,.294,.273,.044,.069,.320,,.489,.669,.380,.385,.220,.330,,.556,.968,,.055,32,,.241,.413,,0,0,2015
569,418,Russ Smith,PG,23,TOT,12,65,.320,17.2,,.560,.200,.160,.160,.040,.440,,.429,.400,.750,.250,.000,.182,,.000,1.000,,.000,0,,.091,.000,,1,0,2015
570,418,Russ Smith,PG,23,NOP,6,29,.200,18.8,,.400,.200,.100,.100,.000,.600,,.250,.500,.000,.000,,.167,,.000,1.000,,.000,0,,.000,,,0,0,2015
571,418,Russ Smith,PG,23,MEM,6,36,.400,16.2,,.667,.200,.200,.200,.067,.333,,.500,.333,1.000,.333,.000,.200,,.000,1.000,,.000,0,,.200,.000,,1,0,2015
572,419,Tony Snell,SF,23,CHI,72,1412,.429,16.3,,.469,.224,.111,.027,.102,.531,,.494,.675,.317,.300,.368,.371,,.535,.932,,.051,17,,.284,.411,,1,0,2015
573,420,Marreese Speights,C,27,GSW,76,1207,.492,11.1,,.972,.313,.144,.102,.413,.028,,.498,.634,.419,.500,.423,.278,,.776,.800,,.056,33,,.222,.250,,2,0,2015
574,Rk,Player,Pos,Age,Tm,G,MP,FG%,Dist.,,2P,0-3,3-10,10-16,16-3P,3P,,2P,0-3,3-10,10-16,16-3P,3P,,2P,3P,,%FGA,#,,%3PA,3P%,,Att.,#,2015
575,421,Tiago Splitter,C,30,SAS,52,1030,.558,3.2,,1.000,.611,.370,.017,.003,.000,,.558,.600,.509,.200,.000,,,.692,,,.043,12,,,,,0,0,2015
576,422,Nik Stauskas,SG,21,SAC,73,1127,.365,17.6,,.497,.179,.084,.061,.172,.503,,.408,.528,.240,.389,.373,.322,,.467,.917,,.014,4,,.255,.289,,0,0,2015
577,423,Lance Stephenson,SG,24,CHO,61,1573,.376,13.0,,.809,.291,.127,.122,.269,.191,,.425,.569,.329,.418,.318,.171,,.280,.833,,.005,2,,.086,.111,,2,0,2015
578,424,Greg Stiemsma,C,29,TOR,17,66,.750,3.8,,1.000,.625,.250,.125,.000,.000,,.750,.800,.500,1.000,,,,.833,,,.125,1,,,,,0,0,2015
579,425,David Stockton,PG,23,SAC,3,33,.333,11.3,,.667,.333,.333,.000,.000,.333,,.250,.500,.000,,,.500,,.000,1.000,,.000,0,,.000,,,0,0,2015
580,426,Jarnell Stokes,PF,21,MEM,19,126,.568,3.7,,1.000,.649,.243,.081,.027,.000,,.568,.667,.333,.667,.000,,,.571,,,.108,3,,,,,0,0,2015
581,427,Amar'e Stoudemire,PF,32,TOT,59,1245,.557,5.8,,.992,.514,.278,.073,.127,.008,,.562,.687,.485,.389,.323,.000,,.469,,,.127,57,,.000,,,1,0,2015
582,427,Amar'e Stoudemire,PF,32,NYK,36,865,.543,5.2,,.990,.553,.270,.074,.093,.010,,.549,.669,.440,.348,.310,.000,,.426,,,.141,42,,.000,,,0,0,2015
583,427,Amar'e Stoudemire,PF,32,DAL,23,380,.581,6.8,,.994,.447,.291,.073,.184,.006,,.584,.725,.558,.462,.333,.000,,.538,,,.101,15,,.000,,,1,0,2015
584,428,Rodney Stuckey,PG,28,IND,71,1874,.440,12.6,,.813,.255,.168,.156,.233,.187,,.452,.573,.417,.415,.369,.390,,.390,.800,,.001,0,,.305,.442,,2,0,2015
585,429,Jared Sullinger,PF,22,BOS,58,1566,.439,12.4,,.740,.268,.222,.109,.140,.260,,.494,.626,.420,.351,.475,.283,,.521,.981,,.017,12,,.054,.400,,1,0,2015
586,430,Jeff Taylor,SF,25,CHO,29,430,.395,13.1,,.684,.307,.123,.053,.202,.316,,.436,.657,.071,.333,.348,.306,,.647,1.000,,.088,9,,.444,.375,,0,0,2015
587,431,Jeff Teague,PG,26,ATL,73,2228,.460,10.5,,.767,.364,.233,.086,.083,.233,,.496,.619,.362,.421,.405,.343,,.193,.690,,.024,20,,.116,.333,,0,0,2015
588,432,Mirza Teletović,PF,29,BRK,40,892,.382,18.0,,.395,.201,.103,.022,.072,.605,,.476,.531,.424,.286,.435,.321,,.633,.984,,.016,5,,.083,.625,,1,0,2015
589,433,Sebastian Telfair,PG,29,OKC,16,327,.368,15.8,,.520,.200,.168,.024,.128,.480,,.431,.400,.429,.667,.438,.300,,.143,.444,,.000,0,,.200,.333,,0,0,2015
590,434,Garrett Temple,SG,28,WAS,52,735,.400,17.3,,.482,.218,.065,.053,.147,.518,,.427,.595,.000,.444,.360,.375,,.514,.879,,.012,2,,.409,.389,,1,0,2015
591,435,Jason Terry,SG,37,HOU,77,1641,.422,20.7,,.276,.070,.070,.054,.083,.724,,.504,.548,.516,.458,.486,.390,,.468,.937,,.002,1,,.446,.493,,1,0,2015
592,436,Isaiah Thomas,PG,25,TOT,67,1726,.420,15.3,,.566,.253,.112,.080,.120,.434,,.457,.584,.315,.375,.375,.373,,.257,.690,,.000,0,,.118,.390,,2,0,2015
593,436,Isaiah Thomas,PG,25,PHO,46,1181,.426,15.2,,.596,.225,.133,.104,.135,.404,,.449,.600,.353,.377,.348,.391,,.241,.753,,.000,0,,.164,.353,,1,0,2015
594,436,Isaiah Thomas,PG,25,BOS,21,545,.411,15.6,,.512,.305,.074,.039,.095,.488,,.473,.563,.190,.364,.444,.345,,.290,.583,,.000,0,,.050,.571,,1,0,2015
595,437,Lance Thomas,PF-SF,26,TOT,62,1490,.412,11.6,,.950,.213,.213,.183,.337,.050,,.417,.596,.351,.432,.336,.318,,.646,1.000,,.029,10,,.864,.368,,0,0,2015
596,437,Lance Thomas,SF,26,OKC,22,450,.357,10.0,,.992,.254,.262,.151,.325,.008,,.360,.469,.303,.526,.244,.000,,.644,,,.032,2,,.000,,,0,0,2015
597,437,Lance Thomas,PF,26,NYK,40,1040,.434,12.2,,.934,.196,.193,.196,.342,.066,,.441,.661,.377,.403,.370,.333,,.646,1.000,,.028,8,,.905,.368,,0,0,2015
598,438,Malcolm Thomas,PF,26,PHI,17,194,.450,7.9,,.825,.500,.225,.025,.075,.175,,.545,.750,.222,.000,.333,.000,,.667,,,.100,4,,.143,.000,,0,0,2015
599,439,Tyrus Thomas,PF,28,MEM,2,7,1.000,13.0,,1.000,.000,.000,1.000,.000,.000,,1.000,,,1.000,,,,1.000,,,.000,0,,,,,0,0,2015
600,440,Hollis Thompson,SG,23,PHI,71,1776,.413,17.2,,.471,.175,.133,.061,.103,.529,,.426,.579,.319,.515,.250,.401,,.670,.983,,.011,4,,.199,.421,,0,0,2015
601,Rk,Player,Pos,Age,Tm,G,MP,FG%,Dist.,,2P,0-3,3-10,10-16,16-3P,3P,,2P,0-3,3-10,10-16,16-3P,3P,,2P,3P,,%FGA,#,,%3PA,3P%,,Att.,#,2015
602,441,Jason Thompson,PF,28,SAC,81,1991,.470,8.9,,.998,.308,.334,.098,.257,.002,,.471,.614,.441,.381,.373,.000,,.667,,,.098,34,,.000,,,1,0,2015
603,442,Klay Thompson,SG,24,GSW,77,2455,.463,16.6,,.580,.172,.107,.131,.171,.420,,.481,.682,.345,.418,.414,.439,,.556,.908,,.019,21,,.229,.520,,3,0,2015
604,443,Tristan Thompson,PF,23,CLE,82,2194,.547,3.2,,1.000,.664,.248,.072,.016,.000,,.547,.651,.347,.314,.375,,,.715,,,.260,117,,,,,0,0,2015
605,444,Marcus Thornton,SG,27,TOT,48,721,.406,15.9,,.586,.223,.130,.046,.186,.414,,.426,.494,.467,.125,.391,.378,,.488,.870,,.000,0,,.147,.429,,1,0,2015
606,444,Marcus Thornton,SG,27,BOS,39,640,.416,15.8,,.593,.230,.131,.046,.187,.407,,.414,.500,.450,.071,.368,.419,,.480,.865,,.000,0,,.145,.500,,1,0,2015
607,444,Marcus Thornton,SG,27,PHO,9,81,.325,16.7,,.525,.175,.125,.050,.175,.475,,.524,.429,.600,.500,.571,.105,,.545,1.000,,.000,0,,.158,.000,,0,0,2015
608,445,Anthony Tolliver,PF,29,TOT,76,1432,.410,20.0,,.262,.153,.043,.013,.053,.738,,.534,.650,.353,.600,.333,.366,,.764,1.000,,.015,6,,.369,.421,,0,0,2015
609,445,Anthony Tolliver,PF,29,PHO,24,272,.351,22.4,,.162,.068,.027,.000,.068,.838,,.167,.400,.000,,.000,.387,,1.000,1.000,,.000,0,,.323,.550,,0,0,2015
610,445,Anthony Tolliver,PF,29,DET,52,1160,.423,19.5,,.285,.172,.047,.016,.050,.715,,.582,.673,.400,.600,.438,.360,,.755,1.000,,.019,6,,.382,.391,,0,0,2015
611,446,P.J. Tucker,SF,29,PHO,78,2383,.438,14.4,,.577,.267,.141,.049,.122,.423,,.506,.679,.345,.276,.397,.345,,.397,.874,,.015,9,,.607,.359,,0,0,2015
612,447,Ronny Turiaf,C,32,MIN,2,19,,,,,,,,,,,,,,,,,,,,,,0,,,,,0,0,2015
613,448,Hedo Türkoğlu,SF,35,LAC,62,705,.441,21.4,,.261,.074,.032,.032,.122,.739,,.469,.714,.333,.500,.348,.432,,.565,.900,,.005,1,,.230,.563,,0,0,2015
614,449,Evan Turner,SG,26,BOS,82,2260,.429,12.3,,.840,.248,.126,.263,.204,.160,,.458,.584,.309,.449,.408,.277,,.244,.818,,.032,19,,.319,.342,,0,0,2015
615,450,Ekpe Udoh,PF,27,LAC,33,128,.458,8.3,,1.000,.208,.333,.417,.042,.000,,.458,.800,.250,.500,.000,,,.727,,,.042,1,,,,,0,0,2015
616,451,Beno Udrih,PG,32,MEM,79,1494,.487,14.2,,.808,.206,.083,.216,.303,.192,,.539,.692,.262,.550,.503,.268,,.423,.885,,.000,0,,.227,.364,,2,0,2015
617,452,Jonas Valančiūnas,C,22,TOR,80,2096,.572,4.5,,.998,.505,.380,.063,.051,.002,,.573,.669,.500,.390,.394,.000,,.534,,,.113,63,,.000,,,0,0,2015
618,453,Anderson Varejão,C,32,CLE,26,636,.555,6.8,,.990,.455,.245,.150,.140,.010,,.561,.670,.429,.433,.571,.000,,.883,,,.020,4,,.000,,,0,0,2015
619,454,Greivis Vásquez,PG,28,TOR,82,1991,.408,16.7,,.516,.112,.226,.076,.101,.484,,.436,.568,.372,.455,.425,.379,,.399,.812,,.003,1,,.128,.467,,3,0,2015
620,455,Charlie Villanueva,PF,30,DAL,64,678,.414,17.8,,.390,.152,.127,.058,.052,.610,,.475,.527,.435,.381,.526,.376,,.672,.988,,.022,6,,.249,.345,,0,0,2015
621,456,Noah Vonleh,PF,19,CHO,25,259,.395,8.6,,.829,.447,.250,.066,.066,.171,,.397,.471,.316,.400,.200,.385,,.360,.800,,.039,3,,.000,,,0,0,2015
622,457,Nikola Vučević,C,24,ORL,74,2529,.523,9.1,,.995,.305,.278,.155,.257,.005,,.524,.668,.448,.471,.468,.333,,.655,1.000,,.053,56,,.000,,,0,0,2015
623,458,Dwyane Wade,SG,33,MIA,62,1971,.470,11.9,,.906,.229,.187,.202,.283,.094,,.489,.681,.488,.429,.378,.284,,.342,.483,,.024,25,,.176,.333,,1,0,2015
624,459,Dion Waiters,SG,23,TOT,80,2208,.396,13.0,,.740,.335,.089,.055,.261,.260,,.431,.508,.286,.423,.385,.297,,.371,.849,,.024,20,,.447,.336,,0,0,2015
625,459,Dion Waiters,SG,23,CLE,33,786,.404,13.1,,.749,.342,.085,.035,.287,.251,,.453,.556,.345,.417,.367,.256,,.491,.864,,.023,6,,.442,.395,,0,0,2015
626,459,Dion Waiters,SG,23,OKC,47,1422,.392,13.0,,.735,.331,.091,.066,.247,.265,,.419,.480,.255,.425,.396,.319,,.296,.843,,.025,14,,.450,.306,,0,0,2015
627,460,Henry Walker,SF,27,MIA,24,628,.345,20.7,,.214,.095,.060,.030,.018,.786,,.361,.625,.000,.400,.333,.341,,.538,.956,,.024,3,,.189,.240,,1,0,2015
628,Rk,Player,Pos,Age,Tm,G,MP,FG%,Dist.,,2P,0-3,3-10,10-16,16-3P,3P,,2P,0-3,3-10,10-16,16-3P,3P,,2P,3P,,%FGA,#,,%3PA,3P%,,Att.,#,2015
629,461,Kemba Walker,PG,24,CHO,62,2119,.385,14.3,,.715,.257,.113,.133,.212,.285,,.418,.492,.378,.300,.423,.304,,.259,.659,,.000,0,,.089,.280,,4,0,2015
630,462,John Wall,PG,24,WAS,79,2837,.445,13.5,,.814,.284,.081,.127,.322,.186,,.478,.619,.404,.419,.395,.300,,.200,.646,,.032,37,,.198,.256,,7,0,2015
631,463,Gerald Wallace,SF,32,BOS,32,286,.412,6.1,,.912,.706,.147,.000,.059,.088,,.419,.458,.400,,.000,.333,,.615,1.000,,.029,1,,.333,1.000,,1,0,2015
632,464,T.J. Warren,SF,21,PHO,40,614,.528,8.1,,.902,.425,.262,.126,.089,.098,,.560,.725,.464,.333,.368,.238,,.620,1.000,,.051,11,,.333,.143,,1,0,2015
633,465,C.J. Watson,PG,30,IND,57,1422,.434,17.1,,.580,.177,.089,.086,.228,.420,,.459,.608,.324,.417,.411,.400,,.315,.771,,.000,0,,.269,.340,,2,0,2015
634,466,David Wear,PF,24,SAC,2,7,.000,12.5,,.500,.500,.000,.000,.000,.500,,.000,.000,,,,.000,,,,,.000,0,,.000,,,0,0,2015
635,467,Travis Wear,SF,24,NYK,51,672,.402,15.6,,.856,.120,.077,.234,.421,.144,,.408,.400,.625,.429,.364,.367,,.493,.818,,.005,0,,.300,.333,,0,0,2015
636,468,Martell Webster,SF,28,WAS,32,352,.264,17.8,,.527,.165,.044,.055,.264,.473,,.292,.400,.250,.200,.250,.233,,.357,.900,,.044,2,,.186,.125,,0,0,2015
637,469,David West,PF,34,IND,66,1895,.471,12.8,,.971,.159,.198,.157,.456,.029,,.479,.642,.419,.324,.502,.200,,.740,1.000,,.006,3,,.150,.333,,0,0,2015
638,470,Russell Westbrook,PG,26,OKC,67,2302,.426,11.7,,.804,.346,.105,.169,.184,.196,,.457,.580,.310,.402,.363,.299,,.185,.512,,.036,48,,.052,.267,,2,0,2015
639,471,Hassan Whiteside,C,25,MIA,48,1142,.628,4.0,,1.000,.522,.354,.093,.023,.000,,.628,.762,.482,.500,.333,,,.584,,,.235,86,,,,,0,0,2015
640,472,Shayne Whittington,PF,23,IND,20,108,.452,9.8,,.857,.310,.286,.024,.238,.143,,.500,.615,.333,.000,.600,.167,,.722,1.000,,.071,3,,.333,.500,,0,0,2015
641,473,Andrew Wiggins,SF,19,MIN,82,2969,.437,10.7,,.889,.307,.193,.162,.225,.111,,.453,.665,.347,.380,.305,.310,,.489,.872,,.077,79,,.246,.419,,1,0,2015
642,474,C.J. Wilcox,SG,24,LAC,21,101,.421,19.5,,.500,.132,.053,.053,.263,.500,,.474,.800,.500,1.000,.200,.368,,.667,.857,,.000,0,,.263,.400,,0,0,2015
643,475,Deron Williams,PG,30,BRK,68,2114,.387,14.4,,.693,.213,.179,.106,.196,.307,,.395,.457,.377,.390,.351,.367,,.199,.782,,.001,0,,.156,.459,,3,0,2015
644,476,Derrick Williams,PF,23,SAC,74,1462,.447,12.4,,.678,.332,.153,.060,.134,.322,,.511,.696,.311,.345,.354,.314,,.685,.918,,.151,65,,.308,.396,,0,0,2015
645,477,Elliot Williams,SG,25,TOT,13,119,.378,18.3,,.514,.189,.027,.054,.243,.486,,.316,.571,.000,.000,.222,.444,,.500,.875,,.027,1,,.167,.667,,0,0,2015
646,477,Elliot Williams,SG,25,UTA,5,42,.462,18.2,,.462,.154,.077,.077,.154,.538,,.167,.500,.000,.000,.000,.714,,1.000,1.000,,.000,0,,.143,1.000,,0,0,2015
647,477,Elliot Williams,SG,25,NOP,8,77,.333,18.3,,.542,.208,.000,.042,.292,.458,,.385,.600,,.000,.286,.273,,.400,.667,,.042,1,,.182,.500,,0,0,2015
648,478,Lou Williams,SG,28,TOR,80,2016,.404,17.8,,.518,.112,.125,.124,.157,.482,,.464,.529,.483,.409,.445,.340,,.283,.559,,.006,6,,.230,.485,,1,0,2015
649,479,Marvin Williams,PF,28,CHO,78,2035,.424,18.5,,.465,.154,.087,.034,.190,.535,,.500,.684,.349,.294,.457,.358,,.748,.979,,.022,9,,.264,.471,,1,0,2015
650,480,Mo Williams,PG,32,TOT,68,1980,.397,19.4,,.595,.067,.069,.100,.359,.405,,.434,.483,.424,.465,.417,.342,,.275,.580,,.000,0,,.083,.345,,5,0,2015
651,480,Mo Williams,PG,32,MIN,41,1149,.403,19.1,,.620,.060,.078,.107,.374,.380,,.437,.556,.343,.479,.425,.347,,.306,.542,,.000,0,,.071,.500,,2,0,2015
652,480,Mo Williams,PG,32,CHO,27,831,.390,19.7,,.569,.075,.058,.092,.344,.431,,.430,.419,.542,.447,.408,.337,,.238,.617,,.000,0,,.096,.235,,3,0,2015
653,Rk,Player,Pos,Age,Tm,G,MP,FG%,Dist.,,2P,0-3,3-10,10-16,16-3P,3P,,2P,0-3,3-10,10-16,16-3P,3P,,2P,3P,,%FGA,#,,%3PA,3P%,,Att.,#,2015
654,481,Reggie Williams,SF,28,SAS,20,105,.385,15.4,,.513,.256,.128,.051,.077,.487,,.600,.700,.600,.500,.333,.158,,.583,.667,,.000,0,,.263,.000,,0,0,2015
655,482,Shawne Williams,SF,28,TOT,63,1087,.403,18.8,,.407,.157,.033,.057,.160,.593,,.467,.511,.300,.412,.479,.360,,.632,.984,,.010,3,,.483,.360,,0,0,2015
656,482,Shawne Williams,SF,28,MIA,44,924,.425,19.3,,.367,.142,.029,.054,.142,.633,,.477,.559,.429,.385,.441,.395,,.595,.983,,.008,2,,.487,.378,,0,0,2015
657,482,Shawne Williams,SF,28,DET,19,163,.317,16.7,,.567,.217,.050,.067,.233,.433,,.441,.385,.000,.500,.571,.154,,.733,1.000,,.017,1,,.462,.250,,0,0,2015
658,483,Jeff Withey,C,24,NOP,37,259,.500,4.3,,1.000,.563,.281,.109,.047,.000,,.500,.611,.278,.429,.667,,,.844,,,.141,8,,,,,0,0,2015
659,484,Nate Wolters,PG,23,TOT,21,247,.351,8.6,,.877,.333,.351,.088,.105,.123,,.400,.526,.300,.400,.333,.000,,.500,,,.000,0,,.429,.000,,0,0,2015
660,484,Nate Wolters,PG,23,MIL,11,142,.387,9.6,,.839,.258,.355,.097,.129,.161,,.462,.625,.455,.333,.250,.000,,.500,,,.000,0,,.600,.000,,0,0,2015
661,484,Nate Wolters,PG,23,NOP,10,105,.308,7.5,,.923,.423,.346,.077,.077,.077,,.333,.455,.111,.500,.500,.000,,.500,,,.000,0,,.000,,,0,0,2015
662,485,Brandan Wright,PF,27,TOT,75,1449,.642,3.7,,.992,.587,.331,.058,.017,.008,,.647,.784,.450,.429,.500,.000,,.738,,,.273,95,,.333,.000,,1,0,2015
663,485,Brandan Wright,PF,27,DAL,27,505,.748,2.5,,1.000,.704,.267,.022,.007,.000,,.748,.853,.500,.333,1.000,,,.762,,,.326,41,,,,,0,0,2015
664,485,Brandan Wright,PF,27,BOS,8,86,.571,2.9,,1.000,.571,.429,.000,.000,.000,,.571,.750,.333,,,,,.917,,,.286,6,,,,,0,0,2015
665,485,Brandan Wright,PF,27,PHO,40,858,.580,4.7,,.986,.512,.362,.087,.024,.014,,.588,.726,.440,.444,.400,.000,,.700,,,.237,48,,.333,.000,,1,0,2015
666,486,Dorell Wright,SF,29,POR,48,592,.379,17.8,,.432,.158,.126,.037,.111,.568,,.378,.600,.333,.286,.143,.380,,.387,.976,,.032,6,,.333,.361,,1,0,2015
667,487,Tony Wroten,PG,21,PHI,30,895,.403,10.6,,.673,.507,.145,.014,.007,.327,,.473,.555,.254,.000,.000,.261,,.370,.703,,.037,14,,.063,.222,,6,0,2015
668,488,James Young,SG,19,BOS,31,332,.353,20.3,,.353,.098,.049,.020,.186,.647,,.528,.800,.400,.500,.421,.258,,.842,.941,,.020,2,,.197,.154,,0,0,2015
669,489,Nick Young,SG,29,LAL,42,1000,.366,18.7,,.527,.101,.067,.139,.221,.473,,.363,.625,.094,.318,.352,.369,,.308,.602,,.006,2,,.196,.455,,2,0,2015
670,490,Thaddeus Young,PF,26,TOT,76,2434,.466,8.6,,.881,.392,.281,.083,.124,.119,,.484,.628,.404,.350,.300,.330,,.557,.921,,.030,26,,.165,.263,,1,0,2015
671,490,Thaddeus Young,PF,26,MIN,48,1605,.451,8.9,,.899,.365,.273,.103,.154,.101,,.469,.598,.429,.364,.303,.292,,.556,.947,,.027,14,,.185,.167,,1,0,2015
672,490,Thaddeus Young,PF,26,BRK,28,829,.495,8.0,,.847,.443,.297,.043,.064,.153,,.516,.676,.361,.286,.286,.380,,.559,.895,,.037,12,,.140,.429,,0,0,2015
673,491,Cody Zeller,C,22,CHO,62,1487,.461,8.8,,.997,.509,.075,.040,.373,.003,,.460,.574,.286,.333,.353,1.000,,.848,1.000,,.142,48,,.000,,,0,0,2015
674,492,Tyler Zeller,C,25,BOS,82,1731,.549,5.8,,1.000,.460,.346,.057,.134,.000,,.549,.632,.463,.600,.482,,,.791,,,.063,34,,,,,0,0,2015
