,Player,Pos,Age,Tm,G,GS,MP,FG,FGA,FGPc,_3P,_3PA,_3PTPc,_2P,_2PA,_2PTPc,eFGPc,FT,FTA,FTPc,ORB,DRB,TRB,AST,STL,BLK,TOV,PF,PTS,Season,PlayerID,Country
0,Curly Armstrong,G-F,31,FTW,63,0.0,0.0,144,516,0.27899999999999997,0.0,0.0,0.0,144,516,0.27899999999999997,0.27899999999999997,170,241,0.705,0.0,0.0,0.0,176,0.0,0.0,0.0,217,458,1950,armstcu01,United States
1,Cliff Barker,SG,29,INO,49,0.0,0.0,102,274,0.37200000000000005,0.0,0.0,0.0,102,274,0.37200000000000005,0.37200000000000005,75,106,0.708,0.0,0.0,0.0,109,0.0,0.0,0.0,99,279,1950,barkecl01,United States
2,Leo Barnhorst,SF,25,CHS,67,0.0,0.0,174,499,0.349,0.0,0.0,0.0,174,499,0.349,0.349,90,129,0.698,0.0,0.0,0.0,140,0.0,0.0,0.0,192,438,1950,barnhle01,United States
3,Ed Bartels,F,24,TOT,15,0.0,0.0,22,86,0.256,0.0,0.0,0.0,22,86,0.256,0.256,19,34,0.5589999999999999,0.0,0.0,0.0,20,0.0,0.0,0.0,29,63,1950,barteed01,United States
4,Ralph Beard,G,22,INO,60,0.0,0.0,340,936,0.363,0.0,0.0,0.0,340,936,0.363,0.363,215,282,0.762,0.0,0.0,0.0,233,0.0,0.0,0.0,132,895,1950,beardra01,United States
5,Gene Berce,G-F,23,TRI,3,0.0,0.0,5,16,0.313,0.0,0.0,0.0,5,16,0.313,0.313,0,5,0.0,0.0,0.0,0.0,2,0.0,0.0,0.0,6,10,1950,bercege01,United States
6,Charlie Black,F-C,28,TOT,65,0.0,0.0,226,813,0.278,0.0,0.0,0.0,226,813,0.278,0.278,209,321,0.6509999999999999,0.0,0.0,0.0,163,0.0,0.0,0.0,273,661,1950,blackch01,United States
7,Nelson Bobb,PG,25,PHW,57,0.0,0.0,80,248,0.32299999999999995,0.0,0.0,0.0,80,248,0.32299999999999995,0.32299999999999995,82,131,0.626,0.0,0.0,0.0,46,0.0,0.0,0.0,97,242,1950,bobbne01,United States
8,Jake Bornheimer,F-C,22,PHW,60,0.0,0.0,88,305,0.289,0.0,0.0,0.0,88,305,0.289,0.289,78,117,0.667,0.0,0.0,0.0,40,0.0,0.0,0.0,111,254,1950,bornhja01,United States
9,Vince Boryla,SF,22,NYK,59,0.0,0.0,204,600,0.34,0.0,0.0,0.0,204,600,0.34,0.34,204,267,0.764,0.0,0.0,0.0,95,0.0,0.0,0.0,203,612,1950,borylvi01,United States
10,Don Boven,F-G,24,WAT,62,0.0,0.0,208,558,0.373,0.0,0.0,0.0,208,558,0.373,0.373,240,349,0.688,0.0,0.0,0.0,137,0.0,0.0,0.0,255,656,1950,bovendo01,United States
11,Harry Boykoff,C,27,WAT,61,0.0,0.0,288,698,0.413,0.0,0.0,0.0,288,698,0.413,0.413,203,262,0.775,0.0,0.0,0.0,149,0.0,0.0,0.0,229,779,1950,boykoha01,United States
12,Joe Bradley,G,21,CHS,46,0.0,0.0,36,134,0.26899999999999996,0.0,0.0,0.0,36,134,0.26899999999999996,0.26899999999999996,15,38,0.395,0.0,0.0,0.0,36,0.0,0.0,0.0,51,87,1950,bradljo01,United States
13,Bob Brannum,PF,23,SHE,59,0.0,0.0,234,718,0.326,0.0,0.0,0.0,234,718,0.326,0.326,245,355,0.69,0.0,0.0,0.0,205,0.0,0.0,0.0,279,713,1950,brannbo01,United States
14,Carl Braun,G-F,22,NYK,67,0.0,0.0,373,1024,0.364,0.0,0.0,0.0,373,1024,0.364,0.364,285,374,0.762,0.0,0.0,0.0,247,0.0,0.0,0.0,188,1031,1950,braunca01,United States
15,Frankie Brian,G,26,AND,64,0.0,0.0,368,1156,0.318,0.0,0.0,0.0,368,1156,0.318,0.318,402,488,0.8240000000000001,0.0,0.0,0.0,189,0.0,0.0,0.0,192,1138,1950,brianfr01,United States
16,Price Brookfield,F-G,29,ROC,7,0.0,0.0,11,23,0.478,0.0,0.0,0.0,11,23,0.478,0.478,12,13,0.9229999999999999,0.0,0.0,0.0,1,0.0,0.0,0.0,7,34,1950,brookpr01,United States
17,Bob Brown,F,26,DNN,62,0.0,0.0,276,764,0.361,0.0,0.0,0.0,276,764,0.361,0.361,172,252,0.6829999999999999,0.0,0.0,0.0,101,0.0,0.0,0.0,269,724,1950,brownbo01,United States
18,Jim Browne,C,20,DNN,31,0.0,0.0,17,48,0.354,0.0,0.0,0.0,17,48,0.354,0.354,13,27,0.48100000000000004,0.0,0.0,0.0,8,0.0,0.0,0.0,16,47,1950,brownji01,United States
19,Walt Budko,PF,24,BLB,66,0.0,0.0,198,652,0.304,0.0,0.0,0.0,198,652,0.304,0.304,199,263,0.757,0.0,0.0,0.0,146,0.0,0.0,0.0,259,595,1950,budkowa01,United States
20,Jack Burmaster,G,23,SHE,61,0.0,0.0,237,711,0.33299999999999996,0.0,0.0,0.0,237,711,0.33299999999999996,0.33299999999999996,124,182,0.6809999999999999,0.0,0.0,0.0,179,0.0,0.0,0.0,237,598,1950,burmaja01,United States
21,Tommy Byrnes,F-G,26,BLB,53,0.0,0.0,120,397,0.302,0.0,0.0,0.0,120,397,0.302,0.302,87,124,0.7020000000000001,0.0,0.0,0.0,88,0.0,0.0,0.0,76,327,1950,byrneto01,United States
22,Bill Calhoun,SG,22,ROC,62,0.0,0.0,207,549,0.377,0.0,0.0,0.0,207,549,0.377,0.377,146,203,0.7190000000000001,0.0,0.0,0.0,115,0.0,0.0,0.0,100,560,1950,calhobi01,United States
23,Don Carlson,G-F,30,MNL,57,0.0,0.0,99,290,0.341,0.0,0.0,0.0,99,290,0.341,0.341,69,95,0.726,0.0,0.0,0.0,76,0.0,0.0,0.0,126,267,1950,carlsdo01,United States
24,Bob Carpenter,F-C,32,FTW,66,0.0,0.0,212,617,0.344,0.0,0.0,0.0,212,617,0.344,0.344,190,256,0.742,0.0,0.0,0.0,92,0.0,0.0,0.0,168,614,1950,carpebo01,United States
25,Jake Carter,F-C,25,TOT,24,0.0,0.0,23,75,0.307,0.0,0.0,0.0,23,75,0.307,0.307,36,53,0.679,0.0,0.0,0.0,24,0.0,0.0,0.0,59,82,1950,carteja01,United States
26,Al Cervi,PG,32,SYR,56,0.0,0.0,143,431,0.332,0.0,0.0,0.0,143,431,0.332,0.332,287,346,0.8290000000000001,0.0,0.0,0.0,264,0.0,0.0,0.0,223,573,1950,cervial01,United States
27,John Chaney,F-C,29,TOT,16,0.0,0.0,25,86,0.29100000000000004,0.0,0.0,0.0,25,86,0.29100000000000004,0.29100000000000004,20,29,0.69,0.0,0.0,0.0,20,0.0,0.0,0.0,23,70,1950,chanejo01,United States
28,Leroy Chollet,F,24,SYR,49,0.0,0.0,61,179,0.341,0.0,0.0,0.0,61,179,0.341,0.341,35,56,0.625,0.0,0.0,0.0,37,0.0,0.0,0.0,52,157,1950,chollle01,United States
29,Bill Closs,SF,28,AND,64,0.0,0.0,283,898,0.315,0.0,0.0,0.0,283,898,0.315,0.315,186,259,0.718,0.0,0.0,0.0,160,0.0,0.0,0.0,190,752,1950,clossbi01,United States
30,Paul Cloyd,G-F,29,TOT,7,0.0,0.0,7,26,0.26899999999999996,0.0,0.0,0.0,7,26,0.26899999999999996,0.26899999999999996,5,8,0.625,0.0,0.0,0.0,2,0.0,0.0,0.0,5,19,1950,cloydpa01,United States
31,Jack Coleman,PF,25,ROC,68,0.0,0.0,250,663,0.377,0.0,0.0,0.0,250,663,0.377,0.377,90,121,0.7440000000000001,0.0,0.0,0.0,153,0.0,0.0,0.0,223,590,1950,colemja01,United States
32,Bobby Cook,G-F,26,SHE,51,0.0,0.0,222,620,0.358,0.0,0.0,0.0,222,620,0.358,0.358,143,181,0.79,0.0,0.0,0.0,158,0.0,0.0,0.0,114,587,1950,cookbo01,United States
33,Ray Corley,G,22,SYR,60,0.0,0.0,117,370,0.316,0.0,0.0,0.0,117,370,0.316,0.316,75,122,0.615,0.0,0.0,0.0,109,0.0,0.0,0.0,81,309,1950,corlera01,United States
34,Jack Cotton,F-C,25,DNN,54,0.0,0.0,97,332,0.292,0.0,0.0,0.0,97,332,0.292,0.292,82,161,0.509,0.0,0.0,0.0,65,0.0,0.0,0.0,184,276,1950,cottoja01,United States
35,Dillard Crocker,PF,25,DNN,53,0.0,0.0,245,840,0.292,0.0,0.0,0.0,245,840,0.292,0.292,233,317,0.735,0.0,0.0,0.0,85,0.0,0.0,0.0,223,723,1950,crockdi01,United States
36,Chink Crossin,G,26,PHW,64,0.0,0.0,185,574,0.322,0.0,0.0,0.0,185,574,0.322,0.322,79,101,0.782,0.0,0.0,0.0,148,0.0,0.0,0.0,139,449,1950,crossch01,United States
37,Fran Curran,G,27,ROC,66,0.0,0.0,98,235,0.41700000000000004,0.0,0.0,0.0,98,235,0.41700000000000004,0.41700000000000004,199,241,0.826,0.0,0.0,0.0,71,0.0,0.0,0.0,113,395,1950,currafr01,United States
38,Jimmy Darden,G,27,DNN,26,0.0,0.0,78,243,0.321,0.0,0.0,0.0,78,243,0.321,0.321,55,80,0.688,0.0,0.0,0.0,67,0.0,0.0,0.0,67,211,1950,dardeji01,United States
39,Bob Davies,PG,30,ROC,64,0.0,0.0,317,887,0.35700000000000004,0.0,0.0,0.0,317,887,0.35700000000000004,0.35700000000000004,261,347,0.752,0.0,0.0,0.0,294,0.0,0.0,0.0,187,895,1950,daviebo01,United States
40,Hook Dillon,F,26,WSC,22,0.0,0.0,10,55,0.182,0.0,0.0,0.0,10,55,0.182,0.182,16,22,0.727,0.0,0.0,0.0,5,0.0,0.0,0.0,19,36,1950,dilloho01,United States
41,Earl Dodd,F,25,DNN,9,0.0,0.0,6,27,0.222,0.0,0.0,0.0,6,27,0.222,0.222,3,5,0.6,0.0,0.0,0.0,6,0.0,0.0,0.0,13,15,1950,doddea01,United States
42,Joe Dolhon,G,22,BLB,64,0.0,0.0,143,458,0.312,0.0,0.0,0.0,143,458,0.312,0.312,157,214,0.7340000000000001,0.0,0.0,0.0,155,0.0,0.0,0.0,193,443,1950,dolhojo01,United States
43,Bob Doll,F-C,30,BOS,47,0.0,0.0,120,347,0.34600000000000003,0.0,0.0,0.0,120,347,0.34600000000000003,0.34600000000000003,75,114,0.6579999999999999,0.0,0.0,0.0,108,0.0,0.0,0.0,117,315,1950,dollbo01,United States
44,Harry Donovan,G,23,NYK,45,0.0,0.0,90,275,0.327,0.0,0.0,0.0,90,275,0.327,0.327,73,106,0.6890000000000001,0.0,0.0,0.0,38,0.0,0.0,0.0,107,253,1950,donovha01,United States
45,Andy Duncan,F-C,27,ROC,67,0.0,0.0,125,289,0.433,0.0,0.0,0.0,125,289,0.433,0.433,60,108,0.556,0.0,0.0,0.0,42,0.0,0.0,0.0,160,310,1950,duncaan01,United States
46,Dike Eddleman,SF,27,TRI,64,0.0,0.0,332,906,0.366,0.0,0.0,0.0,332,906,0.366,0.366,162,260,0.623,0.0,0.0,0.0,142,0.0,0.0,0.0,254,826,1950,eddledi01,United States
47,Gene Englund,F-C,32,TOT,46,0.0,0.0,104,274,0.38,0.0,0.0,0.0,104,274,0.38,0.38,152,192,0.792,0.0,0.0,0.0,41,0.0,0.0,0.0,167,360,1950,engluge01,United States
48,Bob Evans,G,24,INO,47,0.0,0.0,56,200,0.28,0.0,0.0,0.0,56,200,0.28,0.28,30,44,0.682,0.0,0.0,0.0,55,0.0,0.0,0.0,99,142,1950,evansbo01,United States
49,Johnny Ezersky,F-G,27,TOT,54,0.0,0.0,143,487,0.294,0.0,0.0,0.0,143,487,0.294,0.294,127,183,0.6940000000000001,0.0,0.0,0.0,86,0.0,0.0,0.0,139,413,1950,ezersjo01,United States
50,Bob Feerick,F-G,30,WSC,60,0.0,0.0,172,500,0.344,0.0,0.0,0.0,172,500,0.344,0.344,139,174,0.799,0.0,0.0,0.0,127,0.0,0.0,0.0,140,483,1950,feeribo01,United States
51,George Feigenbaum,G,21,BLB,12,0.0,0.0,14,57,0.24600000000000002,0.0,0.0,0.0,14,57,0.24600000000000002,0.24600000000000002,8,18,0.444,0.0,0.0,0.0,10,0.0,0.0,0.0,15,36,1950,feigege01,United States
52,Arnie Ferrin,F-G,24,MNL,63,0.0,0.0,132,396,0.33299999999999996,0.0,0.0,0.0,132,396,0.33299999999999996,0.33299999999999996,76,109,0.6970000000000001,0.0,0.0,0.0,95,0.0,0.0,0.0,147,340,1950,ferriar01,United States
53,Jerry Fleishman,SG,27,PHW,65,0.0,0.0,102,353,0.289,0.0,0.0,0.0,102,353,0.289,0.289,93,151,0.616,0.0,0.0,0.0,118,0.0,0.0,0.0,129,297,1950,fleisje01,United States
54,Joe Fulks,PF,28,PHW,68,0.0,0.0,336,1209,0.278,0.0,0.0,0.0,336,1209,0.278,0.278,293,421,0.696,0.0,0.0,0.0,56,0.0,0.0,0.0,240,965,1950,fulksjo01,United States
55,Bill Gabor,SG,27,SYR,56,0.0,0.0,226,671,0.337,0.0,0.0,0.0,226,671,0.337,0.337,157,228,0.6890000000000001,0.0,0.0,0.0,108,0.0,0.0,0.0,198,609,1950,gaborbi01,United States
56,Elmer Gainer,F-C,31,WAT,15,0.0,0.0,9,35,0.257,0.0,0.0,0.0,9,35,0.257,0.257,6,8,0.75,0.0,0.0,0.0,7,0.0,0.0,0.0,28,24,1950,gaineel01,United States
57,Harry Gallatin,F-C,22,NYK,68,0.0,0.0,263,664,0.396,0.0,0.0,0.0,263,664,0.396,0.396,277,366,0.757,0.0,0.0,0.0,56,0.0,0.0,0.0,215,803,1950,gallaha01,United States
58,Vern Gardner,SG,24,PHW,63,0.0,0.0,313,916,0.342,0.0,0.0,0.0,313,916,0.342,0.342,227,296,0.767,0.0,0.0,0.0,119,0.0,0.0,0.0,236,853,1950,gardnve01,United States
59,Frank Gates,G,29,AND,64,0.0,0.0,113,402,0.281,0.0,0.0,0.0,113,402,0.281,0.281,61,98,0.622,0.0,0.0,0.0,91,0.0,0.0,0.0,147,287,1950,gatesfr01,United States
60,Dee Gibson,F-G,26,TRI,44,0.0,0.0,77,245,0.314,0.0,0.0,0.0,77,245,0.314,0.314,127,177,0.718,0.0,0.0,0.0,126,0.0,0.0,0.0,113,281,1950,gibsode01,United States
61,Hoot Gibson,F-C,28,TOT,32,0.0,0.0,67,195,0.344,0.0,0.0,0.0,67,195,0.344,0.344,42,64,0.6559999999999999,0.0,0.0,0.0,37,0.0,0.0,0.0,106,176,1950,gibsoho01,United States
62,Chuck Gilmur,F-C,27,WSC,68,0.0,0.0,127,379,0.335,0.0,0.0,0.0,127,379,0.335,0.335,164,241,0.68,0.0,0.0,0.0,108,0.0,0.0,0.0,275,418,1950,gilmuch01,United States
63,Normie Glick,F,22,MNL,1,0.0,0.0,1,1,1.0,0.0,0.0,0.0,1,1,1.0,1.0,0,0,0.0,0.0,0.0,0.0,0,0.0,0.0,0.0,1,2,1950,glickno01,United States
64,Paul Gordon,F,22,BLB,4,0.0,0.0,0,6,0.0,0.0,0.0,0.0,0,6,0.0,0.0,3,5,0.6,0.0,0.0,0.0,3,0.0,0.0,0.0,3,3,1950,gordopa01,United States
65,Joe Graboski,F-C,20,CHS,57,0.0,0.0,75,247,0.304,0.0,0.0,0.0,75,247,0.304,0.304,53,89,0.596,0.0,0.0,0.0,37,0.0,0.0,0.0,95,203,1950,grabojo01,United States
66,Bud Grant,F,22,MNL,35,0.0,0.0,42,115,0.365,0.0,0.0,0.0,42,115,0.365,0.365,7,17,0.41200000000000003,0.0,0.0,0.0,19,0.0,0.0,0.0,36,91,1950,grantbu01,United States
67,Don Grate,F-G,26,SHE,2,0.0,0.0,1,6,0.16699999999999998,0.0,0.0,0.0,1,6,0.16699999999999998,0.16699999999999998,2,2,1.0,0.0,0.0,0.0,3,0.0,0.0,0.0,3,4,1950,gratedo01,United States
68,Alex Groza,C,23,INO,64,0.0,0.0,521,1090,0.478,0.0,0.0,0.0,521,1090,0.478,0.478,454,623,0.7290000000000001,0.0,0.0,0.0,162,0.0,0.0,0.0,221,1496,1950,grozaal01,United States
69,Al Guokas,F-G,24,TOT,57,0.0,0.0,93,299,0.311,0.0,0.0,0.0,93,299,0.311,0.311,28,50,0.56,0.0,0.0,0.0,95,0.0,0.0,0.0,143,214,1950,guokaal01,United States
70,Robert Hahn,C,24,CHS,10,0.0,0.0,4,13,0.308,0.0,0.0,0.0,4,13,0.308,0.308,2,7,0.28600000000000003,0.0,0.0,0.0,1,0.0,0.0,0.0,17,10,1950,hahnro01,United States
71,Chick Halbert,C,30,WSC,68,0.0,0.0,108,284,0.38,0.0,0.0,0.0,108,284,0.38,0.38,112,175,0.64,0.0,0.0,0.0,89,0.0,0.0,0.0,136,328,1950,halbech01,United States
72,Bruce Hale,G-F,31,INO,64,0.0,0.0,217,614,0.353,0.0,0.0,0.0,217,614,0.353,0.353,223,285,0.782,0.0,0.0,0.0,226,0.0,0.0,0.0,143,657,1950,halebr01,United States
73,Dale Hamilton,G-F,30,WAT,14,0.0,0.0,8,33,0.242,0.0,0.0,0.0,8,33,0.242,0.242,9,19,0.474,0.0,0.0,0.0,17,0.0,0.0,0.0,30,25,1950,hamilda01,United States
74,Alex Hannum,PF,26,SYR,64,0.0,0.0,177,488,0.363,0.0,0.0,0.0,177,488,0.363,0.363,128,186,0.688,0.0,0.0,0.0,129,0.0,0.0,0.0,264,482,1950,hannual01,United States
75,John Hargis,G-F,29,AND,60,0.0,0.0,223,550,0.405,0.0,0.0,0.0,223,550,0.405,0.405,197,277,0.711,0.0,0.0,0.0,102,0.0,0.0,0.0,170,643,1950,hargijo01,United States
76,Bob Harris,F-C,22,FTW,62,0.0,0.0,168,465,0.361,0.0,0.0,0.0,168,465,0.361,0.361,140,223,0.628,0.0,0.0,0.0,129,0.0,0.0,0.0,190,476,1950,harribo01,United States
77,Bob Harrison,G,22,MNL,66,0.0,0.0,125,348,0.359,0.0,0.0,0.0,125,348,0.359,0.359,50,74,0.6759999999999999,0.0,0.0,0.0,131,0.0,0.0,0.0,175,300,1950,harribo02,United States
78,Billy Hassett,G,28,TOT,60,0.0,0.0,84,302,0.278,0.0,0.0,0.0,84,302,0.278,0.278,104,161,0.6459999999999999,0.0,0.0,0.0,137,0.0,0.0,0.0,136,272,1950,hassebi01,United States
79,Marshall Hawkins,F,25,INO,39,0.0,0.0,55,195,0.282,0.0,0.0,0.0,55,195,0.282,0.282,42,61,0.6890000000000001,0.0,0.0,0.0,51,0.0,0.0,0.0,87,152,1950,hawkima01,United States
80,Bill Henry,C,25,TOT,63,0.0,0.0,89,278,0.32,0.0,0.0,0.0,89,278,0.32,0.32,118,176,0.67,0.0,0.0,0.0,48,0.0,0.0,0.0,122,296,1950,henrybi01,United States
81,Bill Herman,G,25,DNN,13,0.0,0.0,25,65,0.385,0.0,0.0,0.0,25,65,0.385,0.385,6,11,0.545,0.0,0.0,0.0,15,0.0,0.0,0.0,13,56,1950,hermabi01,United States
82,Kleggie Hermsen,C-F,26,CHS,67,0.0,0.0,196,615,0.319,0.0,0.0,0.0,196,615,0.319,0.319,153,247,0.619,0.0,0.0,0.0,98,0.0,0.0,0.0,267,545,1950,hermskl01,United States
83,Sonny Hertzberg,G,27,BOS,68,0.0,0.0,275,865,0.318,0.0,0.0,0.0,275,865,0.318,0.318,143,191,0.7490000000000001,0.0,0.0,0.0,200,0.0,0.0,0.0,153,693,1950,hertzso01,United States
84,Paul Hoffman,G-F,24,BLB,60,0.0,0.0,312,914,0.341,0.0,0.0,0.0,312,914,0.341,0.341,242,364,0.665,0.0,0.0,0.0,161,0.0,0.0,0.0,234,866,1950,hoffmpa01,United States
85,Joe Holland,SF,24,INO,64,0.0,0.0,145,453,0.32,0.0,0.0,0.0,145,453,0.32,0.32,98,142,0.69,0.0,0.0,0.0,130,0.0,0.0,0.0,220,388,1950,hollajo01,United States
86,Red Holzman,PG,29,ROC,68,0.0,0.0,206,625,0.33,0.0,0.0,0.0,206,625,0.33,0.33,144,210,0.6859999999999999,0.0,0.0,0.0,200,0.0,0.0,0.0,67,556,1950,holzmre01,United States
87,Gene James,F,24,NYK,29,0.0,0.0,19,64,0.297,0.0,0.0,0.0,19,64,0.297,0.297,14,31,0.452,0.0,0.0,0.0,20,0.0,0.0,0.0,53,52,1950,jamesge01,United States
88,Howie Janotta,F,25,BLB,9,0.0,0.0,9,30,0.3,0.0,0.0,0.0,9,30,0.3,0.3,13,16,0.813,0.0,0.0,0.0,4,0.0,0.0,0.0,10,31,1950,janotho01,United States
89,Tony Jaros,F-G,29,MNL,61,0.0,0.0,84,289,0.29100000000000004,0.0,0.0,0.0,84,289,0.29100000000000004,0.29100000000000004,72,96,0.75,0.0,0.0,0.0,60,0.0,0.0,0.0,106,240,1950,jarosto01,United States
90,Buddy Jeannette,G,32,BLB,37,0.0,0.0,42,148,0.284,0.0,0.0,0.0,42,148,0.284,0.284,109,133,0.82,0.0,0.0,0.0,93,0.0,0.0,0.0,82,193,1950,jeannbu01,United States
91,Arnie Johnson,SF,29,ROC,68,0.0,0.0,149,376,0.396,0.0,0.0,0.0,149,376,0.396,0.396,200,294,0.68,0.0,0.0,0.0,141,0.0,0.0,0.0,260,498,1950,johnsar01,United States
92,Ralph Johnson,PG,28,TOT,67,0.0,0.0,243,779,0.312,0.0,0.0,0.0,243,779,0.312,0.312,104,129,0.8059999999999999,0.0,0.0,0.0,171,0.0,0.0,0.0,207,590,1950,johnsra01,United States
93,Wah Wah Jones,PF,23,INO,60,0.0,0.0,264,706,0.374,0.0,0.0,0.0,264,706,0.374,0.374,223,297,0.7509999999999999,0.0,0.0,0.0,194,0.0,0.0,0.0,241,751,1950,joneswa01,United States
94,Noble Jorgensen,C,24,SHE,54,0.0,0.0,218,618,0.353,0.0,0.0,0.0,218,618,0.353,0.353,268,350,0.7659999999999999,0.0,0.0,0.0,90,0.0,0.0,0.0,201,704,1950,jorgeno01,United States
95,George Kaftan,SF,21,BOS,55,0.0,0.0,199,535,0.37200000000000005,0.0,0.0,0.0,199,535,0.37200000000000005,0.37200000000000005,136,208,0.654,0.0,0.0,0.0,145,0.0,0.0,0.0,92,534,1950,kaftage01,United States
96,Leo Katkaveck,G,26,WSC,54,0.0,0.0,101,330,0.306,0.0,0.0,0.0,101,330,0.306,0.306,34,56,0.607,0.0,0.0,0.0,68,0.0,0.0,0.0,102,236,1950,katkale01,United States
97,Jack Kerris,PF,25,TOT,68,0.0,0.0,157,481,0.326,0.0,0.0,0.0,157,481,0.326,0.326,169,260,0.65,0.0,0.0,0.0,118,0.0,0.0,0.0,175,483,1950,kerrija01,United States
98,Bob Kinney,C-F,29,BOS,60,0.0,0.0,233,621,0.375,0.0,0.0,0.0,233,621,0.375,0.375,201,320,0.628,0.0,0.0,0.0,100,0.0,0.0,0.0,251,667,1950,kinnebo01,United States
99,Walt Kirk,PG,25,TOT,58,0.0,0.0,97,361,0.26899999999999996,0.0,0.0,0.0,97,361,0.26899999999999996,0.26899999999999996,155,216,0.718,0.0,0.0,0.0,103,0.0,0.0,0.0,155,349,1950,kirkwa01,United States
100,Leo Klier,F-G,26,FTW,66,0.0,0.0,157,516,0.304,0.0,0.0,0.0,157,516,0.304,0.304,141,190,0.742,0.0,0.0,0.0,121,0.0,0.0,0.0,177,455,1950,klierle01,United States
101,Duane Klueh,G,24,TOT,52,0.0,0.0,159,414,0.384,0.0,0.0,0.0,159,414,0.384,0.384,157,222,0.7070000000000001,0.0,0.0,0.0,91,0.0,0.0,0.0,111,475,1950,kluehdu01,United States
102,Lee Knorek,C,28,BLB,1,0.0,0.0,0,2,0.0,0.0,0.0,0.0,0,2,0.0,0.0,0,0,0.0,0.0,0.0,0.0,0,0.0,0.0,0.0,4,0,1950,knorele01,United States
103,Milo Komenich,F-C,29,AND,64,0.0,0.0,244,861,0.28300000000000003,0.0,0.0,0.0,244,861,0.28300000000000003,0.28300000000000003,146,250,0.584,0.0,0.0,0.0,124,0.0,0.0,0.0,246,634,1950,komenmi01,United States
104,Leo Kubiak,G,22,WAT,62,0.0,0.0,259,794,0.326,0.0,0.0,0.0,259,794,0.326,0.326,192,236,0.8140000000000001,0.0,0.0,0.0,201,0.0,0.0,0.0,250,710,1950,kubiale01,United States
105,Frank Kudelka,G-F,24,CHS,65,0.0,0.0,172,528,0.326,0.0,0.0,0.0,172,528,0.326,0.326,89,140,0.636,0.0,0.0,0.0,132,0.0,0.0,0.0,198,433,1950,kudelfr01,United States
106,Walt Lautenbach,G-F,27,SHE,55,0.0,0.0,100,332,0.301,0.0,0.0,0.0,100,332,0.301,0.301,38,55,0.691,0.0,0.0,0.0,73,0.0,0.0,0.0,122,238,1950,lautewa01,United States
107,Tony Lavelli,F,23,BOS,56,0.0,0.0,162,436,0.37200000000000005,0.0,0.0,0.0,162,436,0.37200000000000005,0.37200000000000005,168,197,0.853,0.0,0.0,0.0,40,0.0,0.0,0.0,107,492,1950,lavelto01,United States
108,Ed Leede,F-G,22,BOS,64,0.0,0.0,174,507,0.34299999999999997,0.0,0.0,0.0,174,507,0.34299999999999997,0.34299999999999997,223,316,0.706,0.0,0.0,0.0,130,0.0,0.0,0.0,167,571,1950,leedeed01,United States
109,Andrew Levane,F-G,29,SYR,60,0.0,0.0,139,418,0.33299999999999996,0.0,0.0,0.0,139,418,0.33299999999999996,0.33299999999999996,54,85,0.635,0.0,0.0,0.0,156,0.0,0.0,0.0,106,332,1950,levanan01,United States
110,Freddie Lewis,F-G,29,TOT,34,0.0,0.0,46,184,0.25,0.0,0.0,0.0,46,184,0.25,0.25,25,32,0.7809999999999999,0.0,0.0,0.0,25,0.0,0.0,0.0,40,117,1950,lewisfr01,United States
111,Ron Livingstone,C,24,TOT,54,0.0,0.0,163,579,0.282,0.0,0.0,0.0,163,579,0.282,0.282,122,177,0.6890000000000001,0.0,0.0,0.0,141,0.0,0.0,0.0,260,448,1950,livinro01,United States
112,John Logan,G,29,STB,62,0.0,0.0,251,759,0.331,0.0,0.0,0.0,251,759,0.331,0.331,253,323,0.7829999999999999,0.0,0.0,0.0,240,0.0,0.0,0.0,206,755,1950,loganjo01,United States
113,Ray Lumpp,G,26,NYK,58,0.0,0.0,91,283,0.322,0.0,0.0,0.0,91,283,0.322,0.322,86,108,0.7959999999999999,0.0,0.0,0.0,90,0.0,0.0,0.0,117,268,1950,lumppra01,United States
114,Ed Macauley,C-F,21,STB,67,0.0,0.0,351,882,0.39799999999999996,0.0,0.0,0.0,351,882,0.39799999999999996,0.39799999999999996,379,528,0.718,0.0,0.0,0.0,200,0.0,0.0,0.0,221,1081,1950,macaued01,United States
115,Johnny Macknowski,G-F,27,SYR,59,0.0,0.0,154,463,0.33299999999999996,0.0,0.0,0.0,154,463,0.33299999999999996,0.33299999999999996,131,178,0.736,0.0,0.0,0.0,65,0.0,0.0,0.0,128,439,1950,macknjo01,United States
116,John Mahnken,C,27,TOT,62,0.0,0.0,132,495,0.267,0.0,0.0,0.0,132,495,0.267,0.267,77,115,0.67,0.0,0.0,0.0,108,0.0,0.0,0.0,231,341,1950,mahnkjo01,United States
117,John Mandic,F-C,30,TOT,25,0.0,0.0,22,75,0.293,0.0,0.0,0.0,22,75,0.293,0.293,22,32,0.688,0.0,0.0,0.0,8,0.0,0.0,0.0,54,66,1950,mandijo01,United States
118,Slater Martin,PG,24,MNL,67,0.0,0.0,106,302,0.35100000000000003,0.0,0.0,0.0,106,302,0.35100000000000003,0.35100000000000003,59,93,0.634,0.0,0.0,0.0,148,0.0,0.0,0.0,162,271,1950,martisl01,United States
119,Ariel Maughan,F,26,STB,68,0.0,0.0,160,574,0.27899999999999997,0.0,0.0,0.0,160,574,0.27899999999999997,0.27899999999999997,157,205,0.7659999999999999,0.0,0.0,0.0,101,0.0,0.0,0.0,174,477,1950,maughar01,United States
120,Matt Mazza,F,26,SHE,26,0.0,0.0,33,110,0.3,0.0,0.0,0.0,33,110,0.3,0.3,32,45,0.711,0.0,0.0,0.0,29,0.0,0.0,0.0,34,98,1950,mazzama01,United States
121,Mike McCarron,G,27,TOT,8,0.0,0.0,3,15,0.2,0.0,0.0,0.0,3,15,0.2,0.2,3,5,0.6,0.0,0.0,0.0,3,0.0,0.0,0.0,5,9,1950,mccarmi01,United States
122,Dick McGuire,PG,24,NYK,68,0.0,0.0,190,563,0.337,0.0,0.0,0.0,190,563,0.337,0.337,204,313,0.652,0.0,0.0,0.0,386,0.0,0.0,0.0,160,584,1950,mcguidi01,United States
123,Bones McKinney,SF,31,WSC,53,0.0,0.0,187,631,0.29600000000000004,0.0,0.0,0.0,187,631,0.29600000000000004,0.29600000000000004,118,152,0.7759999999999999,0.0,0.0,0.0,88,0.0,0.0,0.0,185,492,1950,mckinbo01,United States
124,Mal McMullen,F-C,22,INO,58,0.0,0.0,123,380,0.324,0.0,0.0,0.0,123,380,0.324,0.324,77,141,0.546,0.0,0.0,0.0,87,0.0,0.0,0.0,212,323,1950,mcmulma01,United States
125,Dick Mehen,PF,27,WAT,62,0.0,0.0,347,826,0.42,0.0,0.0,0.0,347,826,0.42,0.42,198,281,0.705,0.0,0.0,0.0,191,0.0,0.0,0.0,203,892,1950,mehendi01,United States
126,Ken Menke,G,27,WAT,6,0.0,0.0,6,17,0.353,0.0,0.0,0.0,6,17,0.353,0.353,3,8,0.375,0.0,0.0,0.0,7,0.0,0.0,0.0,7,15,1950,menkeke01,United States
127,Stan Miasek,C-F,26,CHS,68,0.0,0.0,176,462,0.381,0.0,0.0,0.0,176,462,0.381,0.381,146,221,0.6609999999999999,0.0,0.0,0.0,75,0.0,0.0,0.0,264,498,1950,miasest01,United States
128,Ed Mikan,C,24,TOT,65,0.0,0.0,89,321,0.27699999999999997,0.0,0.0,0.0,89,321,0.27699999999999997,0.27699999999999997,92,120,0.767,0.0,0.0,0.0,42,0.0,0.0,0.0,143,270,1950,mikaned01,United States
129,George Mikan,C,25,MNL,68,0.0,0.0,649,1595,0.40700000000000003,0.0,0.0,0.0,649,1595,0.40700000000000003,0.40700000000000003,567,728,0.779,0.0,0.0,0.0,197,0.0,0.0,0.0,297,1865,1950,mikange01,United States
130,Vern Mikkelsen,PF,21,MNL,68,0.0,0.0,288,722,0.39899999999999997,0.0,0.0,0.0,288,722,0.39899999999999997,0.39899999999999997,215,286,0.752,0.0,0.0,0.0,123,0.0,0.0,0.0,222,791,1950,mikkeve01,United States
131,Al Miksis,C,21,WAT,8,0.0,0.0,5,21,0.23800000000000002,0.0,0.0,0.0,5,21,0.23800000000000002,0.23800000000000002,17,21,0.81,0.0,0.0,0.0,4,0.0,0.0,0.0,22,27,1950,miksial01,United States
132,Murray Mitchell,C,26,AND,2,0.0,0.0,1,3,0.33299999999999996,0.0,0.0,0.0,1,3,0.33299999999999996,0.33299999999999996,0,0,0.0,0.0,0.0,0.0,2,0.0,0.0,0.0,1,2,1950,mitchmu01,United States
133,Leo Mogus,F-C,28,PHW,64,0.0,0.0,172,434,0.396,0.0,0.0,0.0,172,434,0.396,0.396,218,300,0.727,0.0,0.0,0.0,99,0.0,0.0,0.0,169,562,1950,mogusle01,United States
134,Max Morris,F-C,24,SHE,62,0.0,0.0,252,694,0.363,0.0,0.0,0.0,252,694,0.363,0.363,277,415,0.667,0.0,0.0,0.0,194,0.0,0.0,0.0,172,781,1950,morrima01,United States
135,Joe Mullaney,G,25,BOS,37,0.0,0.0,9,70,0.129,0.0,0.0,0.0,9,70,0.129,0.129,12,15,0.8,0.0,0.0,0.0,52,0.0,0.0,0.0,30,30,1950,mullajo01,United States
136,Jerry Nagel,G,21,FTW,14,0.0,0.0,6,28,0.214,0.0,0.0,0.0,6,28,0.214,0.214,1,4,0.25,0.0,0.0,0.0,18,0.0,0.0,0.0,11,13,1950,nagelje01,United States
137,Jack Nichols,PF,23,TOT,67,0.0,0.0,310,848,0.366,0.0,0.0,0.0,310,848,0.366,0.366,259,344,0.753,0.0,0.0,0.0,142,0.0,0.0,0.0,179,879,1950,nichoja01,United States
138,Richie Niemiera,G-F,28,TOT,60,0.0,0.0,110,350,0.314,0.0,0.0,0.0,110,350,0.314,0.314,104,139,0.748,0.0,0.0,0.0,116,0.0,0.0,0.0,77,324,1950,niemiri01,United States
139,Paul Noel,F,25,NYK,65,0.0,0.0,98,291,0.337,0.0,0.0,0.0,98,291,0.337,0.337,53,87,0.609,0.0,0.0,0.0,67,0.0,0.0,0.0,132,249,1950,noelpa01,United States
140,Jim Nolan,C,22,PHW,5,0.0,0.0,4,21,0.19,0.0,0.0,0.0,4,21,0.19,0.19,0,0,0.0,0.0,0.0,0.0,4,0.0,0.0,0.0,14,8,1950,nolanji01,United States
141,Johnny Norlander,F,28,WSC,40,0.0,0.0,99,293,0.33799999999999997,0.0,0.0,0.0,99,293,0.33799999999999997,0.33799999999999997,53,85,0.624,0.0,0.0,0.0,33,0.0,0.0,0.0,71,251,1950,norlajo01,United States
142,George Nostrand,C-F,26,TOT,55,0.0,0.0,78,255,0.306,0.0,0.0,0.0,78,255,0.306,0.306,56,99,0.5660000000000001,0.0,0.0,0.0,29,0.0,0.0,0.0,118,212,1950,nostrge01,United States
143,Mike Novak,C-F,34,TOT,60,0.0,0.0,37,149,0.248,0.0,0.0,0.0,37,149,0.248,0.248,25,47,0.532,0.0,0.0,0.0,61,0.0,0.0,0.0,139,99,1950,novakmi01,United States
144,Dermie O'Connell,G,21,TOT,61,0.0,0.0,111,425,0.261,0.0,0.0,0.0,111,425,0.261,0.261,47,89,0.528,0.0,0.0,0.0,91,0.0,0.0,0.0,91,269,1950,oconnde01,United States
145,Andy O'Donnell,G,24,BLB,25,0.0,0.0,38,108,0.35200000000000004,0.0,0.0,0.0,38,108,0.35200000000000004,0.35200000000000004,14,18,0.778,0.0,0.0,0.0,17,0.0,0.0,0.0,32,90,1950,odonnan01,United States
146,Dick O'Keefe,G-F,26,WSC,68,0.0,0.0,162,529,0.306,0.0,0.0,0.0,162,529,0.306,0.306,150,203,0.7390000000000001,0.0,0.0,0.0,74,0.0,0.0,0.0,247,474,1950,okeefdi01,United States
147,John Oldham,G,26,FTW,59,0.0,0.0,127,426,0.298,0.0,0.0,0.0,127,426,0.298,0.298,103,145,0.71,0.0,0.0,0.0,99,0.0,0.0,0.0,192,357,1950,oldhajo01,United States
148,Gene Ollrich,G,27,WAT,14,0.0,0.0,17,72,0.23600000000000002,0.0,0.0,0.0,17,72,0.23600000000000002,0.23600000000000002,10,14,0.7140000000000001,0.0,0.0,0.0,24,0.0,0.0,0.0,34,44,1950,ollrige01,United States
149,Johnny Orr,F,22,TOT,34,0.0,0.0,40,118,0.33899999999999997,0.0,0.0,0.0,40,118,0.33899999999999997,0.33899999999999997,12,14,0.857,0.0,0.0,0.0,20,0.0,0.0,0.0,34,92,1950,orrjo01,United States
150,Don Otten,C,28,TOT,64,0.0,0.0,242,648,0.373,0.0,0.0,0.0,242,648,0.373,0.373,341,463,0.737,0.0,0.0,0.0,91,0.0,0.0,0.0,246,825,1950,ottendo01,United States
151,Mac Otten,F-C,24,TOT,59,0.0,0.0,51,155,0.32899999999999996,0.0,0.0,0.0,51,155,0.32899999999999996,0.32899999999999996,40,81,0.494,0.0,0.0,0.0,36,0.0,0.0,0.0,119,142,1950,ottenma01,United States
152,Red Owens,SG,24,TOT,61,0.0,0.0,86,288,0.299,0.0,0.0,0.0,86,288,0.299,0.299,68,101,0.6729999999999999,0.0,0.0,0.0,73,0.0,0.0,0.0,152,240,1950,owensre01,United States
153,Easy Parham,F-G,28,STB,66,0.0,0.0,137,421,0.325,0.0,0.0,0.0,137,421,0.325,0.325,88,178,0.494,0.0,0.0,0.0,132,0.0,0.0,0.0,158,362,1950,parhaea01,United States
154,Jack Parkinson,G,25,INO,4,0.0,0.0,1,12,0.083,0.0,0.0,0.0,1,12,0.083,0.083,1,1,1.0,0.0,0.0,0.0,2,0.0,0.0,0.0,3,3,1950,parkija01,United States
155,Charlie Parsley,G,24,PHW,9,0.0,0.0,8,31,0.258,0.0,0.0,0.0,8,31,0.258,0.258,6,7,0.857,0.0,0.0,0.0,8,0.0,0.0,0.0,7,22,1950,parslch01,United States
156,Stan Patrick,F-G,27,TOT,53,0.0,0.0,116,294,0.395,0.0,0.0,0.0,116,294,0.395,0.395,89,147,0.605,0.0,0.0,0.0,74,0.0,0.0,0.0,76,321,1950,patrist01,United States
157,Johnny Payak,SG,23,TOT,52,0.0,0.0,98,331,0.29600000000000004,0.0,0.0,0.0,98,331,0.29600000000000004,0.29600000000000004,121,173,0.6990000000000001,0.0,0.0,0.0,86,0.0,0.0,0.0,113,317,1950,payakjo01,United States
158,Warren Perkins,G-F,27,TRI,60,0.0,0.0,128,422,0.303,0.0,0.0,0.0,128,422,0.303,0.303,115,195,0.59,0.0,0.0,0.0,114,0.0,0.0,0.0,260,371,1950,perkiwa01,United States
159,Ed Peterson,C,25,SYR,62,0.0,0.0,167,390,0.428,0.0,0.0,0.0,167,390,0.428,0.428,111,185,0.6,0.0,0.0,0.0,33,0.0,0.0,0.0,198,445,1950,petered01,United States
160,Jack Phelan,F,24,TOT,55,0.0,0.0,87,268,0.325,0.0,0.0,0.0,87,268,0.325,0.325,52,90,0.578,0.0,0.0,0.0,57,0.0,0.0,0.0,151,226,1950,phelaja01,United States
161,Andy Phillip,G-F,27,CHS,65,0.0,0.0,284,814,0.349,0.0,0.0,0.0,284,814,0.349,0.349,190,270,0.7040000000000001,0.0,0.0,0.0,377,0.0,0.0,0.0,210,758,1950,phillan01,United States
162,Jim Pollard,SF,27,MNL,66,0.0,0.0,394,1140,0.34600000000000003,0.0,0.0,0.0,394,1140,0.34600000000000003,0.34600000000000003,185,242,0.764,0.0,0.0,0.0,252,0.0,0.0,0.0,143,973,1950,pollaji01,United States
163,John Pritchard,C,23,WAT,7,0.0,0.0,9,29,0.31,0.0,0.0,0.0,9,29,0.31,0.31,4,11,0.364,0.0,0.0,0.0,8,0.0,0.0,0.0,14,22,1950,pritcjo01,United States
164,Les Pugh,C-F,27,BLB,56,0.0,0.0,68,273,0.249,0.0,0.0,0.0,68,273,0.249,0.249,115,136,0.846,0.0,0.0,0.0,16,0.0,0.0,0.0,118,251,1950,pughle01,United States
165,Don Putman,G,27,STB,57,0.0,0.0,51,200,0.255,0.0,0.0,0.0,51,200,0.255,0.255,33,52,0.635,0.0,0.0,0.0,90,0.0,0.0,0.0,116,135,1950,putnado01,United States
166,George Ratkovicz,PF,27,SYR,62,0.0,0.0,162,439,0.369,0.0,0.0,0.0,162,439,0.369,0.369,211,348,0.606,0.0,0.0,0.0,124,0.0,0.0,0.0,201,535,1950,ratkoge01,United States
167,Don Ray,F-C,28,TRI,61,0.0,0.0,130,403,0.32299999999999995,0.0,0.0,0.0,130,403,0.32299999999999995,0.32299999999999995,104,149,0.698,0.0,0.0,0.0,60,0.0,0.0,0.0,147,364,1950,raydo01,United States
168,Chick Reiser,G-F,35,WSC,67,0.0,0.0,197,646,0.305,0.0,0.0,0.0,197,646,0.305,0.305,212,254,0.835,0.0,0.0,0.0,174,0.0,0.0,0.0,223,606,1950,reisech01,United States
169,Arnie Risen,C,25,ROC,62,0.0,0.0,206,598,0.344,0.0,0.0,0.0,206,598,0.344,0.344,213,321,0.664,0.0,0.0,0.0,92,0.0,0.0,0.0,228,625,1950,risenar01,United States
170,Tex Ritter,G-F,25,NYK,62,0.0,0.0,100,297,0.337,0.0,0.0,0.0,100,297,0.337,0.337,125,176,0.71,0.0,0.0,0.0,51,0.0,0.0,0.0,101,325,1950,rittete01,United States
171,Bill Roberts,C,24,STB,67,0.0,0.0,77,222,0.34700000000000003,0.0,0.0,0.0,77,222,0.34700000000000003,0.34700000000000003,28,39,0.718,0.0,0.0,0.0,24,0.0,0.0,0.0,90,182,1950,roberbi01,United States
172,Red Rocha,C,26,STB,65,0.0,0.0,275,679,0.405,0.0,0.0,0.0,275,679,0.405,0.405,220,313,0.703,0.0,0.0,0.0,155,0.0,0.0,0.0,257,770,1950,rochare01,United States
173,Kenny Rollins,PG,26,CHS,66,0.0,0.0,144,421,0.342,0.0,0.0,0.0,144,421,0.342,0.342,66,89,0.742,0.0,0.0,0.0,131,0.0,0.0,0.0,129,354,1950,rollike01,United States
174,Bob Royer,G,22,DNN,42,0.0,0.0,78,231,0.33799999999999997,0.0,0.0,0.0,78,231,0.33799999999999997,0.33799999999999997,41,58,0.7070000000000001,0.0,0.0,0.0,85,0.0,0.0,0.0,72,197,1950,royerbo01,United States
175,Jerry Rullo,G,26,PHW,4,0.0,0.0,3,9,0.33299999999999996,0.0,0.0,0.0,3,9,0.33299999999999996,0.33299999999999996,1,1,1.0,0.0,0.0,0.0,2,0.0,0.0,0.0,2,7,1950,rulloje01,United States
176,Ed Sadowski,C,32,TOT,69,0.0,0.0,299,922,0.324,0.0,0.0,0.0,299,922,0.324,0.324,274,373,0.735,0.0,0.0,0.0,136,0.0,0.0,0.0,244,872,1950,sadowed01,United States
177,Kenny Sailors,G,29,DNN,57,0.0,0.0,329,944,0.349,0.0,0.0,0.0,329,944,0.349,0.349,329,456,0.721,0.0,0.0,0.0,229,0.0,0.0,0.0,242,987,1950,sailoke01,United States
178,Pep Saul,SG,25,ROC,49,0.0,0.0,74,183,0.40399999999999997,0.0,0.0,0.0,74,183,0.40399999999999997,0.40399999999999997,34,47,0.723,0.0,0.0,0.0,28,0.0,0.0,0.0,33,182,1950,saulpe01,United States
179,Herm Schaefer,G-F,31,MNL,65,0.0,0.0,122,314,0.389,0.0,0.0,0.0,122,314,0.389,0.389,86,101,0.851,0.0,0.0,0.0,203,0.0,0.0,0.0,104,330,1950,schaehe01,United States
180,Marv Schatzman,F,22,BLB,34,0.0,0.0,43,174,0.247,0.0,0.0,0.0,43,174,0.247,0.247,29,50,0.58,0.0,0.0,0.0,38,0.0,0.0,0.0,49,115,1950,schatma01,United States
181,Fred Schaus,F,24,FTW,68,0.0,0.0,351,996,0.35200000000000004,0.0,0.0,0.0,351,996,0.35200000000000004,0.35200000000000004,270,330,0.818,0.0,0.0,0.0,176,0.0,0.0,0.0,232,972,1950,schaufr01,United States
182,Dolph Schayes,F-C,21,SYR,64,0.0,0.0,348,903,0.385,0.0,0.0,0.0,348,903,0.385,0.385,376,486,0.774,0.0,0.0,0.0,259,0.0,0.0,0.0,225,1072,1950,schaydo01,United States
183,Milt Schoon,C,27,SHE,62,0.0,0.0,150,366,0.41,0.0,0.0,0.0,150,366,0.41,0.41,196,300,0.653,0.0,0.0,0.0,84,0.0,0.0,0.0,190,496,1950,schoomi01,United States
184,Howie Schultz,PF,27,TOT,67,0.0,0.0,179,671,0.267,0.0,0.0,0.0,179,671,0.267,0.267,196,282,0.695,0.0,0.0,0.0,169,0.0,0.0,0.0,244,554,1950,schulho01,United States
185,Dick Schulz,F-G,33,TOT,50,0.0,0.0,63,212,0.297,0.0,0.0,0.0,63,212,0.297,0.297,83,110,0.755,0.0,0.0,0.0,66,0.0,0.0,0.0,106,209,1950,schuldi01,United States
186,Fred Scolari,PG,27,WSC,66,0.0,0.0,312,910,0.34299999999999997,0.0,0.0,0.0,312,910,0.34299999999999997,0.34299999999999997,236,287,0.8220000000000001,0.0,0.0,0.0,175,0.0,0.0,0.0,181,860,1950,scolafr01,United States
187,Wayne See,G,26,WAT,61,0.0,0.0,113,303,0.373,0.0,0.0,0.0,113,303,0.373,0.373,94,135,0.696,0.0,0.0,0.0,143,0.0,0.0,0.0,147,320,1950,seewa01,United States
188,Glen Selbo,G-F,23,SHE,13,0.0,0.0,10,51,0.196,0.0,0.0,0.0,10,51,0.196,0.196,22,29,0.759,0.0,0.0,0.0,23,0.0,0.0,0.0,15,42,1950,selbogl01,United States
189,Rollie Seltz,G-F,26,AND,34,0.0,0.0,93,309,0.301,0.0,0.0,0.0,93,309,0.301,0.301,80,104,0.769,0.0,0.0,0.0,64,0.0,0.0,0.0,72,266,1950,seltzro01,United States
190,Jim Seminoff,G-F,27,BOS,65,0.0,0.0,85,283,0.3,0.0,0.0,0.0,85,283,0.3,0.3,142,188,0.755,0.0,0.0,0.0,249,0.0,0.0,0.0,154,312,1950,seminji01,United States
191,George Senesky,PG,27,PHW,68,0.0,0.0,227,709,0.32,0.0,0.0,0.0,227,709,0.32,0.32,157,223,0.7040000000000001,0.0,0.0,0.0,264,0.0,0.0,0.0,164,611,1950,senesge01,United States
192,Paul Seymour,G-F,22,SYR,62,0.0,0.0,175,524,0.33399999999999996,0.0,0.0,0.0,175,524,0.33399999999999996,0.33399999999999996,126,176,0.716,0.0,0.0,0.0,189,0.0,0.0,0.0,157,476,1950,seymopa01,United States
193,Carl Shaeffer,F-G,25,INO,43,0.0,0.0,59,160,0.369,0.0,0.0,0.0,59,160,0.369,0.369,32,57,0.561,0.0,0.0,0.0,40,0.0,0.0,0.0,103,150,1950,shaefca01,United States
194,Howie Shannon,G-F,26,BOS,67,0.0,0.0,222,646,0.344,0.0,0.0,0.0,222,646,0.344,0.344,143,182,0.7859999999999999,0.0,0.0,0.0,174,0.0,0.0,0.0,148,587,1950,shannho01,United States
195,Charley Shipp,G-F,36,WAT,23,0.0,0.0,35,137,0.255,0.0,0.0,0.0,35,137,0.255,0.255,37,51,0.725,0.0,0.0,0.0,46,0.0,0.0,0.0,46,107,1950,shippch01,United States
196,Connie Simmons,C-F,24,NYK,60,0.0,0.0,241,729,0.331,0.0,0.0,0.0,241,729,0.331,0.331,198,299,0.662,0.0,0.0,0.0,102,0.0,0.0,0.0,203,680,1950,simmoco01,United States
197,Belus Smawley,SG,31,STB,61,0.0,0.0,287,832,0.345,0.0,0.0,0.0,287,832,0.345,0.345,260,314,0.828,0.0,0.0,0.0,215,0.0,0.0,0.0,160,834,1950,smawlbe01,United States
198,Jack Smiley,F-G,27,TOT,59,0.0,0.0,98,364,0.26899999999999996,0.0,0.0,0.0,98,364,0.26899999999999996,0.26899999999999996,136,201,0.677,0.0,0.0,0.0,161,0.0,0.0,0.0,193,332,1950,smileja01,United States
199,Chips Sobek,G-F,29,SHE,60,0.0,0.0,95,251,0.37799999999999995,0.0,0.0,0.0,95,251,0.37799999999999995,0.37799999999999995,156,205,0.7609999999999999,0.0,0.0,0.0,95,0.0,0.0,0.0,158,346,1950,sobekch01,United States
200,Odie Spears,SF,25,CHS,68,0.0,0.0,277,775,0.35700000000000004,0.0,0.0,0.0,277,775,0.35700000000000004,0.35700000000000004,158,230,0.687,0.0,0.0,0.0,159,0.0,0.0,0.0,250,712,1950,spearod01,United States
201,Art Spector,F,29,BOS,7,0.0,0.0,2,12,0.16699999999999998,0.0,0.0,0.0,2,12,0.16699999999999998,0.16699999999999998,1,4,0.25,0.0,0.0,0.0,3,0.0,0.0,0.0,4,5,1950,spectar01,United States
202,Ed Stanczak,F,28,AND,57,0.0,0.0,159,456,0.349,0.0,0.0,0.0,159,456,0.349,0.349,203,270,0.752,0.0,0.0,0.0,67,0.0,0.0,0.0,166,521,1950,stanced01,United States
203,Gene Stump,F-G,26,TOT,49,0.0,0.0,63,213,0.29600000000000004,0.0,0.0,0.0,63,213,0.29600000000000004,0.29600000000000004,37,54,0.685,0.0,0.0,0.0,44,0.0,0.0,0.0,59,163,1950,stumpge01,United States
204,Mike Todorovich,F-C,26,TOT,65,0.0,0.0,263,852,0.309,0.0,0.0,0.0,263,852,0.309,0.309,266,370,0.7190000000000001,0.0,0.0,0.0,207,0.0,0.0,0.0,230,792,1950,todormi01,United States
205,Jack Toomay,C-F,27,DNN,62,0.0,0.0,204,514,0.397,0.0,0.0,0.0,204,514,0.397,0.397,186,264,0.705,0.0,0.0,0.0,94,0.0,0.0,0.0,213,594,1950,toomaja01,United States
206,Bob Tough,G-F,29,TOT,29,0.0,0.0,43,153,0.281,0.0,0.0,0.0,43,153,0.281,0.281,27,40,0.675,0.0,0.0,0.0,38,0.0,0.0,0.0,40,113,1950,toughbo01,United States
207,Blackie Towery,F-C,29,BLB,68,0.0,0.0,222,678,0.327,0.0,0.0,0.0,222,678,0.327,0.327,153,202,0.757,0.0,0.0,0.0,142,0.0,0.0,0.0,244,597,1950,towerbl01,United States
208,Dick Triptow,G-F,27,BLB,4,0.0,0.0,0,5,0.0,0.0,0.0,0.0,0,5,0.0,0.0,2,2,1.0,0.0,0.0,0.0,1,0.0,0.0,0.0,5,2,1950,triptdi01,United States
209,Butch van Breda Kolff,G-F,27,NYK,56,0.0,0.0,55,167,0.32899999999999996,0.0,0.0,0.0,55,167,0.32899999999999996,0.32899999999999996,96,134,0.716,0.0,0.0,0.0,78,0.0,0.0,0.0,111,206,1950,vanbrbu01,United States
210,Gene Vance,G-F,26,TRI,35,0.0,0.0,110,325,0.33799999999999997,0.0,0.0,0.0,110,325,0.33799999999999997,0.33799999999999997,86,120,0.7170000000000001,0.0,0.0,0.0,121,0.0,0.0,0.0,145,306,1950,vancege01,United States
211,Ernie Vandeweghe,F-G,21,NYK,42,0.0,0.0,164,390,0.42100000000000004,0.0,0.0,0.0,164,390,0.42100000000000004,0.42100000000000004,93,140,0.664,0.0,0.0,0.0,78,0.0,0.0,0.0,126,421,1950,vandeer01,Canada
212,Floyd Volker,F-C,28,TOT,54,0.0,0.0,163,527,0.309,0.0,0.0,0.0,163,527,0.309,0.309,71,129,0.55,0.0,0.0,0.0,112,0.0,0.0,0.0,169,397,1950,volkefl01,United States
213,Whitey Von Nieda,G-F,27,TOT,59,0.0,0.0,120,336,0.35700000000000004,0.0,0.0,0.0,120,336,0.35700000000000004,0.35700000000000004,73,115,0.635,0.0,0.0,0.0,143,0.0,0.0,0.0,127,313,1950,vonniwh01,United States
214,Clint Wager,C-F,30,FTW,63,0.0,0.0,57,203,0.281,0.0,0.0,0.0,57,203,0.281,0.281,29,47,0.617,0.0,0.0,0.0,90,0.0,0.0,0.0,175,143,1950,wagercl01,United States
215,Danny Wagner,G,27,SHE,11,0.0,0.0,19,54,0.35200000000000004,0.0,0.0,0.0,19,54,0.35200000000000004,0.35200000000000004,31,35,0.8859999999999999,0.0,0.0,0.0,18,0.0,0.0,0.0,22,69,1950,wagneda01,United States
216,Brady Walker,PF,28,BOS,68,0.0,0.0,218,583,0.374,0.0,0.0,0.0,218,583,0.374,0.374,72,114,0.632,0.0,0.0,0.0,109,0.0,0.0,0.0,100,508,1950,walkebr01,United States
217,Paul Walther,SG,22,TOT,53,0.0,0.0,114,290,0.39299999999999996,0.0,0.0,0.0,114,290,0.39299999999999996,0.39299999999999996,63,109,0.578,0.0,0.0,0.0,56,0.0,0.0,0.0,123,291,1950,walthpa01,United States
218,Bobby Wanzer,G,28,ROC,67,0.0,0.0,254,614,0.414,0.0,0.0,0.0,254,614,0.414,0.414,283,351,0.8059999999999999,0.0,0.0,0.0,214,0.0,0.0,0.0,102,791,1950,wanzebo01,United States
219,Murray Wier,G,23,TRI,56,0.0,0.0,157,480,0.327,0.0,0.0,0.0,157,480,0.327,0.327,115,166,0.693,0.0,0.0,0.0,107,0.0,0.0,0.0,141,429,1950,wiermu01,United States
220,D.C. Wilcutt,G,26,STB,37,0.0,0.0,24,73,0.32899999999999996,0.0,0.0,0.0,24,73,0.32899999999999996,0.32899999999999996,29,42,0.69,0.0,0.0,0.0,49,0.0,0.0,0.0,27,77,1950,wilcudc01,United States
221,Bob Wood,G,28,SHE,6,0.0,0.0,3,14,0.214,0.0,0.0,0.0,3,14,0.214,0.214,1,1,1.0,0.0,0.0,0.0,1,0.0,0.0,0.0,6,7,1950,woodbo01,United States
222,Max Zaslofsky,SG,24,CHS,68,0.0,0.0,397,1132,0.35100000000000003,0.0,0.0,0.0,397,1132,0.35100000000000003,0.35100000000000003,321,381,0.843,0.0,0.0,0.0,155,0.0,0.0,0.0,185,1115,1950,zasloma01,United States
